-- phpMyAdmin SQL Dump
-- version 4.9.0.1
-- https://www.phpmyadmin.net/
--
-- Hôte : localhost
-- Généré le :  lun. 16 sep. 2019 à 17:59
-- Version du serveur :  5.7.9
-- Version de PHP :  7.2.19

SET SQL_MODE = "NO_AUTO_VALUE_ON_ZERO";
SET AUTOCOMMIT = 0;
START TRANSACTION;
SET time_zone = "+00:00";


/*!40101 SET @OLD_CHARACTER_SET_CLIENT=@@CHARACTER_SET_CLIENT */;
/*!40101 SET @OLD_CHARACTER_SET_RESULTS=@@CHARACTER_SET_RESULTS */;
/*!40101 SET @OLD_COLLATION_CONNECTION=@@COLLATION_CONNECTION */;
/*!40101 SET NAMES utf8mb4 */;

--
-- Base de données :  `pogopiV2`
--

-- --------------------------------------------------------

--
-- Structure de la table `abilitie`
--

CREATE TABLE `abilitie` (
  `id` int(3) UNSIGNED DEFAULT NULL,
  `lang` varchar(3) COLLATE utf8mb4_unicode_ci DEFAULT NULL,
  `description` varchar(255) COLLATE utf8mb4_unicode_ci DEFAULT NULL,
  `name` varchar(30) COLLATE utf8mb4_unicode_ci DEFAULT NULL
) ENGINE=InnoDB DEFAULT CHARSET=utf8mb4 COLLATE=utf8mb4_unicode_ci;

--
-- Déchargement des données de la table `abilitie`
--

INSERT INTO `abilitie` (`id`, `lang`, `description`, `name`) VALUES
(1, 'fr', 'Le Pokémon récupère progressivement des PV lorsqu’il pleut.', 'Cuvette'),
(1, 'en', 'The Pokémon gradually regains HP in rain.', 'Rain Dish'),
(2, 'fr', 'Augmente la puissance des capacités de type Feu du Pokémon quand il a perdu une certaine quantité de PV.', 'Brasier'),
(2, 'en', 'Powers up Fire-type moves when the Pokémon’s HP is low.', 'Blaze'),
(3, 'fr', 'Quand le soleil brille, l’Attaque Spéciale du Pokémon augmente mais il perd des PV à chaque tour.', 'Force Soleil'),
(3, 'en', 'Boosts the Sp. Atk stat in harsh sunlight, but HP decreases every turn.', 'Solar Power'),
(4, 'fr', 'Augmente la puissance des capacités de type Plante du Pokémon quand il a perdu une certaine quantité de PV.', 'Engrais'),
(4, 'en', 'Powers up Grass-type moves when the Pokémon’s HP is low.', 'Overgrow'),
(5, 'fr', 'Augmente la Vitesse du Pokémon s’il y a du soleil.', 'Chlorophylle'),
(5, 'en', 'Boosts the Pokémon’s Speed stat in harsh sunlight.', 'Chlorophyll'),
(6, 'fr', 'Augmente la puissance des capacités de type Eau du Pokémon quand il a perdu une certaine quantité de PV.', 'Torrent'),
(6, 'en', 'Powers up Water-type moves when the Pokémon’s HP is low.', 'Torrent'),
(7, 'fr', 'Permet de fuir n’importe quel Pokémon sauvage.', 'Fuite'),
(7, 'en', 'Enables a sure getaway from wild Pokémon.', 'Run Away'),
(8, 'fr', 'Le Pokémon détourne sur lui les capacités de type Électrik et les neutralise, tout en montant son Attaque Spéciale.', 'Paratonnerre'),
(8, 'en', 'The Pokémon draws in all Electric-type moves.  Instead of being hit by Electric-type moves,  it boosts its Sp. Atk.', 'Lightning Rod'),
(9, 'fr', 'Le Pokémon rugit lorsqu’il arrive au combat, ce qui intimide l’ennemi et baisse son Attaque.', 'Intimidation'),
(9, 'en', 'The Pokémon intimidates opposing Pokémon upon entering battle, lowering their Attack stat.', 'Intimidate'),
(10, 'fr', 'Le Pokémon déteste la concurrence et inflige plus de dégâts si l’ennemi est du même sexe. Par contre, il en inflige moins si l’ennemi est du sexe opposé.', 'Rivalité'),
(10, 'en', 'Becomes competitive and deals more damage to Pokémon of the same gender, but deals less to Pokémon of the opposite gender.', 'Rivalry'),
(11, 'fr', 'Augmente la Vitesse lors des tempêtes de sable.', 'Baigne Sable'),
(11, 'en', 'Boosts the Pokémon’s Speed stat in a sandstorm.', 'Sand Rush'),
(12, 'fr', 'Lorsque le Pokémon porte un coup critique, les dégâts infligés augmentent encore plus que d’habitude.', 'Sniper'),
(12, 'en', 'Powers up moves if they become critical hits when attacking.', 'Sniper'),
(13, 'fr', 'Augmente beaucoup l’Attaque Spéciale du Pokémon quand ses stats baissent.', 'Battant'),
(13, 'en', 'Boosts the Sp. Atk stat sharply when a stat is lowered.', 'Competitive'),
(14, 'fr', 'Fait stresser l’ennemi, ce qui l’empêche de manger des Baies.', 'Tension'),
(14, 'en', 'Unnerves opposing Pokémon and makes them unable to eat Berries.', 'Unnerve'),
(15, 'fr', 'Augmente l’Esquive du Pokémon s’il est confus.', 'Pieds Confus'),
(15, 'en', 'Raises evasion if the Pokémon is confused.', 'Tangled Feet'),
(16, 'fr', 'Le Pokémon soigne parfois ses altérations de statut en muant.', 'Mue'),
(16, 'en', 'The Pokémon may heal its own status conditions by shedding its skin.', 'Shed Skin'),
(17, 'fr', 'Permet à une capacité « pas très efficace » d’infliger des dégâts comme si elle était efficace normalement.', 'Lentiteintée'),
(17, 'en', 'The Pokémon can use “not very effective” moves to deal regular damage. ', 'Tinted Lens'),
(18, 'fr', 'Le Pokémon a un mental à toute épreuve qui empêche les capacités ennemies de lui faire peur.', 'Attention'),
(18, 'en', 'The Pokémon’s intensely focused, and that protects the Pokémon from flinching.', 'Inner Focus'),
(19, 'fr', 'Restaure un peu de PV si le Pokémon est retiré du combat.', 'Régé-Force'),
(19, 'en', 'Restores a little HP when withdrawn from battle.', 'Regenerator'),
(20, 'fr', 'Augmente l’Esquive du Pokémon lors des tempêtes de sable.', 'Voile Sable'),
(20, 'en', 'Boosts the Pokémon’s evasion in a sandstorm.', 'Sand Veil'),
(21, 'fr', 'Le Pokémon est protégé des coups critiques par sa carapace.', 'Coque Armure'),
(21, 'en', 'A hard shell protects the Pokémon from critical hits.', 'Shell Armor'),
(22, 'fr', 'Le Pokémon encaisse toujours au moins une attaque s’il a tous ses PV. Il est également immunisé contre les capacités pouvant mettre K.O. en un coup.', 'Fermeté'),
(22, 'en', 'It cannot be knocked out with one hit. One-hit KO moves cannot knock it out, either.', 'Sturdy'),
(23, 'fr', 'Le Pokémon se réveille deux fois plus rapidement que les autres.', 'Matinal'),
(23, 'en', 'The Pokémon awakens twice as fast as other Pokémon from sleep.', 'Early Bird'),
(24, 'fr', 'Peut brûler l’attaquant lorsque le Pokémon subit une attaque directe.', 'Corps Ardent'),
(24, 'en', 'Contact with the Pokémon may burn the attacker.', 'Flame Body'),
(25, 'fr', 'Augmente la Vitesse du Pokémon s’il pleut.', 'Glissade'),
(25, 'en', 'Boosts the Pokémon’s Speed stat in rain.', 'Swift Swim'),
(26, 'fr', 'Peut empoisonner l’ennemi par simple contact.', 'Toxitouche'),
(26, 'en', 'May poison a target when the Pokémon makes contact.', 'Poison Touch'),
(27, 'fr', 'Augmente la puissance des capacités occasionnant un contrecoup.', 'Téméraire'),
(27, 'en', 'Powers up moves that have recoil damage.', 'Reckless'),
(28, 'fr', 'Le Pokémon soigne ses altérations de statut en quittant le combat.', 'Médic Nature'),
(28, 'en', 'All status conditions heal when the Pokémon switches out.', 'Natural Cure'),
(29, 'fr', 'Quand le Pokémon met un ennemi K.O., sa confiance en lui ne connaît plus de limite et son Attaque augmente.', 'Impudence'),
(29, 'en', 'The Pokémon shows moxie, and that boosts the Attack stat after knocking out any Pokémon.', 'Moxie'),
(30, 'fr', 'Quand le Pokémon est touché par une capacité physique, sa Défense baisse mais sa Vitesse augmente beaucoup.', 'Armurouillée'),
(30, 'en', 'Physical attacks to the Pokémon lower its Defense stat but sharply raise its Speed stat.', 'Weak Armor'),
(31, 'fr', 'Le Pokémon compare la Défense et la Défense Spéciale de l’adversaire et augmente son Attaque ou son Attaque Spéciale en conséquence.', 'Télécharge'),
(31, 'en', 'Compares an opposing Pokémon’s Defense and Sp. Def stats before raising its own Attack or Sp. Atk stat—whichever will be more effective.', 'Download'),
(32, 'fr', 'Protège le Pokémon contre les altérations de statut quand le soleil brille.', 'Feuille Garde'),
(32, 'en', 'Prevents status conditions in harsh sunlight.', 'Leaf Guard'),
(33, 'fr', 'Force l’ennemi à dépenser plus de PP.', 'Pression'),
(33, 'en', 'By putting pressure on the opposing Pokémon, it raises their PP usage.', 'Pressure'),
(34, 'fr', 'Le Pokémon est incapable de dormir.', 'Insomnia'),
(34, 'en', 'The Pokémon is suffering from insomnia and cannot fall asleep.', 'Insomnia'),
(35, 'fr', 'Lorsque le Pokémon est touché par une capacité de type Feu, il absorbe la chaleur pour renforcer ses propres capacités Feu.', 'Torche'),
(35, 'en', 'Powers up the Pokémon’s Fire-type moves if it’s hit by one.', 'Flash Fire'),
(36, 'fr', 'Le Pokémon est naturellement immunisé contre toute forme de poison.', 'Vaccin'),
(36, 'en', 'The immune system of the Pokémon prevents it from getting poisoned.', 'Immunity'),
(37, 'fr', 'Si le Pokémon est touché par une capacité Électrik, il ne subit aucun dégât et regagne des PV à la place.', 'Absorb Volt'),
(37, 'en', 'Restores HP if hit by an Electric-type move, instead of taking damage.', 'Volt Absorb'),
(38, 'fr', 'Annule les effets des capacités de statut subies par le Pokémon et les retourne à l’envoyeur.', 'Miroir Magik'),
(38, 'en', 'Reflects status moves, instead of getting hit by them.', 'Magic Bounce'),
(39, 'fr', 'Peut séduire l’attaquant lorsque le Pokémon subit une attaque directe.', 'Joli Sourire'),
(39, 'en', 'Contact with the Pokémon may cause infatuation.', 'Cute Charm'),
(40, 'fr', 'Annule les attaques de type Plante subies par le Pokémon et augmente son Attaque.', 'Herbivore'),
(40, 'en', 'Boosts the Attack stat if hit by a Grass-type move, instead of taking damage.', 'Sap Sipper'),
(41, 'fr', 'L’Attaque Spéciale du Pokémon augmente si un Pokémon allié a le talent Minus ou Plus.', 'Plus'),
(41, 'en', 'Boosts the Sp. Atk stat of the Pokémon if an ally with the Plus or Minus Ability is also in battle.', 'Plus'),
(42, 'fr', 'Le Pokémon est tellement chanceux qu’il inflige plus fréquemment des coups critiques.', 'Chanceux'),
(42, 'en', 'The Pokémon is so lucky that the critical-hit ratios of its moves are boosted.', 'Super Luck'),
(43, 'fr', 'Soigne les altérations de statut du Pokémon quand il pleut.', 'Hydratation'),
(43, 'en', 'Heals status conditions if it’s raining.', 'Hydration'),
(44, 'fr', 'Le Pokémon invoque la pluie quand il entre au combat.', 'Crachin'),
(44, 'en', 'The Pokémon makes it rain when it enters a battle.', 'Drizzle'),
(45, 'fr', 'Les yeux à facettes du Pokémon augmentent sa Précision.', 'Œil Composé'),
(45, 'en', 'The Pokémon’s compound eyes boost its accuracy.', 'Compound Eyes'),
(46, 'fr', 'Traverse les barrières et les clones de l’ennemi pour attaquer directement.', 'Infiltration'),
(46, 'en', 'Passes through the opposing Pokémon’s barrier, substitute, and the like and strikes.', 'Infiltrator'),
(47, 'fr', 'Protège des dégâts occasionnés par les tempêtes de sable ou la grêle, et neutralise les attaques à base de poudre.', 'Envelocape'),
(47, 'en', 'Protects the Pokémon from things like sand, hail, and powder.', 'Overcoat'),
(48, 'fr', 'Augmente beaucoup une stat du Pokémon et en baisse une autre au hasard à chaque tour.', 'Lunatique'),
(48, 'en', 'Raises one stat sharply and lowers another every turn.', 'Moody'),
(49, 'fr', 'Vole l’objet que tient l’attaquant quand le Pokémon subit une attaque directe.', 'Pickpocket'),
(49, 'en', 'Steals an item from an attacker that made direct contact.', 'Pickpocket'),
(50, 'fr', 'Soigne parfois une altération de statut d’un allié proche.', 'Cœur Soin'),
(50, 'en', 'Sometimes heals an ally’s status condition.', 'Healer'),
(51, 'fr', 'Augmente la puissance des capacités les plus faibles.', 'Technicien'),
(51, 'en', 'Powers up the Pokémon’s weaker moves.', 'Technician'),
(52, 'fr', 'Le Pokémon augmente l’humidité de l’air, ce qui empêche tous les Pokémon d’utiliser des capacités explosives telles que Destruction.', 'Moiteur'),
(52, 'en', 'Prevents the use of explosive moves such as Self-Destruct by dampening its surroundings.', 'Damp'),
(53, 'fr', 'Le Pokémon vit sa vie à son propre rythme, ce qui l’immunise contre la confusion.', 'Tempo Perso'),
(53, 'en', 'This Pokémon has its own tempo, and that prevents it from becoming confused.', 'Own Tempo'),
(54, 'fr', 'Une puissance mystérieuse protège le Pokémon contre toutes les capacités, sauf celles « super efficaces ».', 'Garde Mystik'),
(54, 'en', 'Its mysterious power only lets supereffective moves hit the Pokémon.', 'Wonder Guard'),
(55, 'fr', 'Lorsque le Pokémon utilise une capacité, il passe le tour suivant à paresser.', 'Absentéisme'),
(55, 'en', 'The Pokémon can’t use a move the following turn if it uses one.', 'Truant'),
(56, 'fr', 'Le soleil se met à briller quand le Pokémon entre au combat.', 'Sécheresse'),
(56, 'en', 'Turns the sunlight harsh when the Pokémon enters a battle.', 'Drought'),
(57, 'fr', 'Le Pokémon devine si l’adversaire connaît une capacité dangereuse pour lui.', 'Anticipation'),
(57, 'en', 'The Pokémon can sense an opposing Pokémon’s dangerous moves.', 'Anticipation'),
(58, 'fr', 'Le Pokémon est protégé par une épaisse couche de graisse qui diminue de moitié les dégâts qu’il subit des capacités de types Feu et Glace.', 'Isograisse'),
(58, 'en', 'The Pokémon is protected by a layer of thick fat, which halves the damage taken from Fire- and Ice-type moves.', 'Thick Fat'),
(59, 'fr', 'Double le poids du Pokémon.', 'Heavy Metal'),
(59, 'en', 'Doubles the Pokémon’s weight.', 'Heavy Metal'),
(60, 'fr', 'Le Pokémon utilise toujours sa capacité en dernier.', 'Frein'),
(60, 'en', 'The Pokémon moves after all other Pokémon do.', 'Stall'),
(61, 'fr', 'Rend les capacités de statut prioritaires.', 'Farceur'),
(61, 'en', 'Gives priority to a status move.', 'Prankster'),
(62, 'fr', 'Inverse les changements de stats  => les augmentations de stats se transforment en baisses, et vice-versa.', 'Contestation'),
(62, 'en', 'Makes stat changes have an opposite effect.', 'Contrary'),
(63, 'fr', 'Les variations de stats sont deux fois plus importantes pour le Pokémon.', 'Simple'),
(63, 'en', 'The stat changes the Pokémon receives are doubled.', 'Simple'),
(64, 'fr', 'Blesse l’attaquant lorsque le Pokémon subit une attaque directe.', 'Peau Dure'),
(64, 'en', 'This Pokémon inflicts damage with its rough skin to the attacker on contact.', 'Rough Skin'),
(65, 'fr', 'Si le Pokémon est touché par une capacité Eau, il ne subit aucun dégât et regagne des PV à la place.', 'Absorb Eau'),
(65, 'en', 'Restores HP if hit by a Water-type move, instead of taking damage.', 'Water Absorb'),
(66, 'fr', 'Le voile qui recouvre le Pokémon le protège des brûlures.', 'Ignifu-Voile'),
(66, 'en', 'The Pokémon is covered with a water veil, which prevents the Pokémon from getting a burn.', 'Water Veil'),
(67, 'fr', 'Augmente l’Attaque du Pokémon s’il est affecté par une altération de statut.', 'Cran'),
(67, 'en', 'It’s so gutsy that having a status condition boosts the Pokémon’s Attack stat.', 'Guts'),
(68, 'fr', 'Le Pokémon anticipe et évite les attaques de ses alliés.', 'Télépathe'),
(68, 'en', 'Anticipates an ally’s attack and dodges it.', 'Telepathy'),
(69, 'fr', 'Seules les attaques peuvent blesser le Pokémon.', 'Garde Magik'),
(69, 'en', 'The Pokémon only takes damage from attacks.', 'Magic Guard'),
(70, 'fr', 'Le Pokémon flotte, ce qui l’immunise contre les capacités de type Sol.', 'Lévitation'),
(70, 'en', 'By floating in the air, the Pokémon receives full immunity to all Ground-type moves.', 'Levitate'),
(71, 'fr', 'Régénère les PV du Pokémon lors des tempêtes de grêle.', 'Corps Gel'),
(71, 'en', 'The Pokémon gradually regains HP in a hailstorm.', 'Ice Body'),
(72, 'fr', 'Le Pokémon prend le type Eau, Feu ou Glace en fonction de la météo.', 'Météo'),
(72, 'en', 'The Pokémon transforms with the weather to change its type to Water, Fire, or Ice.', 'Forecast'),
(73, 'fr', 'Le Pokémon prend le type de la capacité qu’il utilise.', 'Protéen'),
(73, 'en', 'Changes the Pokémon’s type to the type of the move it’s about to use.', 'Protean'),
(74, 'fr', 'Le Pokémon est protégé des coups critiques par une solide carapace.', 'Armurbaston'),
(74, 'en', 'Hard armor protects the Pokémon from critical hits.', 'Battle Armor'),
(75, 'fr', 'Déclenche une tempête de grêle quand le Pokémon entre au combat.', 'Alerte Neige'),
(75, 'en', 'The Pokémon summons a hailstorm when it enters a battle.', 'Snow Warning'),
(76, 'fr', 'Annule tous les effets de la météo.', 'Air Lock'),
(76, 'en', 'Eliminates the effects of weather.', 'Air Lock'),
(77, 'fr', 'Quand il attaque, le Pokémon ignore les changements de stats de l’ennemi.', 'Inconscient'),
(77, 'en', 'When attacking, the Pokémon ignores the target Pokémon’s stat changes.', 'Unaware'),
(78, 'fr', 'Si le Pokémon est touché par une capacité de type Ténèbres, Spectre ou Insecte, sa phobie se révèle et sa Vitesse augmente.', 'Phobique'),
(78, 'en', 'Dark-, Ghost-, and Bug-type moves scare the Pokémon and boost its Speed stat.', 'Rattled'),
(79, 'fr', 'Peut empoisonner l’attaquant lorsque le Pokémon subit une attaque directe.', 'Point Poison'),
(79, 'en', 'Contact with the Pokémon may poison the attacker.', 'Poison Point'),
(80, 'fr', 'Augmente la Vitesse du Pokémon quand il a peur.', 'Impassible'),
(80, 'en', 'The Pokémon’s determination boosts the Speed stat each time the Pokémon flinches.', 'Steadfast'),
(81, 'fr', 'Si le Pokémon tient une Baie à manger en cas de PV bas, il la mange dès qu’il a perdu la moitié de ses PV.', 'Gloutonnerie'),
(81, 'en', 'Makes the Pokémon eat a held Berry when its HP drops to half or less, which is sooner than usual.', 'Gluttony'),
(82, 'fr', 'Augmente la puissance des capacités de type Insecte du Pokémon quand il a perdu une certaine quantité de PV.', 'Essaim'),
(82, 'en', 'Powers up Bug-type moves when the Pokémon’s HP is low.', 'Swarm'),
(83, 'fr', 'Protège le Pokémon de toutes les capacités sonores.', 'Anti-Bruit'),
(83, 'en', 'Soundproofing of the Pokémon itself gives full  immunity to all sound-based moves.', 'Soundproof'),
(84, 'fr', 'Empêche le Pokémon de s’endormir.', 'Esprit Vital'),
(84, 'en', 'The Pokémon is full of vitality, and that prevents it from falling asleep.', 'Vital Spirit'),
(85, 'fr', 'Les capacités pouvant frapper plusieurs fois frappent toujours le nombre maximum de coups.', 'Multi-Coups'),
(85, 'en', 'Maximizes the number of times multi-strike moves hit.', 'Skill Link'),
(86, 'fr', 'Le Pokémon regagne des PV sous la pluie ou s’il est touché par une capacité Eau, mais il déteste les capacités Feu ou quand le soleil brille.', 'Peau Sèche'),
(86, 'en', 'Restores HP in rain or when hit by Water-type moves. Reduces HP in harsh sunlight, and increases the damage received from Fire-type moves.', 'Dry Skin'),
(87, 'fr', 'Augmente la Vitesse du Pokémon en cas d’altération de statut.', 'Pied Véloce'),
(87, 'en', 'Boosts the Speed stat if the Pokémon has a status condition.', 'Quick Feet'),
(88, 'fr', 'Permet aux capacités de type Normal ou Combat du Pokémon de toucher les Pokémon de type Spectre.', 'Querelleur'),
(88, 'en', 'The Pokémon can hit Ghost-type Pokémon with Normal- and Fighting-type moves.', 'Scrappy'),
(89, 'fr', 'Le Pokémon ignore les talents adverses qui auraient un effet sur ses capacités.', 'Brise Moule'),
(89, 'en', 'Moves can be used on the target regardless of its Abilities.', 'Mold Breaker'),
(90, 'fr', 'Permet de réutiliser une même Baie plusieurs fois.', 'Récolte'),
(90, 'en', 'May create another Berry after one is used.', 'Harvest'),
(91, 'fr', 'Permet de connaître l’objet tenu par l’ennemi quand le combat commence.', 'Fouille'),
(91, 'en', 'When it enters a battle, the Pokémon can check an opposing Pokémon’s held item.', 'Frisk'),
(92, 'fr', 'Le Pokémon peut utiliser des capacités occasionnant un contrecoup sans perdre de PV.', 'Tête de Roc'),
(92, 'en', 'Protects the Pokémon from recoil damage.', 'Rock Head'),
(93, 'fr', 'La Vitesse du Pokémon augmente à chaque tour.', 'Turbo'),
(93, 'en', 'Its Speed stat is boosted every turn.', 'Speed Boost'),
(94, 'fr', 'Permet parfois au Pokémon de ramasser les objets que ses ennemis ont utilisés. Il lui arrive aussi d’en trouver hors des combats.', 'Ramassage'),
(94, 'en', 'The Pokémon may pick up the item an opposing Pokémon used during a battle. It may pick up items outside of battle, too.', 'Pickup'),
(95, 'fr', 'Empêche l’ennemi de s’enfuir.', 'Piège Sable'),
(95, 'en', 'Prevents opposing Pokémon from fleeing.', 'Arena Trap'),
(96, 'fr', 'Le Pokémon suinte un liquide toxique qui blesse tous ceux qui tentent de voler ses PV.', 'Suintement'),
(96, 'en', 'Oozed liquid has strong stench, which damages attackers using any draining move.', 'Liquid Ooze'),
(97, 'fr', 'Le Pokémon charge son corps en électricité statique, et tout contact avec lui peut paralyser.', 'Statik'),
(97, 'en', 'The Pokémon is charged with static electricity, so contact with it may cause paralysis.', 'Static'),
(98, 'fr', 'Quand le Pokémon est brûlé, paralysé ou empoisonné par un autre Pokémon, il partage ce statut avec celui-ci.', 'Synchro'),
(98, 'en', 'The attacker will receive the same status condition if it inflicts a burn, poison, or paralysis to the Pokémon.', 'Synchronize'),
(99, 'fr', 'Réveille la noblesse du Pokémon lorsqu’il subit une capacité de type Ténèbres, ce qui augmente son Attaque.', 'Cœur Noble'),
(99, 'en', 'Being hit by a Dark-type move boosts the Attack stat of the Pokémon, for justice.', 'Justified'),
(100, 'fr', 'Les écailles mystérieuses du Pokémon réagissent aux altérations de statut en augmentant sa Défense.', 'Écaille Spéciale'),
(100, 'en', 'The Pokémon’s marvelous scales boost the Defense stat if it has a status condition.', 'Marvel Scale'),
(101, 'fr', 'Les capacités ayant un effet additionnel perdent celui-ci, mais leur puissance augmente.', 'Sans Limite'),
(101, 'en', 'Removes additional effects to increase the power of moves when attacking.', 'Sheer Force'),
(102, 'fr', 'Un écran de fumée empêche l’ennemi de baisser les stats du Pokémon.', 'Écran Fumée'),
(102, 'en', 'The Pokémon is protected by its white smoke, which prevents other Pokémon from lowering its stats.', 'White Smoke'),
(103, 'fr', 'Le Pokémon invoque une tempête de sable quand il entre au combat.', 'Sable Volant'),
(103, 'en', 'The Pokémon summons a sandstorm when it enters a battle.', 'Sand Stream'),
(104, 'fr', 'Empêche le Pokémon ennemi de quitter le combat.', 'Marque Ombre'),
(104, 'en', 'This Pokémon steps on the opposing Pokémon’s shadow to prevent it from escaping.', 'Shadow Tag'),
(105, 'fr', 'Réduit les dégâts subis lorsque le Pokémon est touché par une capacité super efficace.', 'Filtre'),
(105, 'en', 'Reduces the power of supereffective attacks taken.', 'Filter'),
(106, 'fr', 'Augmente la puissance des capacités coups de poing.', 'Poing de Fer'),
(106, 'en', 'Powers up punching moves.', 'Iron Fist'),
(107, 'fr', 'Augmente la puissance des capacités physiques quand le Pokémon est empoisonné.', 'Rage Poison'),
(107, 'en', 'Powers up physical attacks when the Pokémon is poisoned.', 'Toxic Boost'),
(108, 'fr', 'L’Attaque Spéciale du Pokémon augmente si un Pokémon allié a le talent Minus ou Plus.', 'Minus'),
(108, 'en', 'Boosts the Sp. Atk stat of the Pokémon if an ally with the Plus or Minus Ability is also in battle.', 'Minus'),
(109, 'fr', 'Toutes les capacités du Pokémon deviennent de type Normal, quel que soit leur type original. Leur puissance augmente légèrement.', 'Normalise'),
(109, 'en', 'All the Pokémon’s moves become Normal type. The power of those moves is boosted a little.', 'Normalize'),
(110, 'fr', 'Le Pokémon détourne sur lui les capacités de type Eau et les neutralise, tout en montant son Attaque Spéciale.', 'Lavabo'),
(110, 'en', 'Draws in all Water-type moves. Instead of being hit  by Water-type moves, it boosts its Sp. Atk.', 'Storm Drain'),
(111, 'fr', 'Augmente l’Esquive du Pokémon durant les tempêtes de grêle.', 'Rideau Neige'),
(111, 'en', 'Boosts evasion in a hailstorm.', 'Snow Cloak'),
(112, 'fr', 'Augmente la puissance des capacités spéciales quand le Pokémon est brûlé.', 'Rage Brûlure'),
(112, 'en', 'Powers up special attacks when the Pokémon is burned.', 'Flare Boost'),
(113, 'fr', 'Augmente la Vitesse du Pokémon s’il perd ou utilise l’objet qu’il tenait au début du combat.', 'Délestage'),
(113, 'en', 'Boosts the Speed stat if the Pokémon’s held item is  used or lost.', 'Unburden'),
(114, 'fr', 'Le magma qui recouvre le corps du Pokémon le protège contre le gel.', 'Armumagma'),
(114, 'en', 'The Pokémon is covered with hot magma, which prevents the Pokémon from becoming frozen.', 'Magma Armor'),
(115, 'fr', 'Le Pokémon reçoit moins de dégâts quand ses PV sont au maximum.', 'Multiécaille'),
(115, 'en', 'Reduces the amount of damage the Pokémon takes when its HP is full.', 'Multiscale'),
(116, 'fr', 'Empêche les stats du Pokémon de baisser à cause d’une capacité ou d’un talent.', 'Corps Sain'),
(116, 'en', 'Prevents other Pokémon’s moves or Abilities from lowering the Pokémon’s stats.', 'Clear Body'),
(117, 'fr', 'Attire les Pokémon Acier grâce à un champ magnétique, ce qui les empêche de fuir.', 'Magnépiège'),
(117, 'en', 'Prevents Steel-type Pokémon from escaping using its magnetic force.', 'Magnet Pull'),
(118, 'fr', 'Augmente beaucoup l’Attaque du Pokémon quand ses stats baissent.', 'Acharné'),
(118, 'en', 'Boosts the Pokémon’s Attack stat sharply when its stats are lowered.', 'Defiant'),
(119, 'fr', 'Augmente les chances d’infliger des effets additionnels.', 'Sérénité'),
(119, 'en', 'Boosts the likelihood of additional effects occurring  when attacking.', 'Serene Grace'),
(120, 'fr', 'Empêche les capacités adverses de baisser la Défense.', 'Cœur de Coq'),
(120, 'en', 'Protects the Pokémon from Defense-lowering effects.', 'Big Pecks'),
(121, 'fr', 'Augmente la puissance des capacités de type Roche, Sol et Acier en cas de tempête de sable.', 'Force Sable'),
(121, 'en', 'Boosts the power of Rock-, Ground-, and Steel-type moves in a sandstorm.', 'Sand Force'),
(122, 'fr', 'Augmente l’Attaque et la Défense Spéciale du Pokémon et de ses alliés lorsque le soleil brille.', 'Don Floral'),
(122, 'en', 'Boosts the Attack and Sp. Def stats of itself and allies in harsh sunlight.', 'Flower Gift'),
(123, 'fr', 'Le Pokémon émet une odeur si nauséabonde qu’il peut effrayer sa cible.', 'Puanteur'),
(123, 'en', 'By releasing stench when attacking, this Pokémon may cause the target to flinch.', 'Stench'),
(124, 'fr', 'Quand le Pokémon est touché par une capacité, il inflige parfois Entrave sur celle-ci.', 'Corps Maudit'),
(124, 'en', 'May disable a move used on the Pokémon.', 'Cursed Body'),
(125, 'fr', 'Donne l’apparence du Pokémon adverse.', 'Imposteur'),
(125, 'en', 'The Pokémon transforms itself into the Pokémon it’s facing.', 'Imposter'),
(126, 'fr', 'Les yeux perçants du Pokémon empêchent sa Précision de baisser.', 'Regard Vif'),
(126, 'en', 'Keen eyes prevent other Pokémon from lowering this Pokémon’s accuracy.', 'Keen Eye'),
(127, 'fr', 'Diminue de moitié les dégâts infligés au Pokémon par les capacités de type Feu.', 'Ignifugé'),
(127, 'en', 'The heatproof body of the Pokémon halves the damage from Fire-type moves that hit it.', 'Heatproof'),
(128, 'fr', 'Le Pokémon est un grand benêt, ce qui l’immunise contre l’attraction ou la provocation.', 'Benêt'),
(128, 'en', 'The Pokémon is oblivious, and that keeps it from being infatuated or falling for taunts.', 'Oblivious'),
(129, 'fr', 'Le Pokémon est armé de lames tranchantes qui font sa fierté et empêchent son Attaque de baisser.', 'Hyper Cutter'),
(129, 'en', 'The Pokémon’s proud of its powerful pincers. They prevent other Pokémon from lowering its Attack stat.', 'Hyper Cutter'),
(130, 'fr', 'Les objets sont collés au corps gluant du Pokémon, ce qui empêche ses adversaires de les dérober.', 'Glue'),
(130, 'en', 'Items held by the Pokémon are stuck fast and cannot be removed by other Pokémon.', 'Sticky Hold'),
(131, 'fr', 'Quand le Pokémon est empoisonné, il regagne des PV au lieu d’en perdre.', 'Soin Poison'),
(131, 'en', 'Restores HP if the Pokémon is poisoned, instead of losing HP.', 'Poison Heal'),
(132, 'fr', 'Le Pokémon ne peut utiliser aucun objet tenu.', 'Maladresse'),
(132, 'en', 'The Pokémon can’t use any held items.', 'Klutz'),
(133, 'fr', 'Si le Pokémon est touché par une capacité Électrik, il ne subit aucun dégât et sa Vitesse augmente.', 'Motorisé'),
(133, 'en', 'Boosts its Speed stat if hit by an Electric-type move, instead of taking damage.', 'Motor Drive'),
(134, 'fr', 'Réduit les dégâts subis lorsque le Pokémon est touché par une capacité super efficace.', 'Solide Roc'),
(134, 'en', 'Reduces the power of supereffective attacks taken.', 'Solid Rock'),
(135, 'fr', 'Le Pokémon peut parfois trouver du Miel après un combat.', 'Cherche Miel'),
(135, 'en', 'The Pokémon may gather Honey after a battle.', 'Honey Gather'),
(136, 'fr', 'Augmente la puissance des capacités du Pokémon s’il attaque en dernier.', 'Analyste'),
(136, 'en', 'Boosts move power when the Pokémon moves last.', 'Analytic'),
(137, 'fr', 'Divise par deux le poids du Pokémon.', 'Light Metal'),
(137, 'en', 'Halves the Pokémon’s weight.', 'Light Metal'),
(138, 'fr', 'Le Pokémon s’est suffisamment échauffé, ce qui l’immunise contre la paralysie.', 'Échauffement'),
(138, 'en', 'Its limber body protects the Pokémon from paralysis.', 'Limber');

-- --------------------------------------------------------

--
-- Structure de la table `fastmove`
--

CREATE TABLE `fastmove` (
  `id` int(3) UNSIGNED NOT NULL,
  `damage` int(3) UNSIGNED DEFAULT NULL,
  `dps` decimal(3,1) UNSIGNED DEFAULT NULL,
  `energy` int(3) UNSIGNED DEFAULT NULL,
  `eps` decimal(3,1) UNSIGNED DEFAULT NULL,
  `move_duration` int(4) UNSIGNED DEFAULT NULL,
  `sound_fx` varchar(20) COLLATE utf8mb4_unicode_ci DEFAULT NULL,
  `type` int(4) UNSIGNED DEFAULT NULL
) ENGINE=InnoDB DEFAULT CHARSET=utf8mb4 COLLATE=utf8mb4_unicode_ci;

--
-- Déchargement des données de la table `fastmove`
--

INSERT INTO `fastmove` (`id`, `damage`, `dps`, `energy`, `eps`, `move_duration`, `sound_fx`, `type`) VALUES
(1, 35, '15.9', 0, '0.0', 2200, 'struggle.wav', 1),
(2, 11, '13.8', 6, '7.5', 800, 'steel_wing.wav', 9),
(3, 15, '13.6', 9, '8.2', 1100, 'dragon_tail.wav', 16),
(4, 15, '13.6', 7, '6.4', 1100, 'iron_tail.wav', 9),
(5, 12, '13.3', 7, '7.8', 900, 'rock_throw.wav', 6),
(6, 12, '13.3', 8, '8.9', 900, 'counter.wav', 2),
(7, 16, '13.3', 8, '6.7', 1200, 'waterfall.wav', 11),
(8, 16, '13.3', 8, '6.7', 1200, 'smack_down.wav', 6),
(9, 13, '13.0', 7, '7.0', 1000, 'razor_leaf.wav', 12),
(10, 9, '12.9', 6, '8.6', 700, 'shadow_claw.wav', 8),
(11, 14, '12.7', 10, '9.1', 1100, 'fire_spin.wav', 10),
(12, 10, '12.5', 7, '8.8', 800, 'poison_jab.wav', 4),
(13, 20, '12.5', 15, '9.4', 1600, 'confusion.wav', 14),
(14, 11, '12.2', 8, '8.9', 900, 'fire_fang.wav', 10),
(15, 6, '12.0', 4, '8.0', 500, 'bite.wav', 17),
(16, 6, '12.0', 4, '8.0', 500, 'dragon_breath.wav', 16),
(17, 6, '12.0', 4, '8.0', 500, 'scratch.wav', 1),
(18, 7, '11.7', 6, '10.0', 600, 'vine_wrap.wav', 12),
(19, 7, '11.7', 6, '10.0', 600, 'pound.wav', 1),
(20, 14, '11.7', 10, '8.3', 1200, 'air_slash.wav', 3),
(21, 15, '11.5', 10, '7.7', 1300, 'rock_smash.wav', 2),
(22, 8, '11.4', 7, '10.0', 700, 'metal_claw.wav', 9),
(23, 9, '11.3', 8, '10.0', 800, 'acid.wav', 4),
(24, 10, '11.1', 8, '8.9', 900, 'frost_breath.wav', 15),
(25, 10, '11.1', 9, '10.0', 900, 'feint_attack.wav', 17),
(26, 12, '10.9', 10, '9.1', 1100, 'zen_headbutt.wav', 14),
(27, 12, '10.9', 12, '10.9', 1100, 'extrasensory.wav', 14),
(28, 12, '10.9', 12, '10.9', 1100, 'snarl.wav', 17),
(29, 15, '10.7', 12, '8.6', 1400, 'mud_slap.wav', 5),
(30, 5, '10.0', 6, '12.0', 500, 'bug_bite.wav', 7),
(31, 7, '10.0', 8, '11.4', 700, 'sucker_punch.wav', 17),
(32, 6, '10.0', 6, '10.0', 600, 'low_kick.wav', 2),
(33, 8, '10.0', 10, '12.5', 800, 'karate_chop.wav', 2),
(34, 10, '10.0', 10, '10.0', 1000, 'ember.wav', 10),
(35, 8, '10.0', 9, '11.3', 800, 'wing_attack.wav', 3),
(36, 10, '10.0', 10, '10.0', 1000, 'peck.wav', 3),
(37, 5, '10.0', 6, '12.0', 500, 'lick.wav', 8),
(38, 12, '10.0', 12, '10.0', 1200, 'ice_shard.wav', 15),
(39, 8, '10.0', 10, '12.5', 800, 'quick_attack.wav', 1),
(40, 5, '10.0', 5, '10.0', 500, 'tackle.wav', 1),
(41, 5, '10.0', 5, '10.0', 500, 'cut.wav', 1),
(42, 9, '10.0', 10, '11.1', 900, 'bullet_punch.wav', 9),
(43, 5, '10.0', 5, '10.0', 500, 'water_gun.wav', 11),
(44, 12, '10.0', 14, '11.7', 1200, 'bubble.wav', 11),
(45, 15, '10.0', 15, '10.0', 1500, 'struggle_bug.wav', 7),
(46, 15, '10.0', 15, '10.0', 1500, 'hidden_power.wav', 1),
(47, 10, '9.1', 14, '12.7', 1100, 'infestation.wav', 7),
(48, 20, '8.7', 25, '10.9', 2300, 'volt_switch.wav', 13),
(49, 6, '8.6', 9, '12.9', 700, 'spark.wav', 13),
(50, 5, '8.3', 8, '13.3', 600, 'thunder_shock.wav', 13),
(51, 5, '8.3', 7, '11.7', 600, 'mud_shot.wav', 5),
(52, 5, '8.3', 8, '13.3', 600, 'psycho_cut.wav', 14),
(53, 5, '8.3', 7, '11.7', 600, 'poison_sting.wav', 4),
(54, 10, '8.3', 15, '12.5', 1200, 'hex.wav', 8),
(55, 3, '7.5', 6, '15.0', 400, 'fury_cutter.wav', 7),
(56, 8, '7.3', 15, '13.6', 1100, 'charge_beam.wav', 13),
(57, 8, '7.3', 14, '12.7', 1100, 'astonish.wav', 8),
(58, 8, '7.3', 14, '12.7', 1100, 'bullet_seed.wav', 12),
(59, 8, '6.7', 10, '8.3', 1200, 'take_down.wav', 1),
(60, 6, '6.0', 15, '15.0', 1000, 'powder_snow.wav', 15),
(61, 5, '3.8', 20, '15.4', 1300, 'present.wav', 1),
(62, 0, '0.0', 20, '11.6', 1730, 'splash.wav', 11),
(63, 0, '0.0', 0, '0.0', 2230, 'transform.wav', 1),
(64, 0, '0.0', 15, '8.8', 1700, 'yawn.wav', 1);

-- --------------------------------------------------------

--
-- Structure de la table `fastmove_name`
--

CREATE TABLE `fastmove_name` (
  `fastmove_id` int(3) UNSIGNED DEFAULT NULL,
  `lang` varchar(3) COLLATE utf8mb4_unicode_ci DEFAULT NULL,
  `name` varchar(20) COLLATE utf8mb4_unicode_ci DEFAULT NULL
) ENGINE=InnoDB DEFAULT CHARSET=utf8mb4 COLLATE=utf8mb4_unicode_ci;

--
-- Déchargement des données de la table `fastmove_name`
--

INSERT INTO `fastmove_name` (`fastmove_id`, `lang`, `name`) VALUES
(1, 'fr', 'Lutte'),
(1, 'en', 'Struggle'),
(2, 'fr', 'Aile d\'Acier'),
(2, 'en', 'Steel Wing'),
(3, 'fr', 'Draco-Queue'),
(3, 'en', 'Dragon Tail'),
(4, 'fr', 'Queue de Fer'),
(4, 'en', 'Iron Tail'),
(5, 'fr', 'Jet-Pierres'),
(5, 'en', 'Rock Throw'),
(6, 'fr', 'Riposte'),
(6, 'en', 'Counter'),
(7, 'fr', 'Cascade'),
(7, 'en', 'Waterfall'),
(8, 'fr', 'Anti-Air'),
(8, 'en', 'Smack Down'),
(9, 'fr', 'Tranch\'Herbe'),
(9, 'en', 'Razor Leaf'),
(10, 'fr', 'Griffe Ombre'),
(10, 'en', 'Shadow Claw'),
(11, 'fr', 'Danse Flamme'),
(11, 'en', 'Fire Spin'),
(12, 'fr', 'Direct Toxik'),
(12, 'en', 'Poison Jab'),
(13, 'fr', 'Choc Mental'),
(13, 'en', 'Confusion'),
(14, 'fr', 'Crocs Feu'),
(14, 'en', 'Fire Fang'),
(15, 'fr', 'Morsure'),
(15, 'en', 'Bite'),
(16, 'fr', 'DracoSouffle'),
(16, 'en', 'Dragon Breath'),
(17, 'fr', 'Griffe'),
(17, 'en', 'Scratch'),
(18, 'fr', 'Fouet Lianes'),
(18, 'en', 'Vine Whip'),
(19, 'fr', 'écras\'Face'),
(19, 'en', 'Pound'),
(20, 'fr', 'Lame d\'Air'),
(20, 'en', 'Air Slash'),
(21, 'fr', 'éclate-Roc'),
(21, 'en', 'Rock Smash'),
(22, 'fr', 'Griffe Acier'),
(22, 'en', 'Metal Claw'),
(23, 'fr', 'Acide'),
(23, 'en', 'Acid'),
(24, 'fr', 'Souffle Glacé'),
(24, 'en', 'Frost Breath'),
(25, 'fr', 'Feinte'),
(25, 'en', 'Feint Attack'),
(26, 'fr', 'Psykoud\'Boul'),
(26, 'en', 'Zen Headbutt'),
(27, 'fr', 'Extrasenseur'),
(27, 'en', 'Extrasensory'),
(28, 'fr', 'Aboiement'),
(28, 'en', 'Snarl'),
(29, 'fr', 'Coud\'Boue'),
(29, 'en', 'Mud-Slap'),
(30, 'fr', 'Piqûre'),
(30, 'en', 'Bug Bite'),
(31, 'fr', 'Coup Bas'),
(31, 'en', 'Sucker Punch'),
(32, 'fr', 'Balayage'),
(32, 'en', 'Low Kick'),
(33, 'fr', 'Poing-Karaté'),
(33, 'en', 'Karate Chop'),
(34, 'fr', 'Flammèche'),
(34, 'en', 'Ember'),
(35, 'fr', 'Cru-Aile'),
(35, 'en', 'Wing Attack'),
(36, 'fr', 'Picpic'),
(36, 'en', 'Peck'),
(37, 'fr', 'Léchouille'),
(37, 'en', 'Lick'),
(38, 'fr', 'éclats Glace'),
(38, 'en', 'Ice Shard'),
(39, 'fr', 'Vive-Attaque'),
(39, 'en', 'Quick Attack'),
(40, 'fr', 'Charge'),
(40, 'en', 'Tackle'),
(41, 'fr', 'Coupe'),
(41, 'en', 'Cut'),
(42, 'fr', 'Pisto-Poing'),
(42, 'en', 'Bullet Punch'),
(43, 'fr', 'Pistolet à Eau'),
(43, 'en', 'Water Gun'),
(44, 'fr', 'écume'),
(44, 'en', 'Bubble'),
(45, 'fr', 'Survinsecte'),
(45, 'en', 'Struggle Bug'),
(46, 'fr', 'Puissance Cachée'),
(46, 'en', 'Hidden Power'),
(47, 'fr', 'Harcèlement'),
(47, 'en', 'Infestation'),
(48, 'fr', 'Change éclair'),
(48, 'en', 'Volt Switch'),
(49, 'fr', 'étincelle'),
(49, 'en', 'Spark'),
(50, 'fr', 'éclair'),
(50, 'en', 'Thunder Shock'),
(51, 'fr', 'Tir de Boue'),
(51, 'en', 'Mud Shot'),
(52, 'fr', 'Coupe Psycho'),
(52, 'en', 'Psycho Cut'),
(53, 'fr', 'Dard-Venin'),
(53, 'en', 'Poison Sting'),
(54, 'fr', 'Châtiment'),
(54, 'en', 'Hex'),
(55, 'fr', 'Taillade'),
(55, 'en', 'Fury Cutter'),
(56, 'fr', 'Rayon Chargé'),
(56, 'en', 'Charge Beam'),
(57, 'fr', 'étonnement'),
(57, 'en', 'Astonish'),
(58, 'fr', 'Balle Graine'),
(58, 'en', 'Bullet Seed'),
(59, 'fr', 'Bélier'),
(59, 'en', 'Take Down'),
(60, 'fr', 'Poudreuse'),
(60, 'en', 'Powder Snow'),
(61, 'fr', 'Cadeau'),
(61, 'en', 'Present'),
(62, 'fr', 'Trempette'),
(62, 'en', 'Splash'),
(63, 'fr', 'Morphing'),
(63, 'en', 'Transform'),
(64, 'fr', 'Bâillement'),
(64, 'en', 'Yawn');

-- --------------------------------------------------------

--
-- Structure de la table `mainmove`
--

CREATE TABLE `mainmove` (
  `id` int(3) UNSIGNED NOT NULL,
  `damage` int(3) UNSIGNED DEFAULT NULL,
  `dps` decimal(3,1) UNSIGNED DEFAULT NULL,
  `energy` int(3) UNSIGNED DEFAULT NULL,
  `move_duration` int(4) UNSIGNED DEFAULT NULL,
  `slot` int(1) UNSIGNED DEFAULT NULL,
  `sound_fx` varchar(20) COLLATE utf8mb4_unicode_ci DEFAULT NULL,
  `type` int(4) UNSIGNED DEFAULT NULL
) ENGINE=InnoDB DEFAULT CHARSET=utf8mb4 COLLATE=utf8mb4_unicode_ci;

--
-- Déchargement des données de la table `mainmove`
--

INSERT INTO `mainmove` (`id`, `damage`, `dps`, `energy`, `move_duration`, `slot`, `sound_fx`, `type`) VALUES
(1, 130, '76.5', 100, 1700, 1, 'origin_pulse.wav', 11),
(2, 130, '76.5', 100, 1700, 1, 'precipice_blades.wav', 6),
(3, 90, '47.4', 50, 1900, 2, 'hydro_cannon.wav', 11),
(4, 80, '47.1', 50, 1700, 2, 'doom_desire.wav', 9),
(5, 90, '45.0', 100, 2000, 1, 'brave_bird.wav', 3),
(6, 120, '44.4', 100, 2700, 1, 'future_sight.wav', 14),
(7, 100, '43.5', 100, 2300, 1, 'stone_edge.wav', 6),
(8, 100, '43.5', 100, 2300, 1, 'close_combat.wav', 2),
(9, 110, '42.3', 100, 2600, 1, 'petal_blizzard.wav', 12),
(10, 130, '41.9', 100, 3100, 1, 'blizzard.wav', 15),
(11, 130, '41.9', 100, 3100, 1, 'gunk_shot.wav', 4),
(12, 100, '41.7', 100, 2400, 1, 'thunder.wav', 13),
(13, 150, '41.7', 100, 3600, 1, 'draco_meteor.wav', 16),
(14, 90, '40.9', 100, 2200, 1, 'megahorn.wav', 7),
(15, 110, '40.7', 100, 2700, 1, 'hurricane.wav', 3),
(16, 140, '40.0', 100, 3500, 1, 'focus_blast.wav', 2),
(17, 80, '40.0', 50, 2000, 2, 'sky_attack.wav', 3),
(18, 160, '40.0', 100, 4000, 1, 'overheat.wav', 10),
(19, 150, '39.5', 100, 3800, 1, 'hyper_beam.wav', 1),
(20, 130, '39.4', 100, 3300, 1, 'hydro_pump.wav', 11),
(21, 100, '38.5', 50, 2600, 2, 'frenzy_plant.wav', 12),
(22, 100, '38.5', 50, 2600, 2, 'meteor_mash.wav', 9),
(23, 65, '38.2', 50, 1700, 2, 'surf.wav', 11),
(24, 140, '37.8', 100, 3700, 1, 'zap_cannon.wav', 13),
(25, 60, '37.5', 33, 1600, 3, 'weather_ball.wav', 10),
(26, 60, '37.5', 33, 1600, 3, 'weather_ball.wav', 15),
(27, 60, '37.5', 33, 1600, 3, 'weather_ball.wav', 6),
(28, 60, '37.5', 33, 1600, 3, 'weather_ball.wav', 11),
(29, 45, '37.5', 33, 1200, 3, 'blaze_kick.wav', 10),
(30, 100, '37.0', 100, 2700, 1, 'flash_cannon.wav', 9),
(31, 180, '36.7', 100, 4900, 1, 'solar_beam.wav', 12),
(32, 100, '35.7', 100, 2800, 1, 'psychic.wav', 14),
(33, 70, '35.0', 50, 2000, 2, 'foul_play.wav', 17),
(34, 80, '34.8', 50, 2300, 2, 'sludge_bomb.wav', 4),
(35, 90, '34.6', 50, 2600, 2, 'power_hip.wav', 12),
(36, 90, '34.6', 50, 2600, 2, 'wild_charge.wav', 13),
(37, 90, '34.6', 50, 2600, 2, 'grass_knot.wav', 12),
(38, 110, '34.4', 100, 3200, 1, 'sludge_wave.wav', 4),
(39, 50, '33.3', 50, 1500, 2, 'cross_chop.wav', 2),
(40, 120, '33.3', 100, 3600, 1, 'earthquake.wav', 5),
(41, 100, '33.3', 50, 3000, 2, 'shadow_ball.wav', 8),
(42, 130, '33.3', 100, 3900, 1, 'moonblast.wav', 18),
(43, 140, '33.3', 100, 4200, 1, 'fire_blast.wav', 10),
(44, 90, '33.3', 50, 2700, 2, 'dynamic_punch.wav', 2),
(45, 90, '33.3', 50, 2700, 2, 'avalanche.wav', 15),
(46, 70, '33.3', 50, 2100, 2, 'heavy_slam.wav', 9),
(47, 110, '33.3', 50, 3300, 2, 'blast_burn.wav', 10),
(48, 55, '32.4', 50, 1700, 2, 'stomp.wav', 1),
(49, 80, '32.0', 50, 2500, 2, 'thunderbolt.wav', 13),
(50, 80, '32.0', 50, 2500, 2, 'hyper_fang.wav', 1),
(51, 70, '31.8', 50, 2200, 2, 'flamethrower.wav', 10),
(52, 95, '31.7', 100, 3000, 1, 'heat_wave.wav', 10),
(53, 60, '31.6', 50, 1900, 2, 'iron_head.wav', 9),
(54, 90, '31.0', 50, 2900, 2, 'play_rough.wav', 18),
(55, 90, '31.0', 50, 2900, 2, 'last_resort.wav', 1),
(56, 80, '29.6', 50, 2700, 2, 'rock_slide.wav', 6),
(57, 50, '29.4', 33, 1700, 3, 'dragon_claw.wav', 16),
(58, 70, '29.2', 33, 2400, 3, 'leaf_blade.wav', 12),
(59, 80, '28.6', 50, 2800, 2, 'drill_run.wav', 5),
(60, 100, '28.6', 50, 3500, 2, 'dazzling_gleam.wav', 18),
(61, 110, '28.2', 50, 3900, 2, 'outrage.wav', 16),
(62, 45, '28.1', 33, 1600, 3, 'x_scissor.wav', 7),
(63, 100, '27.8', 50, 3600, 2, 'earth_power.wav', 5),
(64, 80, '27.6', 50, 2900, 2, 'power_gem.wav', 6),
(65, 80, '27.3', 50, 3300, 2, 'ice_beam.wav', 6),
(66, 60, '27.3', 50, 2200, 2, 'submission.wav', 2),
(67, 70, '26.9', 50, 2600, 2, 'flame_burst.wav', 10),
(68, 80, '26.7', 50, 3000, 2, 'dark_pulse.wav', 17),
(69, 40, '26.7', 33, 1500, 3, 'cross_poison.wav', 4),
(70, 50, '26.3', 33, 1900, 3, 'ice_punch.wav', 15),
(71, 50, '26.3', 33, 1900, 3, 'aqua_tail.wav', 11),
(72, 50, '26.3', 33, 1900, 3, 'body_slam.wav', 1),
(73, 55, '26.2', 33, 2100, 3, 'seed_bomb.wav', 12),
(74, 60, '26.1', 33, 2300, 3, 'drill_peck.wav', 3),
(75, 60, '26.1', 50, 2300, 2, 'brine.wav', 11),
(76, 65, '26.0', 33, 2500, 3, 'discharge.wav', 13),
(77, 75, '25.9', 50, 2900, 2, 'signal_beam.wav', 7),
(78, 70, '25.0', 33, 2800, 3, 'magnet_bomb.wav', 9),
(79, 45, '25.0', 33, 1800, 3, 'thunder_punch.wav', 13),
(80, 90, '25.0', 50, 3600, 2, 'dragon_pulse.wav', 16),
(81, 40, '25.0', 33, 1600, 3, 'bone_club.wav', 5),
(82, 55, '25.0', 33, 2200, 3, 'fire_punch.wav', 10),
(83, 40, '25.0', 33, 1600, 3, 'brick_break.wav', 2),
(84, 50, '25.0', 33, 2000, 3, 'power_up_punch.wav', 2),
(85, 90, '24.3', 50, 3700, 2, 'bug_buzz.wav', 7),
(86, 80, '24.2', 50, 3300, 2, 'gyro_ball.wav', 9),
(87, 65, '24.1', 33, 2700, 3, 'psyshock.wav', 14),
(88, 55, '23.9', 33, 2300, 3, 'mud_bomb.wav', 5),
(89, 50, '23.8', 33, 2100, 3, 'sludge.wav', 4),
(90, 50, '23.8', 33, 2100, 3, 'rock_blast.wav', 6),
(91, 45, '23.7', 33, 1900, 3, 'bubble_beam.wav', 11),
(92, 40, '23.5', 33, 1700, 3, 'shadow_punch.wav', 8),
(93, 60, '23.1', 50, 2600, 2, 'draining_kiss.wav', 18),
(94, 60, '23.1', 50, 2600, 2, 'night_shade.wav', 8),
(95, 90, '23.1', 50, 3900, 2, 'energy_ball.wav', 12),
(96, 60, '23.1', 50, 2600, 2, 'mirror_coat.wav', 14),
(97, 55, '22.9', 33, 2400, 3, 'aerial_ace.wav', 3),
(98, 80, '22.9', 50, 3600, 2, 'bulldoze.wav', 5),
(99, 50, '22.7', 33, 2200, 3, 'night_slash.wav', 17),
(100, 80, '22.5', 50, 3550, 2, 'aurora_beam.wav', 15),
(101, 60, '22.2', 50, 2700, 2, 'flame_wheel.wav', 10),
(102, 60, '22.2', 50, 2700, 2, 'air_cutter.wav', 3),
(103, 70, '21.9', 50, 3200, 2, 'psybeam.wav', 14),
(104, 70, '21.9', 50, 3200, 2, 'rock_tomb.wav', 6),
(105, 70, '21.9', 50, 3200, 2, 'water_pulse.wav', 11),
(106, 70, '21.9', 33, 3200, 3, 'crunch.wav', 17),
(107, 50, '21.7', 33, 2300, 3, 'ominus_wind.wav', 8),
(108, 80, '21.6', 50, 3700, 2, 'scald.wav', 11),
(109, 40, '21.6', 33, 1850, 3, 'horn_attack.wav', 1),
(110, 60, '21.4', 50, 2800, 2, 'swift.wav', 1),
(111, 100, '21.3', 50, 4700, 2, 'dig.wav', 5),
(112, 40, '21.1', 33, 1900, 3, 'low_sweep.wav', 2),
(113, 60, '20.7', 33, 2900, 3, 'wrap.wav', 1),
(114, 35, '20.6', 33, 1700, 3, 'poison_fang.wav', 4),
(115, 70, '20.0', 33, 3500, 3, 'ancient_power.wav', 6),
(116, 80, '20.0', 50, 4000, 2, 'sand_tomb.wav', 5),
(117, 70, '18.9', 33, 3700, 3, 'silver_wind.wav', 7),
(118, 35, '18.4', 33, 1900, 3, 'vice_grip.wav', 1),
(119, 70, '18.4', 33, 3800, 3, 'flame_charge.wav', 10),
(120, 60, '18.2', 33, 3300, 3, 'icy_wind.wav', 15),
(121, 70, '17.9', 33, 3900, 3, 'disarming_voice.wav', 18),
(122, 70, '17.5', 50, 4000, 2, 'psycho_boost.wav', 14),
(123, 45, '17.3', 33, 2600, 3, 'aqua_jet.wav', 11),
(124, 50, '17.2', 33, 2900, 3, 'shadow_sneak.wav', 8),
(125, 45, '16.1', 33, 2800, 3, 'twister.wav', 16),
(126, 35, '15.9', 33, 2200, 3, 'struggle.wav', 1),
(127, 45, '14.5', 33, 3100, 3, 'leaf_tornado.wav', 12),
(128, 20, '6.7', 50, 3000, 2, 'acid_spray.wav', 4),
(129, 0, '0.0', 0, 0, 0, 'morphing.wav', 1);

-- --------------------------------------------------------

--
-- Structure de la table `mainmove_name`
--

CREATE TABLE `mainmove_name` (
  `mainmove_id` int(3) UNSIGNED DEFAULT NULL,
  `lang` varchar(3) COLLATE utf8mb4_unicode_ci DEFAULT NULL,
  `name` varchar(20) COLLATE utf8mb4_unicode_ci DEFAULT NULL
) ENGINE=InnoDB DEFAULT CHARSET=utf8mb4 COLLATE=utf8mb4_unicode_ci;

--
-- Déchargement des données de la table `mainmove_name`
--

INSERT INTO `mainmove_name` (`mainmove_id`, `lang`, `name`) VALUES
(1, 'fr', 'Onde Originelle'),
(1, 'en', 'Origin Pulse'),
(2, 'fr', 'Lame Pangéenne'),
(2, 'en', 'Precipice Blades'),
(3, 'fr', 'Hydroblast'),
(3, 'en', 'Hydro Cannon'),
(4, 'fr', 'Carnareket'),
(4, 'en', 'Doom Desire'),
(5, 'fr', 'Rapace'),
(5, 'en', 'Brave Bird'),
(6, 'fr', 'Prescience'),
(6, 'en', 'Future Sight'),
(7, 'fr', 'Lame de Roc'),
(7, 'en', 'Stone Edge'),
(8, 'fr', 'Close Combat'),
(8, 'en', 'Close Combat'),
(9, 'fr', 'Tempête Florale'),
(9, 'en', 'Petal Blizzard'),
(10, 'fr', 'Blizzard'),
(10, 'en', 'Blizzard'),
(11, 'fr', 'Détricanon'),
(11, 'en', 'Gunk Shot'),
(12, 'fr', 'Fatal-Foudre'),
(12, 'en', 'Thunder'),
(13, 'fr', 'Draco Météore'),
(13, 'en', 'Draco Meteor'),
(14, 'fr', 'Mégacorne'),
(14, 'en', 'Megahorn'),
(15, 'fr', 'Vent Violent'),
(15, 'en', 'Hurricane'),
(16, 'fr', 'Exploforce'),
(16, 'en', 'Focus Blast'),
(17, 'fr', 'Piqué'),
(17, 'en', 'Sky Attack'),
(18, 'fr', 'Surchauffe'),
(18, 'en', 'Overheat'),
(19, 'fr', 'Ultralaser'),
(19, 'en', 'Hyper Beam'),
(20, 'fr', 'Hydrocanon'),
(20, 'en', 'Hydro Pump'),
(21, 'fr', 'Végé-Attack'),
(21, 'en', 'Frenzy Plant'),
(22, 'fr', 'Poing Météore'),
(22, 'en', 'Meteor Mash'),
(23, 'fr', 'Surf'),
(23, 'en', 'Surf'),
(24, 'fr', 'élecanon'),
(24, 'en', 'Zap Cannon'),
(25, 'fr', 'Ball\'Météo'),
(25, 'en', 'Weather Ball'),
(26, 'fr', 'Ball\'Météo'),
(26, 'en', 'Weather Ball'),
(27, 'fr', 'Ball\'Météo'),
(27, 'en', 'Weather Ball'),
(28, 'fr', 'Ball\'Météo'),
(28, 'en', 'Weather Ball'),
(29, 'fr', 'Blaze Kick'),
(29, 'en', 'Blaze Kick'),
(30, 'fr', 'Luminocanon'),
(30, 'en', 'Flash Cannon'),
(31, 'fr', 'Lance-Soleil'),
(31, 'en', 'Solar Beam'),
(32, 'fr', 'Psyko'),
(32, 'en', 'Psychic'),
(33, 'fr', 'Tricherie'),
(33, 'en', 'Foul Play'),
(34, 'fr', 'Bomb-Beurk'),
(34, 'en', 'Sludge Bomb'),
(35, 'fr', 'Mégafouet'),
(35, 'en', 'Power Whip'),
(36, 'fr', 'éclair Fou'),
(36, 'en', 'Wild Charge'),
(37, 'fr', 'Noeud Herbe'),
(37, 'en', 'Grass Knot'),
(38, 'fr', 'Cradovague'),
(38, 'en', 'Sludge Wave'),
(39, 'fr', 'Coup-Croix'),
(39, 'en', 'Cross Chop'),
(40, 'fr', 'Séisme'),
(40, 'en', 'Earthquake'),
(41, 'fr', 'Ball\'Ombre'),
(41, 'en', 'Shadow Ball'),
(42, 'fr', 'Pouvoir Lunaire'),
(42, 'en', 'Moonblast'),
(43, 'fr', 'Déflagration'),
(43, 'en', 'Fire Blast'),
(44, 'fr', 'Dynamopoing'),
(44, 'en', 'Dynamic Punch'),
(45, 'fr', 'Avalanche'),
(45, 'en', 'Avalanche'),
(46, 'fr', 'Tacle Lourd'),
(46, 'en', 'Heavy Slam'),
(47, 'fr', 'Rafale Feu'),
(47, 'en', 'Blast Burn'),
(48, 'fr', 'écrasement'),
(48, 'en', 'Stomp'),
(49, 'fr', 'Tonnerre'),
(49, 'en', 'Thunderbolt'),
(50, 'fr', 'Croc de Mort'),
(50, 'en', 'Hyper Fang'),
(51, 'fr', 'Lance-Flammes'),
(51, 'en', 'Flamethrower'),
(52, 'fr', 'Canicule'),
(52, 'en', 'Heat Wave'),
(53, 'fr', 'Tête de fer'),
(53, 'en', 'Iron Head'),
(54, 'fr', 'Câlinerie'),
(54, 'en', 'Play Rough'),
(55, 'fr', 'Dernier Recours'),
(55, 'en', 'Last Resort'),
(56, 'fr', 'éboulement'),
(56, 'en', 'Rock Slide'),
(57, 'fr', 'Dracogriffe'),
(57, 'en', 'Dragon Claw'),
(58, 'fr', 'Lame-Feuille'),
(58, 'en', 'Leaf Blade'),
(59, 'fr', 'Tunnelier'),
(59, 'en', 'Drill Run'),
(60, 'fr', 'éclat Magique'),
(60, 'en', 'Dazzling Gleam'),
(61, 'fr', 'Colère'),
(61, 'en', 'Outrage'),
(62, 'fr', 'Plaie-Croix'),
(62, 'en', 'X-Scissor'),
(63, 'fr', 'Earth Power'),
(63, 'en', 'Earth Power'),
(64, 'fr', 'Rayon Gemme'),
(64, 'en', 'Power Gem'),
(65, 'fr', 'Laser Glace'),
(65, 'en', 'Ice Beam'),
(66, 'fr', 'Sacrifice'),
(66, 'en', 'Submission'),
(67, 'fr', 'Rebondifeu'),
(67, 'en', 'Flame Burst'),
(68, 'fr', 'Vibroscur'),
(68, 'en', 'Dark Pulse'),
(69, 'fr', 'Poison-Croix'),
(69, 'en', 'Cross Poison'),
(70, 'fr', 'Poing-Glace'),
(70, 'en', 'Ice Punch'),
(71, 'fr', 'Hydroqueue'),
(71, 'en', 'Aqua Tail'),
(72, 'fr', 'Plaquage'),
(72, 'en', 'Body Slam'),
(73, 'fr', 'Canon Graine'),
(73, 'en', 'Seed Bomb'),
(74, 'fr', 'Bec Vrille'),
(74, 'en', 'Drill Peck'),
(75, 'fr', 'Saumure'),
(75, 'en', 'Brine'),
(76, 'fr', 'Coup d\'Jus'),
(76, 'en', 'Discharge'),
(77, 'fr', 'Rayon Signal'),
(77, 'en', 'Signal Beam'),
(78, 'fr', 'Bombaimant'),
(78, 'en', 'Magnet Bomb'),
(79, 'fr', 'Poing-éclair'),
(79, 'en', 'Thunder Punch'),
(80, 'fr', 'Dracochoc'),
(80, 'en', 'Dragon Pulse'),
(81, 'fr', 'Massd\'Os'),
(81, 'en', 'Bone Club'),
(82, 'fr', 'Poing de Feu'),
(82, 'en', 'Fire Punch'),
(83, 'fr', 'Casse-Brique'),
(83, 'en', 'Brick Break'),
(84, 'fr', 'Power Up Punch'),
(84, 'en', 'Power Up Punch'),
(85, 'fr', 'Bourdon'),
(85, 'en', 'Bug Buzz'),
(86, 'fr', 'Gyroballe'),
(86, 'en', 'Gyro Ball'),
(87, 'fr', 'Choc Psy'),
(87, 'en', 'Psyshock'),
(88, 'fr', 'Boue-Bombe'),
(88, 'en', 'Mud Bomb'),
(89, 'fr', 'Détritus'),
(89, 'en', 'Sludge'),
(90, 'fr', 'Boule Roc'),
(90, 'en', 'Rock Blast'),
(91, 'fr', 'Bulles d\'O'),
(91, 'en', 'Bubble Beam'),
(92, 'fr', 'Poing Ombre'),
(92, 'en', 'Shadow Punch'),
(93, 'fr', 'Vampibaiser'),
(93, 'en', 'Draining Kiss'),
(94, 'fr', 'Ombre Nocturne'),
(94, 'en', 'Night Shade'),
(95, 'fr', 'éco-Sphère'),
(95, 'en', 'Energy Ball'),
(96, 'fr', 'Voile Miroir'),
(96, 'en', 'Mirror Coat'),
(97, 'fr', 'Aéropique'),
(97, 'en', 'Aerial Ace'),
(98, 'fr', 'Piétisol'),
(98, 'en', 'Bulldoze'),
(99, 'fr', 'Tranche-Nuit'),
(99, 'en', 'Night Slash'),
(100, 'fr', 'Onde Boréale'),
(100, 'en', 'Aurora Beam'),
(101, 'fr', 'Roue de Feu'),
(101, 'en', 'Flame Wheel'),
(102, 'fr', 'Tranch\'Air'),
(102, 'en', 'Air Cutter'),
(103, 'fr', 'Rafale Psy'),
(103, 'en', 'Psybeam'),
(104, 'fr', 'Tomberoche'),
(104, 'en', 'Rock Tomb'),
(105, 'fr', 'Vibraqua'),
(105, 'en', 'Water Pulse'),
(106, 'fr', 'Mâchouille'),
(106, 'en', 'Crunch'),
(107, 'fr', 'Vent Mauvais'),
(107, 'en', 'Ominous Wind'),
(108, 'fr', 'ébulition'),
(108, 'en', 'Scald'),
(109, 'fr', 'Koud\'Korne'),
(109, 'en', 'Horn Attack'),
(110, 'fr', 'Météores'),
(110, 'en', 'Swift'),
(111, 'fr', 'Tunnel'),
(111, 'en', 'Dig'),
(112, 'fr', 'Balayette'),
(112, 'en', 'Low Sweep'),
(113, 'fr', 'Ligotage'),
(113, 'en', 'Wrap'),
(114, 'fr', 'Crochet Venin'),
(114, 'en', 'Poison Fang'),
(115, 'fr', 'Pouvoir Antique'),
(115, 'en', 'Ancient Power'),
(116, 'fr', 'Tourbi-Sable'),
(116, 'en', 'Sand Tomb'),
(117, 'fr', 'Vent Argenté'),
(117, 'en', 'Silver Wind'),
(118, 'fr', 'Force Poigne'),
(118, 'en', 'Vice Grip'),
(119, 'fr', 'Nitrocharge'),
(119, 'en', 'Flame Charge'),
(120, 'fr', 'Vent Glace'),
(120, 'en', 'Icy Wind'),
(121, 'fr', 'Voix Enjôleuse'),
(121, 'en', 'Disarming Voice'),
(122, 'fr', 'Psycho Boost'),
(122, 'en', 'Psycho Boost'),
(123, 'fr', 'Aqua-Jet'),
(123, 'en', 'Aqua Jet'),
(124, 'fr', 'Ombre Portée'),
(124, 'en', 'Shadow Sneak'),
(125, 'fr', 'Ouragan'),
(125, 'en', 'Twister'),
(126, 'fr', 'Lutte'),
(126, 'en', 'Struggle'),
(127, 'fr', 'Leaf Tornado'),
(127, 'en', 'Leaf Tornado'),
(128, 'fr', 'Acid Spray'),
(128, 'en', 'Acid Spray'),
(129, 'fr', 'Morphing'),
(129, 'en', 'Transform');

-- --------------------------------------------------------

--
-- Structure de la table `pokeball`
--

CREATE TABLE `pokeball` (
  `id` int(3) UNSIGNED NOT NULL,
  `generation` int(2) UNSIGNED DEFAULT NULL,
  `name` varchar(20) COLLATE utf8mb4_unicode_ci DEFAULT NULL,
  `img` varchar(20) COLLATE utf8mb4_unicode_ci DEFAULT NULL
) ENGINE=InnoDB DEFAULT CHARSET=utf8mb4 COLLATE=utf8mb4_unicode_ci;

--
-- Déchargement des données de la table `pokeball`
--

INSERT INTO `pokeball` (`id`, `generation`, `name`, `img`) VALUES
(1, 1, 'poke ball', 'pokeball.png'),
(2, 1, 'super ball', 'superball.png'),
(3, 1, 'hyper ball', 'hyperball.png'),
(4, 1, 'master ball', 'masterball.png'),
(5, 1, 'safari ball', 'safariball.png'),
(6, 2, 'speed ball', 'speedball.png'),
(7, 2, 'lure ball', 'lureball.png'),
(8, 2, 'level ball', 'levelball.png'),
(9, 2, 'heavy ball', 'heavyball.png'),
(10, 2, 'love ball', 'loveball.png'),
(11, 2, 'friend ball', 'friendball.png'),
(12, 2, 'moon ball', 'moonball.png'),
(13, 2, 'sport ball', 'sportball.png'),
(14, 3, 'honor ball', 'honorball.png'),
(15, 3, 'net ball', 'netball.png'),
(16, 3, 'repeat ball', 'repeatball.png'),
(17, 3, 'dive ball', 'diveball.png'),
(18, 3, 'luxury ball', 'luxuryball.png'),
(19, 3, 'timer ball', 'timerball.png'),
(20, 3, 'nestball', 'nestball.png'),
(21, 4, 'heal ball', 'healball.png'),
(22, 4, 'dusk ball', 'duskball.png'),
(23, 4, 'quick ball', 'quickball.png'),
(24, 4, 'park ball', 'parkball.png'),
(25, 4, 'cherish ball', 'cherishball.png'),
(26, 5, 'dream ball', 'dreamball.png'),
(27, 7, 'ultra ball', 'ultraball.png');

-- --------------------------------------------------------

--
-- Structure de la table `pokedex`
--

CREATE TABLE `pokedex` (
  `id` int(2) UNSIGNED NOT NULL,
  `name` varchar(10) COLLATE utf8mb4_unicode_ci DEFAULT NULL
) ENGINE=InnoDB DEFAULT CHARSET=utf8mb4 COLLATE=utf8mb4_unicode_ci;

--
-- Déchargement des données de la table `pokedex`
--

INSERT INTO `pokedex` (`id`, `name`) VALUES
(1, 'Kanto'),
(2, 'Johto'),
(3, 'Hoenn'),
(4, 'Sinnoh'),
(5, 'unys'),
(6, 'kalos'),
(7, 'alola');

-- --------------------------------------------------------

--
-- Structure de la table `pokemon`
--

CREATE TABLE `pokemon` (
  `id` int(4) UNSIGNED NOT NULL,
  `attack` int(3) UNSIGNED DEFAULT NULL,
  `defense` int(3) UNSIGNED DEFAULT NULL,
  `height` decimal(5,2) UNSIGNED DEFAULT NULL,
  `hp` int(4) UNSIGNED DEFAULT NULL,
  `image` varchar(20) COLLATE utf8mb4_unicode_ci DEFAULT NULL,
  `name` varchar(20) COLLATE utf8mb4_unicode_ci DEFAULT NULL,
  `order` int(4) UNSIGNED DEFAULT NULL,
  `pokedex` int(2) UNSIGNED DEFAULT NULL,
  `scream` varchar(20) COLLATE utf8mb4_unicode_ci DEFAULT NULL,
  `weight` decimal(5,2) UNSIGNED DEFAULT NULL
) ENGINE=InnoDB DEFAULT CHARSET=utf8mb4 COLLATE=utf8mb4_unicode_ci;

--
-- Déchargement des données de la table `pokemon`
--

INSERT INTO `pokemon` (`id`, `attack`, `defense`, `height`, `hp`, `image`, `name`, `order`, `pokedex`, `scream`, `weight`) VALUES
(1, 49, 49, '0.70', 45, '001.png', 'Bulbizarre', 1, 1, 'pv001.wav', '6.90'),
(2, 62, 63, '1.00', 60, '002.png', 'Herbizarre', 2, 1, 'pv002.wav', '13.00'),
(3, 82, 83, '2.00', 80, '003.png', 'Florizarre', 3, 1, 'pv003.wav', '100.00'),
(4, 52, 43, '0.60', 39, '004.png', 'Salamèche', 4, 1, 'pv004.wav', '8.50'),
(5, 64, 58, '1.10', 58, '005.png', 'Reptincel', 5, 1, 'pv005.wav', '19.00'),
(6, 84, 78, '1.70', 78, '006.png', 'Dracaufeu', 6, 1, 'pv006.wav', '90.50'),
(7, 48, 65, '0.50', 44, '007.png', 'Carapuce', 7, 1, 'pv007.wav', '9.00'),
(8, 63, 80, '1.00', 59, '008.png', 'Carabaffe', 8, 1, 'pv008.wav', '22.50'),
(9, 83, 100, '1.60', 79, '009.png', 'Tortank', 9, 1, 'pv009.wav', '85.50'),
(10, 30, 35, '0.30', 45, '010.png', 'Chenipan', 10, 1, 'pv010.wav', '2.90'),
(11, 20, 55, '0.70', 50, '011.png', 'Chrysacier', 11, 1, 'pv011.wav', '9.90'),
(12, 45, 50, '1.10', 60, '012.png', 'Papilusion', 12, 1, 'pv012.wav', '32.00'),
(13, 35, 30, '0.30', 40, '013.png', 'Aspicot', 13, 1, 'pv013.wav', '3.20'),
(14, 25, 50, '0.60', 45, '014.png', 'Coconfort', 14, 1, 'pv014.wav', '10.00'),
(15, 90, 40, '1.00', 65, '015.png', 'Dardargnan', 15, 1, 'pv015.wav', '29.50'),
(16, 45, 40, '0.30', 40, '016.png', 'Roucool', 16, 1, 'pv016.wav', '1.80'),
(17, 60, 55, '1.10', 63, '017.png', 'Roucoups', 17, 1, 'pv017.wav', '30.00'),
(18, 80, 75, '1.50', 83, '018.png', 'Roucarnage', 18, 1, 'pv018.wav', '39.50'),
(19, 56, 35, '0.30', 30, '019.png', 'Rattata', 19, 1, 'pv019.wav', '3.50'),
(20, 81, 60, '0.70', 55, '020.png', 'Rattatac', 20, 1, 'pv020.wav', '18.50'),
(21, 60, 30, '0.30', 40, '021.png', 'Piafabec', 21, 1, 'pv021.wav', '2.00'),
(22, 90, 65, '1.20', 65, '022.png', 'Rapasdepic', 22, 1, 'pv022.wav', '38.00'),
(23, 60, 44, '2.00', 35, '023.png', 'Abo', 23, 1, 'pv023.wav', '6.90'),
(24, 95, 69, '3.50', 60, '024.png', 'Arbok', 24, 1, 'pv024.wav', '65.00'),
(25, 55, 40, '0.40', 35, '025.png', 'Pikachu', 26, 1, 'pv025.wav', '6.00'),
(26, 90, 55, '0.80', 60, '026.png', 'Raichu', 27, 1, 'pv026.wav', '30.00'),
(27, 75, 85, '0.60', 50, '027.png', 'Sabelette', 28, 1, 'pv027.wav', '12.00'),
(28, 100, 110, '1.00', 75, '028.png', 'Sablaireau', 29, 1, 'pv028.wav', '29.50'),
(29, 47, 52, '0.40', 55, '029.png', 'Nidoran♀', 30, 1, 'pv029.wav', '7.00'),
(30, 62, 67, '0.80', 70, '030.png', 'Nidorina', 31, 1, 'pv030.wav', '20.00'),
(31, 92, 87, '1.30', 90, '031.png', 'Nidoqueen', 32, 1, 'pv031.wav', '60.00'),
(32, 57, 40, '0.50', 46, '032.png', 'Nidoran♂', 33, 1, 'pv032.wav', '9.00'),
(33, 72, 57, '0.90', 61, '033.png', 'Nidorino', 34, 1, 'pv033.wav', '19.50'),
(34, 102, 77, '1.40', 81, '034.png', 'Nidoking', 35, 1, 'pv034.wav', '62.00'),
(35, 45, 48, '0.60', 70, '035.png', 'Mélofée', 37, 1, 'pv035.wav', '7.50'),
(36, 70, 73, '1.30', 95, '036.png', 'Mélodelfe', 38, 1, 'pv036.wav', '40.00'),
(37, 41, 40, '0.60', 38, '037.png', 'Goupix', 39, 1, 'pv037.wav', '9.90'),
(38, 76, 75, '1.10', 73, '038.png', 'Feunard', 40, 1, 'pv038.wav', '19.90'),
(39, 45, 20, '0.50', 115, '039.png', 'Rondoudou', 42, 1, 'pv039.wav', '5.50'),
(40, 70, 45, '1.00', 140, '040.png', 'Grodoudou', 43, 1, 'pv040.wav', '12.00'),
(41, 45, 35, '0.80', 40, '041.png', 'Nosferapti', 44, 1, 'pv041.wav', '7.50'),
(42, 80, 70, '1.60', 75, '042.png', 'Nosferalto', 45, 1, 'pv042.wav', '55.00'),
(43, 50, 55, '0.50', 45, '043.png', 'Mystherbe', 47, 1, 'pv043.wav', '5.40'),
(44, 65, 70, '0.80', 60, '044.png', 'Ortide', 48, 1, 'pv044.wav', '8.60'),
(45, 80, 85, '1.20', 75, '045.png', 'Rafflesia', 49, 1, 'pv045.wav', '18.60'),
(46, 70, 55, '0.30', 35, '046.png', 'Paras', 51, 1, 'pv046.wav', '5.40'),
(47, 95, 80, '1.00', 60, '047.png', 'Parasect', 52, 1, 'pv047.wav', '29.50'),
(48, 55, 50, '1.00', 60, '048.png', 'Mimitoss', 53, 1, 'pv048.wav', '30.00'),
(49, 65, 60, '1.50', 70, '049.png', 'Aéromite', 54, 1, 'pv049.wav', '12.50'),
(50, 55, 25, '0.20', 10, '050.png', 'Taupiqueur', 55, 1, 'pv050.wav', '0.80'),
(51, 100, 50, '0.70', 35, '051.png', 'Triopikeur', 56, 1, 'pv051.wav', '33.30'),
(52, 45, 35, '0.40', 40, '052.png', 'Miaouss', 57, 1, 'pv052.wav', '4.20'),
(53, 70, 60, '1.00', 65, '053.png', 'Persian', 58, 1, 'pv053.wav', '32.00'),
(54, 52, 48, '0.80', 50, '054.png', 'Psykokwak', 59, 1, 'pv054.wav', '19.60'),
(55, 82, 78, '1.70', 80, '055.png', 'Akwakwak', 60, 1, 'pv055.wav', '76.60'),
(56, 80, 35, '0.50', 40, '056.png', 'Férosinge', 61, 1, 'pv056.wav', '28.00'),
(57, 105, 60, '1.00', 65, '057.png', 'Colossinge', 62, 1, 'pv057.wav', '32.00'),
(58, 70, 45, '0.70', 55, '058.png', 'Caninos', 63, 1, 'pv058.wav', '19.00'),
(59, 110, 80, '1.90', 90, '059.png', 'Arcanin', 64, 1, 'pv059.wav', '155.00'),
(60, 50, 40, '0.60', 40, '060.png', 'Ptitard', 65, 1, 'pv060.wav', '12.40'),
(61, 65, 65, '1.00', 65, '061.png', 'Têtarte', 66, 1, 'pv061.wav', '20.00'),
(62, 95, 95, '1.30', 90, '062.png', 'Tartard', 67, 1, 'pv062.wav', '54.00'),
(63, 20, 15, '0.90', 25, '063.png', 'Abra', 69, 1, 'pv063.wav', '19.50'),
(64, 35, 30, '1.30', 40, '064.png', 'Kadabra', 70, 1, 'pv064.wav', '56.50'),
(65, 50, 45, '1.50', 55, '065.png', 'Alakazam', 71, 1, 'pv065.wav', '48.00'),
(66, 80, 50, '0.80', 70, '066.png', 'Machoc', 72, 1, 'pv066.wav', '19.50'),
(67, 100, 70, '1.50', 80, '067.png', 'Machopeur', 73, 1, 'pv067.wav', '70.50'),
(68, 130, 80, '1.60', 90, '068.png', 'Mackogneur', 74, 1, 'pv068.wav', '130.00'),
(69, 75, 35, '0.70', 50, '069.png', 'Chétiflor', 75, 1, 'pv069.wav', '4.00'),
(70, 90, 50, '1.00', 65, '070.png', 'Boustiflor', 76, 1, 'pv070.wav', '6.40'),
(71, 105, 65, '1.70', 80, '071.png', 'Empiflor', 77, 1, 'pv071.wav', '15.50'),
(72, 40, 35, '0.90', 40, '072.png', 'Tentacool', 78, 1, 'pv072.wav', '45.50'),
(73, 70, 65, '1.60', 80, '073.png', 'Tentacruel', 79, 1, 'pv073.wav', '55.00'),
(74, 80, 100, '0.40', 40, '074.png', 'Racaillou', 80, 1, 'pv074.wav', '20.00'),
(75, 95, 115, '1.00', 55, '075.png', 'Gravalanch', 81, 1, 'pv075.wav', '105.00'),
(76, 120, 130, '1.40', 80, '076.png', 'Grolem', 82, 1, 'pv076.wav', '300.00'),
(77, 85, 55, '1.00', 50, '077.png', 'Ponyta', 83, 1, 'pv077.wav', '30.00'),
(78, 100, 70, '1.70', 65, '078.png', 'Galopa', 84, 1, 'pv078.wav', '95.00'),
(79, 65, 65, '1.20', 90, '079.png', 'Ramoloss', 85, 1, 'pv079.wav', '36.00'),
(80, 75, 110, '1.60', 95, '080.png', 'Flagadoss', 86, 1, 'pv080.wav', '78.50'),
(81, 35, 70, '0.30', 25, '081.png', 'Magnéti', 88, 1, 'pv081.wav', '6.00'),
(82, 60, 95, '1.00', 50, '082.png', 'Magnéton', 89, 1, 'pv082.wav', '60.00'),
(83, 90, 55, '0.80', 52, '083.png', 'Canarticho', 91, 1, 'pv083.wav', '15.00'),
(84, 85, 45, '1.40', 35, '084.png', 'Doduo', 92, 1, 'pv084.wav', '39.20'),
(85, 110, 70, '1.80', 60, '085.png', 'Dodrio', 93, 1, 'pv085.wav', '85.20'),
(86, 45, 55, '1.10', 65, '086.png', 'Otaria', 94, 1, 'pv086.wav', '90.00'),
(87, 70, 80, '1.70', 90, '087.png', 'Lamantine', 95, 1, 'pv087.wav', '120.00'),
(88, 80, 50, '0.90', 80, '088.png', 'Tadmorv', 96, 1, 'pv088.wav', '30.00'),
(89, 105, 75, '1.20', 105, '089.png', 'Grotadmorv', 97, 1, 'pv089.wav', '30.00'),
(90, 65, 100, '0.30', 30, '090.png', 'Kokiyas', 98, 1, 'pv090.wav', '4.00'),
(91, 95, 180, '1.50', 50, '091.png', 'Crustabri', 99, 1, 'pv091.wav', '132.50'),
(92, 35, 30, '8.80', 30, '092.png', 'Fantominus', 100, 1, 'pv092.wav', '210.00'),
(93, 50, 45, '1.60', 45, '093.png', 'Spectrum', 101, 1, 'pv093.wav', '0.10'),
(94, 65, 60, '1.50', 60, '094.png', 'Ectoplasma', 102, 1, 'pv094.wav', '40.50'),
(95, 45, 160, '8.80', 35, '095.png', 'Onix', 103, 1, 'pv095.wav', '210.00'),
(96, 48, 45, '1.00', 60, '096.png', 'Soporifik', 105, 1, 'pv096.wav', '32.40'),
(97, 73, 70, '1.60', 85, '097.png', 'Hypnomade', 106, 1, 'pv097.wav', '75.60'),
(98, 105, 90, '0.40', 30, '098.png', 'Krabby', 107, 1, 'pv098.wav', '6.50'),
(99, 130, 115, '1.30', 55, '099.png', 'Krabboss', 108, 1, 'pv099.wav', '60.00'),
(100, 30, 50, '0.50', 40, '100.png', 'Voltorbe', 109, 1, 'pv100.wav', '10.40'),
(101, 50, 70, '1.20', 60, '101.png', 'Électrode', 110, 1, 'pv101.wav', '66.60'),
(102, 40, 80, '0.40', 60, '102.png', 'Noeunoeuf', 111, 1, 'pv102.wav', '2.50'),
(103, 95, 85, '2.00', 95, '103.png', 'Noadkoko', 112, 1, 'pv103.wav', '120.00'),
(104, 50, 95, '0.40', 50, '104.png', 'Osselait', 113, 1, 'pv104.wav', '6.50'),
(105, 80, 110, '1.00', 60, '105.png', 'Ossatueur', 114, 1, 'pv105.wav', '45.00'),
(106, 120, 53, '1.50', 50, '106.png', 'Kicklee', 116, 1, 'pv106.wav', '49.80'),
(107, 105, 79, '1.40', 50, '107.png', 'Tygnon', 117, 1, 'pv107.wav', '50.20'),
(108, 55, 75, '1.20', 90, '108.png', 'Excelangue', 119, 1, 'pv108.wav', '65.50'),
(109, 65, 95, '0.60', 40, '109.png', 'Smogo', 121, 1, 'pv109.wav', '1.00'),
(110, 90, 120, '1.20', 65, '110.png', 'Smogogo', 122, 1, 'pv110.wav', '9.50'),
(111, 85, 95, '1.00', 80, '111.png', 'Rhinocorne', 123, 1, 'pv111.wav', '115.00'),
(112, 130, 120, '1.90', 105, '112.png', 'Rhinoféros', 124, 1, 'pv112.wav', '120.00'),
(113, 5, 5, '1.10', 250, '113.png', 'Leveinard', 127, 1, 'pv113.wav', '34.60'),
(114, 55, 115, '1.00', 65, '114.png', 'Saquedeneu', 129, 1, 'pv114.wav', '35.00'),
(115, 95, 80, '2.20', 105, '115.png', 'Kangourex', 131, 1, 'pv115.wav', '80.00'),
(116, 40, 70, '0.40', 30, '116.png', 'Hypotrempe', 132, 1, 'pv116.wav', '8.00'),
(117, 65, 95, '1.20', 55, '117.png', 'Hypocéan', 133, 1, 'pv117.wav', '25.00'),
(118, 67, 60, '0.60', 45, '118.png', 'Poissirène', 135, 1, 'pv118.wav', '15.00'),
(119, 92, 65, '1.30', 80, '119.png', 'Poissoroy', 136, 1, 'pv119.wav', '39.00'),
(120, 45, 55, '0.80', 30, '120.png', 'Stari', 137, 1, 'pv120.wav', '34.50'),
(121, 75, 85, '1.10', 60, '121.png', 'Staross', 138, 1, 'pv121.wav', '80.00'),
(122, 45, 65, '1.30', 40, '122.png', 'M. Mime', 140, 1, 'pv122.wav', '54.50'),
(123, 110, 80, '1.50', 70, '123.png', 'Insécateur', 141, 1, 'pv123.wav', '56.00'),
(124, 50, 35, '1.40', 65, '124.png', 'Lippoutou', 144, 1, 'pv124.wav', '40.60'),
(125, 83, 57, '1.10', 65, '125.png', 'Élektek', 146, 1, 'pv125.wav', '30.00'),
(126, 95, 57, '1.30', 65, '126.png', 'Magmar', 149, 1, 'pv126.wav', '44.50'),
(127, 125, 100, '1.50', 65, '127.png', 'Scarabrute', 151, 1, 'pv127.wav', '55.00'),
(128, 100, 95, '1.40', 75, '128.png', 'Tauros', 152, 1, 'pv128.wav', '88.40'),
(129, 10, 55, '0.90', 20, '129.png', 'Magicarpe', 153, 1, 'pv129.wav', '10.00'),
(130, 125, 79, '6.50', 95, '130.png', 'Léviator', 154, 1, 'pv130.wav', '235.00'),
(131, 85, 80, '2.50', 130, '131.png', 'Lokhlass', 155, 1, 'pv131.wav', '220.00'),
(132, 48, 48, '0.30', 48, '132.png', 'Métamorph', 156, 1, 'pv132.wav', '4.00'),
(133, 55, 50, '0.30', 55, '133.png', 'Évoli', 157, 1, 'pv133.wav', '6.50'),
(134, 65, 60, '1.00', 130, '134.png', 'Aquali', 158, 1, 'pv134.wav', '29.00'),
(135, 65, 60, '0.80', 65, '135.png', 'Voltali', 159, 1, 'pv135.wav', '24.50'),
(136, 130, 60, '0.90', 65, '136.png', 'Pyroli', 160, 1, 'pv136.wav', '25.00'),
(137, 60, 70, '0.80', 65, '137.png', 'Porygon', 166, 1, 'pv137.wav', '36.50'),
(138, 40, 100, '0.40', 35, '138.png', 'Amonita', 169, 1, 'pv138.wav', '7.50'),
(139, 60, 125, '1.00', 70, '139.png', 'Amonistar', 170, 1, 'pv139.wav', '35.00'),
(140, 80, 90, '0.50', 30, '140.png', 'Kabuto', 171, 1, 'pv140.wav', '11.50'),
(141, 115, 105, '1.30', 60, '141.png', 'Kabutops', 172, 1, 'pv141.wav', '40.50'),
(142, 105, 65, '1.80', 80, '142.png', 'Ptéra', 173, 1, 'pv142.wav', '59.00'),
(143, 110, 65, '2.10', 160, '143.png', 'Ronflex', 175, 1, 'pv143.wav', '460.00'),
(144, 85, 100, '1.70', 90, '144.png', 'Artikodin', 176, 1, 'pv144.wav', '55.40'),
(145, 90, 85, '1.60', 90, '145.png', 'Électhor', 177, 1, 'pv145.wav', '52.60'),
(146, 100, 90, '2.00', 90, '146.png', 'Sulfura', 178, 1, 'pv146.wav', '60.00'),
(147, 64, 45, '1.80', 41, '147.png', 'Minidraco', 179, 1, 'pv147.wav', '3.30'),
(148, 84, 65, '4.00', 61, '148.png', 'Draco', 180, 1, 'pv148.wav', '16.50'),
(149, 134, 95, '2.20', 91, '149.png', 'Dracolosse', 181, 1, 'pv149.wav', '210.00'),
(150, 110, 90, '2.00', 106, '150.png', 'Mewtwo', 182, 1, 'pv150.wav', '122.00'),
(151, 100, 100, '0.40', 100, '151.png', 'Mew', 183, 1, 'pv151.wav', '4.00'),
(152, 49, 65, '0.89', 45, '152.png', 'Germignon', 184, 2, 'pv152.wav', '6.40'),
(153, 62, 80, '1.19', 60, '153.png', 'Macronium', 185, 2, 'pv153.wav', '15.80'),
(154, 82, 100, '1.80', 80, '154.png', 'Méganium', 186, 2, 'pv154.wav', '100.50'),
(155, 52, 43, '0.51', 39, '155.png', 'Héricendre', 187, 2, 'pv155.wav', '7.90'),
(156, 64, 58, '0.89', 58, '156.png', 'Feurisson', 188, 2, 'pv156.wav', '19.00'),
(157, 84, 78, '1.70', 78, '157.png', 'Typhlosion', 189, 2, 'pv157.wav', '79.50'),
(158, 65, 64, '0.61', 50, '158.png', 'Kaiminus', 190, 2, 'pv158.wav', '9.50'),
(159, 80, 80, '1.09', 65, '159.png', 'Crocrodil', 191, 2, 'pv159.wav', '25.00'),
(160, 105, 100, '2.31', 85, '160.png', 'Aligatueur', 192, 2, 'pv160.wav', '88.80'),
(161, 46, 34, '0.79', 35, '161.png', 'Fouinette', 193, 2, 'pv161.wav', '6.00'),
(162, 76, 64, '1.80', 85, '162.png', 'Fouinar', 194, 2, 'pv162.wav', '32.50'),
(163, 30, 30, '0.71', 60, '163.png', 'Hoothoot', 195, 2, 'pv163.wav', '21.20'),
(164, 50, 50, '1.60', 100, '164.png', 'Noarfang', 196, 2, 'pv164.wav', '40.80'),
(165, 20, 30, '0.99', 40, '165.png', 'Coxy', 197, 2, 'pv165.wav', '10.80'),
(166, 35, 50, '1.40', 55, '166.png', 'Coxyclaque', 198, 2, 'pv166.wav', '35.60'),
(167, 60, 40, '0.51', 40, '167.png', 'Mimigal', 199, 2, 'pv167.wav', '8.50'),
(168, 90, 70, '1.09', 70, '168.png', 'Migalos', 200, 2, 'pv168.wav', '33.50'),
(169, 90, 80, '1.80', 85, '169.png', 'Nostenfer', 46, 2, 'pv169.wav', '75.00'),
(170, 38, 38, '0.51', 75, '170.png', 'Loupio', 201, 2, 'pv170.wav', '12.00'),
(171, 58, 58, '1.19', 125, '171.png', 'Lanturn', 202, 2, 'pv171.wav', '22.50'),
(172, 40, 15, '0.30', 20, '172.png', 'Pichu', 25, 2, 'pv172.wav', '2.00'),
(173, 25, 28, '0.30', 50, '173.png', 'Mélo', 36, 2, 'pv173.wav', '3.00'),
(174, 30, 15, '0.30', 90, '174.png', 'Toudoudou', 41, 2, 'pv174.wav', '1.00'),
(175, 20, 65, '0.30', 35, '175.png', 'Togepi', 203, 2, 'pv175.wav', '1.50'),
(176, 40, 85, '0.61', 55, '176.png', 'Togetic', 204, 2, 'pv176.wav', '3.20'),
(177, 50, 45, '0.20', 40, '177.png', 'Natu', 206, 2, 'pv177.wav', '2.00'),
(178, 75, 70, '1.50', 65, '178.png', 'Xatu', 207, 2, 'pv178.wav', '15.00'),
(179, 40, 40, '0.61', 55, '179.png', 'Wattouat', 208, 2, 'pv179.wav', '7.80'),
(180, 55, 55, '0.79', 70, '180.png', 'Lainergie', 209, 2, 'pv180.wav', '13.30'),
(181, 75, 85, '1.40', 90, '181.png', 'Pharamp', 210, 2, 'pv181.wav', '61.50'),
(182, 80, 95, '0.41', 75, '182.png', 'Joliflor', 50, 2, 'pv182.wav', '5.80'),
(183, 20, 50, '0.41', 70, '183.png', 'Marill', 212, 2, 'pv183.wav', '8.50'),
(184, 50, 80, '0.79', 100, '184.png', 'Azumarill', 213, 2, 'pv184.wav', '28.50'),
(185, 100, 115, '1.19', 70, '185.png', 'Simularbre', 215, 2, 'pv185.wav', '38.00'),
(186, 75, 75, '1.09', 90, '186.png', 'Tarpaud', 68, 2, 'pv186.wav', '33.90'),
(187, 35, 40, '0.41', 35, '187.png', 'Granivol', 216, 2, 'pv187.wav', '0.50'),
(188, 45, 50, '0.61', 55, '188.png', 'Floravol', 217, 2, 'pv188.wav', '1.00'),
(189, 55, 70, '0.79', 75, '189.png', 'Cotovol', 218, 2, 'pv189.wav', '3.00'),
(190, 70, 55, '0.79', 55, '190.png', 'Capumain', 219, 2, 'pv190.wav', '11.50'),
(191, 30, 30, '0.30', 30, '191.png', 'Tournegrin', 221, 2, 'pv191.wav', '1.80'),
(192, 75, 55, '0.79', 75, '192.png', 'Héliatronc', 222, 2, 'pv192.wav', '8.50'),
(193, 65, 45, '1.19', 65, '193.png', 'Yanma', 223, 2, 'pv193.wav', '38.00'),
(194, 45, 45, '0.41', 55, '194.png', 'Axoloto', 225, 2, 'pv194.wav', '8.50'),
(195, 85, 85, '1.40', 95, '195.png', 'Maraiste', 226, 2, 'pv195.wav', '75.00'),
(196, 65, 60, '0.89', 65, '196.png', 'Mentali', 161, 2, 'pv196.wav', '26.50'),
(197, 65, 110, '0.99', 95, '197.png', 'Noctali', 162, 2, 'pv197.wav', '27.00'),
(198, 85, 42, '0.51', 60, '198.png', 'Cornèbre', 227, 2, 'pv198.wav', '2.10'),
(199, 75, 80, '2.01', 95, '199.png', 'Roigada', 87, 2, 'pv199.wav', '79.50'),
(200, 60, 60, '0.71', 60, '200.png', 'Feuforêve', 229, 2, 'pv200.wav', '1.00'),
(201, 72, 48, '0.51', 48, '201.png', 'Zarbi', 231, 2, 'pv201.wav', '5.00'),
(202, 33, 58, '1.30', 190, '202.png', 'Qulbutoké', 233, 2, 'pv202.wav', '28.50'),
(203, 80, 65, '1.50', 70, '203.png', 'Girafarig', 234, 2, 'pv203.wav', '41.50'),
(204, 65, 90, '0.61', 50, '204.png', 'Pomdepik', 235, 2, 'pv204.wav', '7.20'),
(205, 90, 140, '1.19', 75, '205.png', 'Foretress', 236, 2, 'pv205.wav', '125.80'),
(206, 70, 70, '1.50', 100, '206.png', 'Insolourdo', 237, 2, 'pv206.wav', '14.00'),
(207, 75, 105, '1.09', 65, '207.png', 'Scorplane', 238, 2, 'pv207.wav', '64.80'),
(208, 85, 200, '9.19', 75, '208.png', 'Steelix', 104, 2, 'pv208.wav', '400.00'),
(209, 80, 50, '0.61', 60, '209.png', 'Snubbull', 240, 2, 'pv209.wav', '7.80'),
(210, 120, 75, '1.40', 90, '210.png', 'Granbull', 241, 2, 'pv210.wav', '48.70'),
(211, 95, 85, '0.51', 65, '211.png', 'Qwilfish', 242, 2, 'pv211.wav', '3.90'),
(212, 130, 100, '2.01', 70, '212.png', 'Cizayox', 142, 2, 'pv212.wav', '125.00'),
(213, 10, 230, '0.61', 20, '213.png', 'Caratroc', 243, 2, 'pv213.wav', '20.50'),
(214, 125, 75, '1.50', 80, '214.png', 'Scarhino', 244, 2, 'pv214.wav', '54.00'),
(215, 95, 55, '0.89', 55, '215.png', 'Farfuret', 245, 2, 'pv215.wav', '28.00'),
(216, 80, 50, '0.61', 60, '216.png', 'Teddiursa', 247, 2, 'pv216.wav', '8.80'),
(217, 130, 75, '1.80', 90, '217.png', 'Ursaring', 248, 2, 'pv217.wav', '125.80'),
(218, 40, 40, '0.71', 40, '218.png', 'Limagma', 249, 2, 'pv218.wav', '35.00'),
(219, 50, 120, '0.79', 60, '219.png', 'Volcaropod', 250, 2, 'pv219.wav', '55.00'),
(220, 50, 40, '0.41', 50, '220.png', 'Marcacrin', 251, 2, 'pv220.wav', '6.50'),
(221, 100, 80, '1.09', 100, '221.png', 'Cochignon', 252, 2, 'pv221.wav', '55.80'),
(222, 55, 95, '0.61', 65, '222.png', 'Corayon', 254, 2, 'pv222.wav', '5.00'),
(223, 65, 35, '0.61', 35, '223.png', 'Rémoraid', 255, 2, 'pv223.wav', '12.00'),
(224, 105, 75, '0.89', 75, '224.png', 'Octillery', 256, 2, 'pv224.wav', '28.50'),
(225, 55, 45, '0.89', 45, '225.png', 'Cadoizo', 257, 2, 'pv225.wav', '16.00'),
(226, 40, 70, '2.11', 85, '226.png', 'Démanta', 259, 2, 'pv226.wav', '220.00'),
(227, 80, 140, '1.70', 65, '227.png', 'Airmure', 260, 2, 'pv227.wav', '50.50'),
(228, 60, 30, '0.61', 45, '228.png', 'Malosse', 261, 2, 'pv228.wav', '10.80'),
(229, 90, 50, '1.40', 75, '229.png', 'Démolosse', 262, 2, 'pv229.wav', '35.00'),
(230, 95, 95, '1.80', 75, '230.png', 'Hyporoi', 134, 2, 'pv230.wav', '152.00'),
(231, 60, 60, '0.51', 90, '231.png', 'Phanpy', 263, 2, 'pv231.wav', '33.50'),
(232, 120, 120, '1.09', 90, '232.png', 'Donphan', 264, 2, 'pv232.wav', '120.00'),
(233, 80, 90, '0.61', 85, '233.png', 'Porygon2', 167, 2, 'pv233.wav', '32.50'),
(234, 95, 62, '1.40', 73, '234.png', 'Cerfrousse', 265, 2, 'pv234.wav', '71.20'),
(235, 20, 35, '1.19', 55, '235.png', 'Queulorior', 266, 2, 'pv235.wav', '58.00'),
(236, 35, 35, '0.71', 35, '236.png', 'Debugant', 115, 2, 'pv236.wav', '21.00'),
(237, 95, 95, '1.40', 50, '237.png', 'Kapoera', 118, 2, 'pv237.wav', '48.00'),
(238, 30, 15, '0.41', 45, '238.png', 'Lippouti', 143, 2, 'pv238.wav', '6.00'),
(239, 63, 37, '0.61', 45, '239.png', 'Élekid', 145, 2, 'pv239.wav', '23.50'),
(240, 75, 37, '0.71', 45, '240.png', 'Magby', 148, 2, 'pv240.wav', '21.40'),
(241, 80, 105, '1.19', 95, '241.png', 'Écrémeuh', 267, 2, 'pv241.wav', '75.50'),
(242, 10, 10, '1.50', 255, '242.png', 'Leuphorie', 128, 2, 'pv242.wav', '46.80'),
(243, 85, 75, '1.91', 90, '243.png', 'Raikou', 268, 2, 'pv243.wav', '178.00'),
(244, 115, 85, '2.11', 115, '244.png', 'Entei', 269, 2, 'pv244.wav', '198.00'),
(245, 75, 115, '2.01', 100, '245.png', 'Suicune', 270, 2, 'pv245.wav', '187.00'),
(246, 64, 50, '0.61', 50, '246.png', 'Embrylex', 271, 2, 'pv246.wav', '72.00'),
(247, 84, 70, '1.19', 70, '247.png', 'Ymphect', 272, 2, 'pv247.wav', '152.00'),
(248, 134, 110, '2.01', 100, '248.png', 'Tyranocif', 273, 2, 'pv248.wav', '202.00'),
(249, 90, 130, '5.21', 106, '249.png', 'Lugia', 274, 2, 'pv249.wav', '216.00'),
(250, 130, 90, '3.81', 106, '250.png', 'Ho Oh', 275, 2, 'pv250.wav', '199.00'),
(251, 100, 100, '0.61', 100, '251.png', 'Celebi', 276, 2, 'pv251.wav', '5.00'),
(252, 45, 35, '0.51', 40, '252.png', 'Arcko', 277, 3, 'pv252.wav', '5.00'),
(253, 65, 45, '0.89', 50, '253.png', 'Massko', 278, 3, 'pv253.wav', '21.60'),
(254, 85, 65, '1.70', 70, '254.png', 'Jungko', 279, 3, 'pv254.wav', '52.20'),
(255, 60, 40, '0.41', 45, '255.png', 'Poussifeu', 280, 3, 'pv255.wav', '2.50'),
(256, 85, 60, '0.89', 60, '256.png', 'Galifeu', 281, 3, 'pv256.wav', '19.50'),
(257, 120, 70, '1.91', 80, '257.png', 'Braségali', 282, 3, 'pv257.wav', '52.00'),
(258, 70, 50, '0.41', 50, '258.png', 'Gobou', 283, 3, 'pv258.wav', '7.60'),
(259, 85, 70, '0.71', 70, '259.png', 'Flobio', 284, 3, 'pv259.wav', '28.00'),
(260, 110, 90, '1.50', 100, '260.png', 'Laggron', 285, 3, 'pv260.wav', '81.90'),
(261, 55, 35, '0.51', 35, '261.png', 'Medhyèna', 286, 3, 'pv261.wav', '13.60'),
(262, 90, 70, '0.99', 70, '262.png', 'Grahyèna', 287, 3, 'pv262.wav', '37.00'),
(263, 30, 41, '0.41', 38, '263.png', 'Zigzaton', 288, 3, 'pv263.wav', '17.50'),
(264, 70, 61, '0.51', 78, '264.png', 'Linéon', 289, 3, 'pv264.wav', '32.50'),
(265, 45, 35, '0.30', 45, '265.png', 'Chenipotte', 290, 3, 'pv265.wav', '3.60'),
(266, 35, 55, '0.61', 50, '266.png', 'Armulys', 291, 3, 'pv266.wav', '10.00'),
(267, 70, 50, '0.99', 60, '267.png', 'Charmillon', 292, 3, 'pv267.wav', '28.40'),
(268, 35, 55, '0.71', 50, '268.png', 'Blindalys', 293, 3, 'pv268.wav', '11.50'),
(269, 50, 70, '1.19', 60, '269.png', 'Papinox', 294, 3, 'pv269.wav', '31.60'),
(270, 30, 30, '0.51', 40, '270.png', 'Nénupiot', 295, 3, 'pv270.wav', '2.60'),
(271, 50, 50, '1.19', 60, '271.png', 'Lombre', 296, 3, 'pv271.wav', '32.50'),
(272, 70, 70, '1.50', 80, '272.png', 'Ludicolo', 297, 3, 'pv272.wav', '55.00'),
(273, 40, 50, '0.51', 40, '273.png', 'Grainipiot', 298, 3, 'pv273.wav', '4.00'),
(274, 70, 40, '0.99', 70, '274.png', 'Pifeuil', 299, 3, 'pv274.wav', '28.00'),
(275, 100, 60, '1.30', 90, '275.png', 'Tengalice', 300, 3, 'pv275.wav', '59.60'),
(276, 55, 30, '0.30', 40, '276.png', 'Nirondelle', 301, 3, 'pv276.wav', '2.30'),
(277, 85, 60, '0.71', 60, '277.png', 'Hélédelle', 302, 3, 'pv277.wav', '19.80'),
(278, 30, 30, '0.61', 40, '278.png', 'Goélise', 303, 3, 'pv278.wav', '9.50'),
(279, 50, 100, '1.19', 60, '279.png', 'Bekipan', 304, 3, 'pv279.wav', '28.00'),
(280, 25, 25, '0.41', 28, '280.png', 'Tarsal', 305, 3, 'pv280.wav', '6.60'),
(281, 35, 35, '0.79', 38, '281.png', 'Kirlia', 306, 3, 'pv281.wav', '20.20'),
(282, 65, 65, '1.60', 68, '282.png', 'Gardevoir', 307, 3, 'pv282.wav', '48.40'),
(283, 30, 32, '0.51', 40, '283.png', 'Arakdo', 309, 3, 'pv283.wav', '1.70'),
(284, 60, 62, '0.79', 70, '284.png', 'Maskadra', 310, 3, 'pv284.wav', '3.60'),
(285, 40, 60, '0.41', 60, '285.png', 'Balignon', 311, 3, 'pv285.wav', '4.50'),
(286, 130, 80, '1.19', 60, '286.png', 'Chapignon', 312, 3, 'pv286.wav', '39.20'),
(287, 60, 60, '0.79', 60, '287.png', 'Parecool', 313, 3, 'pv287.wav', '24.00'),
(288, 80, 80, '1.40', 80, '288.png', 'Vigoroth', 314, 3, 'pv288.wav', '46.50'),
(289, 160, 100, '2.01', 150, '289.png', 'Monaflèmit', 315, 3, 'pv289.wav', '130.50'),
(290, 45, 90, '0.51', 31, '290.png', 'Ningale', 316, 3, 'pv290.wav', '5.50'),
(291, 90, 45, '0.79', 61, '291.png', 'Ninjask', 317, 3, 'pv291.wav', '12.00'),
(292, 90, 45, '0.79', 1, '292.png', 'Munja', 318, 3, 'pv292.wav', '1.20'),
(293, 51, 23, '0.61', 64, '293.png', 'Chuchmur', 319, 3, 'pv293.wav', '16.30'),
(294, 71, 43, '0.99', 84, '294.png', 'Ramboum', 320, 3, 'pv294.wav', '40.50'),
(295, 91, 63, '1.50', 104, '295.png', 'Brouhabam', 321, 3, 'pv295.wav', '84.00'),
(296, 60, 30, '0.99', 72, '296.png', 'Makuhita', 322, 3, 'pv296.wav', '86.40'),
(297, 120, 60, '2.31', 144, '297.png', 'Hariyama', 323, 3, 'pv297.wav', '253.80'),
(298, 20, 40, '0.20', 50, '298.png', 'Azurill', 211, 3, 'pv298.wav', '2.00'),
(299, 45, 135, '0.99', 30, '299.png', 'Tarinor', 324, 3, 'pv299.wav', '97.00'),
(300, 45, 45, '0.61', 50, '300.png', 'Skitty', 326, 3, 'pv300.wav', '11.00'),
(301, 65, 65, '1.09', 70, '301.png', 'Delcatty', 327, 3, 'pv301.wav', '32.60'),
(302, 75, 75, '0.51', 50, '302.png', 'Ténéfix', 328, 3, 'pv302.wav', '11.00'),
(303, 85, 85, '0.61', 50, '303.png', 'Mysdibule', 329, 3, 'pv303.wav', '11.50'),
(304, 70, 100, '0.41', 50, '304.png', 'Galekid', 330, 3, 'pv304.wav', '60.00'),
(305, 90, 140, '0.89', 60, '305.png', 'Galegon', 331, 3, 'pv305.wav', '120.00'),
(306, 110, 180, '2.11', 70, '306.png', 'Galeking', 332, 3, 'pv306.wav', '360.00'),
(307, 40, 55, '0.61', 30, '307.png', 'Méditikka', 333, 3, 'pv307.wav', '11.20'),
(308, 60, 75, '1.30', 60, '308.png', 'Charmina', 334, 3, 'pv308.wav', '31.50'),
(309, 45, 40, '0.61', 40, '309.png', 'Dynavolt', 335, 3, 'pv309.wav', '15.20'),
(310, 75, 60, '1.50', 70, '310.png', 'Élecsprint', 336, 3, 'pv310.wav', '40.20'),
(311, 50, 40, '0.41', 60, '311.png', 'Posipi', 337, 3, 'pv311.wav', '4.20'),
(312, 40, 50, '0.41', 60, '312.png', 'Négapi', 338, 3, 'pv312.wav', '4.20'),
(313, 73, 75, '0.71', 65, '313.png', 'Muciole', 339, 3, 'pv313.wav', '17.70'),
(314, 47, 75, '0.71', 65, '314.png', 'Lumivole', 340, 3, 'pv314.wav', '17.70'),
(315, 60, 45, '0.30', 50, '315.png', 'Rosélia', 342, 3, 'pv315.wav', '2.00'),
(316, 43, 53, '0.41', 70, '316.png', 'Gloupti', 344, 3, 'pv316.wav', '10.30'),
(317, 73, 83, '1.70', 100, '317.png', 'Avaltout', 345, 3, 'pv317.wav', '80.00'),
(318, 90, 20, '0.79', 45, '318.png', 'Carvanha', 346, 3, 'pv318.wav', '20.80'),
(319, 120, 40, '1.80', 70, '319.png', 'Sharpedo', 347, 3, 'pv319.wav', '88.80'),
(320, 70, 35, '2.01', 130, '320.png', 'Wailmer', 348, 3, 'pv320.wav', '130.00'),
(321, 90, 45, '14.50', 170, '321.png', 'Wailord', 349, 3, 'pv321.wav', '398.00'),
(322, 60, 40, '0.71', 60, '322.png', 'Chamallot', 350, 3, 'pv322.wav', '24.00'),
(323, 100, 70, '1.91', 70, '323.png', 'Camérupt', 351, 3, 'pv323.wav', '220.00'),
(324, 85, 140, '0.51', 70, '324.png', 'Chartor', 352, 3, 'pv324.wav', '80.40'),
(325, 25, 35, '0.71', 60, '325.png', 'Spoink', 353, 3, 'pv325.wav', '30.60'),
(326, 45, 65, '0.89', 80, '326.png', 'Groret', 354, 3, 'pv326.wav', '71.50'),
(327, 60, 60, '1.09', 60, '327.png', 'Spinda', 355, 3, 'pv327.wav', '5.00'),
(328, 100, 45, '0.71', 45, '328.png', 'Kraknoix', 356, 3, 'pv328.wav', '15.00'),
(329, 70, 50, '1.09', 50, '329.png', 'Vibraninf', 357, 3, 'pv329.wav', '15.30'),
(330, 100, 80, '2.01', 80, '330.png', 'Libégon', 358, 3, 'pv330.wav', '82.00'),
(331, 85, 40, '0.41', 50, '331.png', 'Cacnea', 359, 3, 'pv331.wav', '51.30'),
(332, 115, 60, '1.30', 70, '332.png', 'Cacturne', 360, 3, 'pv332.wav', '77.40'),
(333, 40, 60, '0.41', 45, '333.png', 'Tylton', 361, 3, 'pv333.wav', '1.20'),
(334, 70, 90, '1.09', 75, '334.png', 'Altaria', 362, 3, 'pv334.wav', '20.60'),
(335, 115, 60, '1.30', 73, '335.png', 'Mangriff', 363, 3, 'pv335.wav', '40.30'),
(336, 100, 60, '2.69', 73, '336.png', 'Séviper', 364, 3, 'pv336.wav', '52.50'),
(337, 55, 65, '0.99', 90, '337.png', 'Séléroc', 365, 3, 'pv337.wav', '168.00'),
(338, 95, 85, '1.19', 90, '338.png', 'Solaroc', 366, 3, 'pv338.wav', '154.00'),
(339, 48, 43, '0.41', 50, '339.png', 'Barloche', 367, 3, 'pv339.wav', '1.90'),
(340, 78, 73, '0.89', 110, '340.png', 'Barbicha', 368, 3, 'pv340.wav', '23.60'),
(341, 80, 65, '0.61', 43, '341.png', 'Écrapince', 369, 3, 'pv341.wav', '11.50'),
(342, 120, 85, '1.09', 63, '342.png', 'Colhomard', 370, 3, 'pv342.wav', '32.80'),
(343, 40, 55, '0.51', 40, '343.png', 'Balbuto', 371, 3, 'pv343.wav', '21.50'),
(344, 70, 105, '1.50', 60, '344.png', 'Kaorine', 372, 3, 'pv344.wav', '108.00'),
(345, 41, 77, '0.99', 66, '345.png', 'Lilia', 373, 3, 'pv345.wav', '23.80'),
(346, 81, 97, '1.50', 86, '346.png', 'Vacilys', 374, 3, 'pv346.wav', '60.40'),
(347, 95, 50, '0.71', 45, '347.png', 'Anorith', 375, 3, 'pv347.wav', '12.50'),
(348, 125, 100, '1.50', 75, '348.png', 'Armaldo', 376, 3, 'pv348.wav', '68.20'),
(349, 15, 20, '0.61', 20, '349.png', 'Barpau', 377, 3, 'pv349.wav', '7.40'),
(350, 60, 79, '6.20', 95, '350.png', 'Milobellus', 378, 3, 'pv350.wav', '162.00'),
(351, 70, 70, '0.30', 70, '351.png', 'Morphéo', 379, 3, 'pv351.wav', '0.80'),
(352, 90, 70, '0.99', 60, '352.png', 'Kecleon', 380, 3, 'pv352.wav', '22.00'),
(353, 75, 35, '0.61', 44, '353.png', 'Polichombr', 381, 3, 'pv353.wav', '2.30'),
(354, 115, 65, '1.09', 64, '354.png', 'Branette', 382, 3, 'pv354.wav', '12.50'),
(355, 40, 90, '0.79', 20, '355.png', 'Skelénox', 383, 3, 'pv355.wav', '15.00'),
(356, 70, 130, '1.60', 40, '356.png', 'Téraclope', 384, 3, 'pv356.wav', '30.60'),
(357, 68, 83, '2.01', 99, '357.png', 'Tropius', 386, 3, 'pv357.wav', '100.00'),
(358, 50, 80, '0.61', 75, '358.png', 'Éoko', 388, 3, 'pv358.wav', '1.00'),
(359, 130, 60, '1.19', 65, '359.png', 'Absol', 389, 3, 'pv359.wav', '47.00'),
(360, 23, 48, '0.61', 95, '360.png', 'Okéoké', 232, 3, 'pv360.wav', '14.00'),
(361, 50, 50, '0.71', 50, '361.png', 'Stalgamin', 390, 3, 'pv361.wav', '16.80'),
(362, 80, 80, '1.50', 80, '362.png', 'Oniglali', 391, 3, 'pv362.wav', '256.50'),
(363, 40, 50, '0.79', 70, '363.png', 'Obalie', 393, 3, 'pv363.wav', '39.50'),
(364, 60, 70, '1.09', 90, '364.png', 'Phogleur', 394, 3, 'pv364.wav', '87.60'),
(365, 80, 90, '1.40', 110, '365.png', 'Kaimorse', 395, 3, 'pv365.wav', '150.60'),
(366, 64, 85, '0.41', 35, '366.png', 'Coquiperl', 396, 3, 'pv366.wav', '52.50'),
(367, 104, 105, '1.70', 55, '367.png', 'Serpang', 397, 3, 'pv367.wav', '27.00'),
(368, 84, 105, '1.80', 55, '368.png', 'Rosabyss', 398, 3, 'pv368.wav', '22.60'),
(369, 90, 130, '0.99', 100, '369.png', 'Relicanth', 399, 3, 'pv369.wav', '23.40'),
(370, 30, 55, '0.61', 43, '370.png', 'Lovdisc', 400, 3, 'pv370.wav', '8.70'),
(371, 75, 60, '0.61', 45, '371.png', 'Draby', 401, 3, 'pv371.wav', '42.10'),
(372, 95, 100, '1.09', 65, '372.png', 'Drackhaus', 402, 3, 'pv372.wav', '110.50'),
(373, 135, 80, '1.50', 95, '373.png', 'Drattak', 403, 3, 'pv373.wav', '102.60'),
(374, 55, 80, '0.61', 40, '374.png', 'Terhal', 404, 3, 'pv374.wav', '95.20'),
(375, 75, 100, '1.19', 60, '375.png', 'Métang', 405, 3, 'pv375.wav', '202.50'),
(376, 135, 130, '1.60', 80, '376.png', 'Métalosse', 406, 3, 'pv376.wav', '550.00'),
(377, 100, 200, '1.70', 80, '377.png', 'Regirock', 407, 3, 'pv377.wav', '230.00'),
(378, 50, 100, '1.80', 80, '378.png', 'Regice', 408, 3, 'pv378.wav', '175.00'),
(379, 75, 150, '1.91', 80, '379.png', 'Registeel', 409, 3, 'pv379.wav', '205.00'),
(380, 80, 90, '1.40', 80, '380.png', 'Latias', 410, 3, 'pv380.wav', '40.00'),
(381, 90, 80, '2.01', 80, '381.png', 'Latios', 411, 3, 'pv381.wav', '60.00'),
(382, 100, 90, '4.50', 100, '382.png', 'Kyogre', 412, 3, 'pv382.wav', '352.00'),
(383, 150, 140, '3.51', 100, '383.png', 'Groudon', 413, 3, 'pv383.wav', '950.00'),
(384, 150, 90, '7.01', 105, '384.png', 'Rayquaza', 414, 3, 'pv384.wav', '206.50'),
(385, 100, 100, '0.30', 100, '385.png', 'Jirachi', 415, 3, 'pv385.wav', '1.10'),
(386, 150, 50, '1.70', 50, '386.png', 'Deoxys', 416, 3, 'pv386.wav', '60.80'),
(387, 68, 64, '0.40', 55, '387.png', 'Tortipouss', 417, 4, 'pv387.wav', '10.20'),
(388, 89, 85, '1.10', 75, '388.png', 'Boskara', 418, 4, 'pv388.wav', '97.00'),
(389, 109, 105, '2.20', 95, '389.png', 'Torterra', 419, 4, 'pv389.wav', '310.00'),
(390, 58, 44, '0.50', 44, '390.png', 'Ouisticram', 420, 4, 'pv390.wav', '6.20'),
(391, 78, 52, '0.90', 64, '391.png', 'Chimpenfeu', 421, 4, 'pv391.wav', '22.00'),
(392, 104, 71, '1.20', 76, '392.png', 'Simiabraz', 422, 4, 'pv392.wav', '55.00'),
(393, 51, 53, '0.40', 53, '393.png', 'Tiplouf', 423, 4, 'pv393.wav', '5.20'),
(394, 66, 68, '0.80', 64, '394.png', 'Prinplouf', 424, 4, 'pv394.wav', '23.00'),
(395, 86, 88, '1.70', 84, '395.png', 'Pingoléon', 425, 4, 'pv395.wav', '84.50'),
(396, 55, 30, '0.30', 40, '396.png', 'Étourmi', 426, 4, 'pv396.wav', '2.00'),
(397, 75, 50, '0.60', 55, '397.png', 'Étourvol', 427, 4, 'pv397.wav', '15.50'),
(398, 120, 70, '1.20', 85, '398.png', 'Étouraptor', 428, 4, 'pv398.wav', '24.90'),
(399, 45, 40, '0.50', 59, '399.png', 'Keunotor', 429, 4, 'pv399.wav', '20.00'),
(400, 85, 60, '1.00', 79, '400.png', 'Castorno', 430, 4, 'pv400.wav', '31.50'),
(401, 25, 41, '0.30', 37, '401.png', 'Crikzik', 431, 4, 'pv401.wav', '2.20'),
(402, 85, 51, '1.00', 77, '402.png', 'Mélokrik', 432, 4, 'pv402.wav', '25.50'),
(403, 65, 34, '0.50', 45, '403.png', 'Lixy', 433, 4, 'pv403.wav', '9.50'),
(404, 85, 49, '0.90', 60, '404.png', 'Luxio', 434, 4, 'pv404.wav', '30.50'),
(405, 120, 79, '1.40', 80, '405.png', 'Luxray', 435, 4, 'pv405.wav', '42.00'),
(406, 30, 35, '0.20', 40, '406.png', 'Rozbouton', 341, 4, 'pv406.wav', '1.20'),
(407, 70, 65, '0.90', 60, '407.png', 'Roserade', 343, 4, 'pv407.wav', '14.50'),
(408, 125, 40, '0.90', 67, '408.png', 'Kranidos', 436, 4, 'pv408.wav', '31.50'),
(409, 165, 60, '1.60', 97, '409.png', 'Charkos', 437, 4, 'pv409.wav', '102.50'),
(410, 42, 118, '0.50', 30, '410.png', 'Dinoclier', 438, 4, 'pv410.wav', '57.00'),
(411, 52, 168, '1.30', 60, '411.png', 'Bastiodon', 439, 4, 'pv411.wav', '149.50'),
(412, 29, 45, '0.20', 40, '412.png', 'Cheniti', 440, 4, 'pv412.wav', '3.40'),
(413, 59, 85, '0.50', 60, '413.png', 'Cheniselle', 441, 4, 'pv413.wav', '6.50'),
(414, 94, 50, '0.90', 70, '414.png', 'Papilord', 442, 4, 'pv414.wav', '23.30'),
(415, 30, 42, '0.30', 30, '415.png', 'Apitrini', 443, 4, 'pv415.wav', '5.50'),
(416, 80, 102, '1.20', 70, '416.png', 'Apireine', 444, 4, 'pv416.wav', '38.50'),
(417, 45, 70, '0.40', 60, '417.png', 'Pachirisu', 445, 4, 'pv417.wav', '3.90'),
(418, 65, 35, '0.70', 55, '418.png', 'Mustébouée', 446, 4, 'pv418.wav', '29.50'),
(419, 105, 55, '1.10', 85, '419.png', 'Mustéflott', 447, 4, 'pv419.wav', '33.50'),
(420, 35, 45, '0.40', 45, '420.png', 'Ceribou', 448, 4, 'pv420.wav', '3.30'),
(421, 60, 70, '0.50', 70, '421.png', 'Ceriflor', 449, 4, 'pv421.wav', '9.30'),
(422, 48, 48, '0.30', 76, '422.png', 'Sancoki', 450, 4, 'pv422.wav', '6.30'),
(423, 83, 68, '0.90', 111, '423.png', 'Tritosor', 451, 4, 'pv423.wav', '29.90'),
(424, 100, 66, '1.20', 75, '424.png', 'Capidextre', 220, 4, 'pv424.wav', '20.30'),
(425, 50, 34, '0.40', 90, '425.png', 'Baudrive', 452, 4, 'pv425.wav', '1.20'),
(426, 80, 44, '1.20', 150, '426.png', 'Grodrive', 453, 4, 'pv426.wav', '15.00'),
(427, 66, 44, '0.40', 55, '427.png', 'Laporeille', 454, 4, 'pv427.wav', '5.50'),
(428, 76, 84, '1.20', 65, '428.png', 'Lockpin', 455, 4, 'pv428.wav', '33.30'),
(429, 60, 60, '0.90', 60, '429.png', 'Magirêve', 230, 4, 'pv429.wav', '4.40'),
(430, 125, 52, '0.90', 100, '430.png', 'Corboss', 228, 4, 'pv430.wav', '27.30'),
(431, 55, 42, '0.50', 49, '431.png', 'Chaglam', 456, 4, 'pv431.wav', '3.90'),
(432, 82, 64, '1.00', 71, '432.png', 'Chaffreux', 457, 4, 'pv432.wav', '43.80'),
(433, 30, 50, '0.20', 45, '433.png', 'Korillon', 387, 4, 'pv433.wav', '0.60'),
(434, 63, 47, '0.40', 63, '434.png', 'Moufouette', 458, 4, 'pv434.wav', '19.20'),
(435, 93, 67, '1.00', 103, '435.png', 'Moufflair', 459, 4, 'pv435.wav', '38.00'),
(436, 24, 86, '0.50', 57, '436.png', 'Archéomire', 460, 4, 'pv436.wav', '60.50'),
(437, 89, 116, '1.30', 67, '437.png', 'Archéodong', 461, 4, 'pv437.wav', '187.00'),
(438, 80, 95, '0.50', 50, '438.png', 'Manzaï', 214, 4, 'pv438.wav', '15.00'),
(439, 25, 45, '0.60', 20, '439.png', 'Mime Jr.', 139, 4, 'pv439.wav', '13.00'),
(440, 5, 5, '0.60', 100, '440.png', 'Ptiravi', 126, 4, 'pv440.wav', '24.40'),
(441, 65, 45, '0.50', 76, '441.png', 'Pijako', 462, 4, 'pv441.wav', '1.90'),
(442, 92, 108, '1.00', 50, '442.png', 'Spiritomb', 463, 4, 'pv442.wav', '108.00'),
(443, 70, 45, '0.70', 58, '443.png', 'Griknot', 464, 4, 'pv443.wav', '20.50'),
(444, 90, 65, '1.40', 68, '444.png', 'Carmache', 465, 4, 'pv444.wav', '56.00'),
(445, 130, 95, '1.90', 108, '445.png', 'Carchacrok', 466, 4, 'pv445.wav', '95.00'),
(446, 85, 40, '0.60', 135, '446.png', 'Goinfrex', 174, 4, 'pv446.wav', '105.00'),
(447, 70, 40, '0.70', 40, '447.png', 'Riolu', 467, 4, 'pv447.wav', '20.20'),
(448, 110, 70, '1.20', 70, '448.png', 'Lucario', 468, 4, 'pv448.wav', '54.00'),
(449, 72, 78, '0.80', 68, '449.png', 'Hippopotas', 469, 4, 'pv449.wav', '49.50'),
(450, 112, 118, '2.00', 108, '450.png', 'Hippodocus', 470, 4, 'pv450.wav', '300.00'),
(451, 50, 90, '0.80', 40, '451.png', 'Rapion', 471, 4, 'pv451.wav', '12.00'),
(452, 90, 110, '1.30', 70, '452.png', 'Drascore', 472, 4, 'pv452.wav', '61.50'),
(453, 61, 40, '0.70', 48, '453.png', 'Cradopaud', 473, 4, 'pv453.wav', '23.00'),
(454, 106, 65, '1.30', 83, '454.png', 'Coatox', 474, 4, 'pv454.wav', '44.40'),
(455, 100, 72, '1.40', 74, '455.png', 'Vortente', 475, 4, 'pv455.wav', '27.00'),
(456, 49, 56, '0.40', 49, '456.png', 'Écayon', 476, 4, 'pv456.wav', '7.00'),
(457, 69, 76, '1.20', 69, '457.png', 'Luminéon', 477, 4, 'pv457.wav', '24.00'),
(458, 20, 50, '1.00', 45, '458.png', 'Babimanta', 258, 4, 'pv458.wav', '65.00'),
(459, 62, 50, '1.00', 60, '459.png', 'Blizzi', 478, 4, 'pv459.wav', '50.50'),
(460, 92, 75, '2.20', 90, '460.png', 'Blizzaroi', 479, 4, 'pv460.wav', '135.50'),
(461, 120, 65, '1.10', 70, '461.png', 'Dimoret', 246, 4, 'pv461.wav', '34.00'),
(462, 70, 115, '1.20', 70, '462.png', 'Magnézone', 90, 4, 'pv462.wav', '180.00'),
(463, 85, 95, '1.70', 110, '463.png', 'Coudlangue', 120, 4, 'pv463.wav', '240.00'),
(464, 140, 130, '2.40', 115, '464.png', 'Rhinastoc', 125, 4, 'pv464.wav', '282.80'),
(465, 100, 125, '2.00', 100, '465.png', 'Bouldeneu', 130, 4, 'pv465.wav', '128.60'),
(466, 123, 67, '1.80', 75, '466.png', 'Élekable', 147, 4, 'pv466.wav', '138.60'),
(467, 95, 67, '1.60', 75, '467.png', 'Maganon', 150, 4, 'pv467.wav', '68.00'),
(468, 50, 95, '1.50', 85, '468.png', 'Togekiss', 205, 4, 'pv468.wav', '38.00'),
(469, 76, 86, '1.90', 86, '469.png', 'Yanmega', 224, 4, 'pv469.wav', '51.50'),
(470, 110, 130, '1.00', 65, '470.png', 'Phyllali', 163, 4, 'pv470.wav', '25.50'),
(471, 60, 110, '0.80', 65, '471.png', 'Givrali', 164, 4, 'pv471.wav', '25.90'),
(472, 95, 125, '2.00', 75, '472.png', 'Scorvol', 239, 4, 'pv472.wav', '42.50'),
(473, 130, 80, '2.50', 110, '473.png', 'Mammochon', 253, 4, 'pv473.wav', '291.00'),
(474, 80, 70, '0.90', 85, '474.png', 'Porygon Z', 168, 4, 'pv474.wav', '34.00'),
(475, 125, 65, '1.60', 68, '475.png', 'Gallame', 308, 4, 'pv475.wav', '52.00'),
(476, 55, 145, '1.40', 60, '476.png', 'Tarinorme', 325, 4, 'pv476.wav', '340.00'),
(477, 100, 135, '2.20', 45, '477.png', 'Noctunoir', 385, 4, 'pv477.wav', '106.60'),
(478, 80, 70, '1.30', 70, '478.png', 'Momartik', 392, 4, 'pv478.wav', '26.60'),
(479, 50, 77, '0.30', 50, '479.png', 'Motisma', 480, 4, 'pv479.wav', '0.30'),
(480, 75, 130, '0.30', 75, '480.png', 'Créhelf', 481, 4, 'pv480.wav', '0.30'),
(481, 105, 105, '0.30', 80, '481.png', 'Créfollet', 482, 4, 'pv481.wav', '0.30'),
(482, 125, 70, '0.30', 75, '482.png', 'Créfadet', 483, 4, 'pv482.wav', '0.30'),
(483, 120, 120, '5.40', 100, '483.png', 'Dialga', 484, 4, 'pv483.wav', '683.00'),
(484, 120, 100, '4.20', 90, '484.png', 'Palkia', 485, 4, 'pv484.wav', '336.00'),
(485, 90, 106, '1.70', 91, '485.png', 'Heatran', 486, 4, 'pv485.wav', '430.00'),
(486, 160, 110, '3.70', 110, '486.png', 'Regigigas', 487, 4, 'pv486.wav', '420.00'),
(487, 100, 120, '4.50', 150, '487.png', 'Giratina', 488, 4, 'pv487.wav', '750.00'),
(488, 70, 120, '1.50', 120, '488.png', 'Cresselia', 489, 4, 'pv488.wav', '85.60'),
(489, 80, 80, '0.40', 80, '489.png', 'Phione', 490, 4, 'pv489.wav', '3.10'),
(490, 100, 100, '0.30', 100, '490.png', 'Manaphy', 491, 4, 'pv490.wav', '1.40'),
(491, 90, 90, '1.50', 70, '491.png', 'Darkrai', 492, 4, 'pv491.wav', '50.50'),
(492, 100, 100, '0.20', 100, '492.png', 'Shaymin', 493, 4, 'pv492.wav', '2.10'),
(493, 120, 120, '3.20', 120, '493.png', 'Arceus', 494, 4, 'pv493.wav', '320.00');

-- --------------------------------------------------------

--
-- Structure de la table `pokemon_abilitie`
--

CREATE TABLE `pokemon_abilitie` (
  `pokemon_id` int(4) UNSIGNED DEFAULT NULL,
  `abilitie_id` int(3) UNSIGNED DEFAULT NULL
) ENGINE=InnoDB DEFAULT CHARSET=utf8mb4 COLLATE=utf8mb4_unicode_ci;

--
-- Déchargement des données de la table `pokemon_abilitie`
--

INSERT INTO `pokemon_abilitie` (`pokemon_id`, `abilitie_id`) VALUES
(1, 5),
(1, 4),
(2, 5),
(2, 4),
(3, 5),
(3, 4),
(6, 3),
(6, 2),
(12, 17),
(12, 45),
(13, 7),
(14, 16),
(15, 12),
(15, 82),
(16, 120),
(16, 15),
(16, 126),
(17, 120),
(17, 15),
(17, 126),
(18, 120),
(18, 15),
(18, 126),
(21, 12),
(21, 126),
(22, 12),
(22, 126),
(31, 101),
(31, 10),
(31, 79),
(34, 101),
(34, 10),
(34, 79),
(39, 13),
(39, 39),
(40, 91),
(40, 13),
(40, 39),
(41, 46),
(41, 18),
(42, 46),
(42, 18),
(43, 7),
(43, 5),
(44, 123),
(44, 5),
(45, 5),
(46, 52),
(46, 86),
(47, 52),
(47, 86),
(48, 7),
(48, 17),
(48, 45),
(49, 17),
(62, 25),
(62, 52),
(62, 65),
(69, 81),
(69, 5),
(70, 81),
(70, 5),
(71, 81),
(71, 5),
(72, 1),
(72, 96),
(72, 116),
(73, 1),
(73, 96),
(73, 116),
(74, 20),
(74, 22),
(74, 92),
(75, 20),
(75, 22),
(75, 92),
(76, 20),
(76, 22),
(76, 92),
(79, 19),
(79, 53),
(79, 128),
(80, 19),
(80, 53),
(80, 128),
(81, 136),
(81, 22),
(81, 117),
(82, 136),
(82, 22),
(82, 117),
(83, 118),
(83, 18),
(83, 126),
(84, 15),
(84, 23),
(84, 7),
(85, 15),
(85, 23),
(85, 7),
(87, 71),
(87, 43),
(87, 58),
(91, 47),
(91, 85),
(91, 21),
(92, 70),
(93, 70),
(94, 124),
(95, 30),
(95, 22),
(95, 92),
(102, 90),
(102, 5),
(103, 90),
(103, 5),
(111, 27),
(111, 92),
(111, 8),
(112, 27),
(112, 92),
(112, 8),
(121, 136),
(121, 28),
(122, 51),
(122, 105),
(122, 83),
(123, 80),
(123, 51),
(123, 82),
(124, 86),
(124, 128),
(130, 29),
(130, 9),
(131, 43),
(131, 21),
(131, 65),
(138, 30),
(138, 21),
(138, 25),
(139, 30),
(139, 21),
(139, 25),
(140, 30),
(140, 74),
(140, 25),
(141, 30),
(141, 74),
(141, 25),
(142, 14),
(142, 33),
(142, 92),
(144, 111),
(144, 33),
(145, 97),
(145, 33),
(146, 24),
(146, 33),
(149, 115),
(149, 18),
(163, 17),
(163, 126),
(163, 34),
(164, 17),
(164, 126),
(164, 34),
(165, 78),
(165, 23),
(165, 82),
(166, 106),
(166, 23),
(166, 82),
(167, 12),
(167, 34),
(167, 82),
(168, 12),
(168, 34),
(168, 82),
(169, 46),
(169, 18),
(170, 65),
(170, 37),
(171, 65),
(171, 37),
(174, 13),
(174, 39),
(176, 42),
(176, 119),
(177, 38),
(177, 23),
(177, 98),
(178, 38),
(178, 23),
(178, 98),
(183, 40),
(183, 58),
(184, 40),
(184, 58),
(187, 46),
(187, 32),
(187, 5),
(188, 46),
(188, 32),
(188, 5),
(189, 46),
(189, 32),
(189, 5),
(193, 91),
(193, 45),
(193, 93),
(194, 77),
(194, 65),
(194, 52),
(195, 77),
(195, 65),
(195, 52),
(198, 61),
(198, 42),
(198, 34),
(199, 19),
(199, 53),
(199, 128),
(203, 40),
(203, 23),
(203, 18),
(205, 47),
(205, 22),
(207, 36),
(207, 20),
(207, 129),
(208, 101),
(208, 22),
(208, 92),
(211, 9),
(211, 25),
(211, 79),
(212, 137),
(212, 51),
(212, 82),
(213, 62),
(213, 81),
(213, 22),
(214, 29),
(214, 67),
(214, 82),
(215, 49),
(215, 126),
(215, 18),
(219, 30),
(219, 24),
(219, 114),
(220, 58),
(220, 111),
(220, 128),
(221, 58),
(221, 111),
(221, 128),
(222, 19),
(222, 28),
(225, 34),
(225, 84),
(226, 66),
(226, 65),
(226, 25),
(227, 30),
(227, 22),
(227, 126),
(228, 14),
(228, 35),
(228, 23),
(229, 14),
(229, 35),
(229, 23),
(230, 52),
(230, 12),
(230, 25),
(238, 43),
(238, 128),
(246, 20),
(246, 67),
(247, 16),
(248, 14),
(248, 103),
(249, 115),
(249, 33),
(250, 19),
(250, 33),
(251, 28),
(256, 93),
(256, 2),
(257, 93),
(257, 2),
(259, 52),
(259, 6),
(260, 52),
(260, 6),
(267, 10),
(267, 82),
(269, 45),
(270, 53),
(270, 1),
(270, 25),
(271, 53),
(271, 1),
(271, 25),
(272, 53),
(272, 1),
(272, 25),
(274, 49),
(274, 23),
(274, 5),
(275, 49),
(275, 23),
(275, 5),
(276, 88),
(276, 67),
(277, 88),
(277, 67),
(278, 1),
(278, 43),
(278, 126),
(279, 1),
(279, 44),
(279, 126),
(280, 68),
(280, 98),
(281, 68),
(281, 98),
(282, 68),
(282, 98),
(283, 1),
(283, 25),
(284, 14),
(284, 9),
(286, 51),
(286, 131),
(290, 7),
(290, 45),
(291, 46),
(291, 93),
(292, 54),
(298, 40),
(298, 58),
(302, 61),
(302, 60),
(302, 126),
(303, 101),
(303, 9),
(303, 129),
(304, 59),
(304, 92),
(304, 22),
(305, 59),
(305, 92),
(305, 22),
(306, 59),
(306, 92),
(306, 22),
(307, 68),
(308, 68),
(315, 32),
(315, 79),
(315, 28),
(318, 93),
(318, 64),
(319, 93),
(319, 64),
(322, 53),
(322, 63),
(322, 128),
(323, 134),
(323, 114),
(329, 70),
(330, 70),
(332, 65),
(332, 20),
(333, 28),
(334, 28),
(337, 70),
(338, 70),
(339, 43),
(339, 57),
(339, 128),
(340, 43),
(340, 57),
(340, 128),
(342, 21),
(342, 129),
(343, 70),
(344, 70),
(345, 110),
(346, 110),
(347, 25),
(347, 74),
(348, 25),
(348, 74),
(357, 90),
(357, 3),
(357, 5),
(363, 128),
(363, 71),
(363, 58),
(364, 128),
(364, 71),
(364, 58),
(365, 128),
(365, 71),
(365, 58),
(369, 22),
(369, 92),
(369, 25),
(373, 29),
(373, 9),
(374, 137),
(374, 116),
(375, 137),
(375, 116),
(376, 137),
(376, 116),
(380, 70),
(381, 70),
(384, 76),
(385, 119),
(389, 21),
(389, 4),
(391, 106),
(391, 2),
(392, 106),
(392, 2),
(395, 118),
(395, 6),
(396, 27),
(396, 126),
(397, 27),
(397, 9),
(398, 27),
(398, 9),
(400, 48),
(400, 77),
(400, 63),
(406, 32),
(406, 79),
(406, 28),
(407, 51),
(407, 79),
(407, 28),
(410, 83),
(410, 22),
(411, 83),
(411, 22),
(413, 47),
(413, 57),
(414, 17),
(414, 82),
(415, 135),
(416, 14),
(416, 33),
(423, 121),
(423, 110),
(423, 130),
(425, 112),
(425, 113),
(426, 112),
(426, 113),
(430, 29),
(430, 42),
(430, 34),
(434, 126),
(434, 123),
(435, 126),
(435, 123),
(436, 59),
(436, 127),
(436, 70),
(437, 59),
(437, 127),
(437, 70),
(439, 51),
(439, 105),
(439, 83),
(441, 120),
(441, 15),
(441, 126),
(442, 46),
(442, 33),
(443, 64),
(443, 20),
(444, 64),
(444, 20),
(445, 64),
(445, 20),
(448, 99),
(448, 18),
(448, 80),
(451, 126),
(451, 12),
(451, 74),
(452, 126),
(452, 12),
(452, 74),
(453, 26),
(453, 86),
(453, 57),
(454, 26),
(454, 86),
(454, 57),
(458, 66),
(458, 65),
(458, 25),
(459, 83),
(459, 75),
(460, 83),
(460, 75),
(461, 49),
(461, 33),
(462, 136),
(462, 22),
(462, 117),
(464, 27),
(464, 134),
(464, 8),
(468, 42),
(468, 119),
(469, 91),
(469, 17),
(469, 93),
(472, 131),
(472, 20),
(472, 129),
(473, 58),
(473, 111),
(473, 128),
(475, 99),
(475, 80),
(476, 121),
(476, 117),
(476, 22),
(478, 124),
(478, 111),
(479, 70),
(483, 68),
(483, 33),
(484, 68),
(484, 33),
(485, 24),
(485, 35),
(487, 68),
(487, 33);

-- --------------------------------------------------------

--
-- Structure de la table `pokemon_fastmove`
--

CREATE TABLE `pokemon_fastmove` (
  `pokemon_id` int(4) UNSIGNED DEFAULT NULL,
  `fastmove_id` int(3) UNSIGNED DEFAULT NULL
) ENGINE=InnoDB DEFAULT CHARSET=utf8mb4 COLLATE=utf8mb4_unicode_ci;

--
-- Déchargement des données de la table `pokemon_fastmove`
--

INSERT INTO `pokemon_fastmove` (`pokemon_id`, `fastmove_id`) VALUES
(1, 18),
(1, 40),
(2, 18),
(2, 9),
(3, 18),
(3, 9),
(4, 17),
(4, 34),
(5, 34),
(5, 14),
(6, 20),
(6, 11),
(7, 40),
(7, 44),
(8, 43),
(8, 15),
(9, 43),
(9, 15),
(10, 30),
(10, 40),
(11, 30),
(11, 40),
(12, 45),
(12, 13),
(13, 30),
(13, 53),
(14, 30),
(14, 53),
(15, 12),
(15, 47),
(16, 40),
(16, 39),
(17, 35),
(17, 2),
(18, 2),
(18, 20),
(19, 40),
(19, 39),
(20, 15),
(20, 39),
(21, 39),
(21, 36),
(22, 36),
(22, 2),
(23, 53),
(23, 23),
(24, 15),
(24, 23),
(24, 3),
(25, 50),
(25, 39),
(26, 49),
(26, 48),
(27, 51),
(27, 17),
(28, 51),
(28, 22),
(29, 53),
(29, 15),
(30, 53),
(30, 15),
(31, 15),
(31, 12),
(32, 53),
(32, 36),
(33, 53),
(33, 12),
(34, 12),
(34, 4),
(35, 19),
(35, 26),
(36, 56),
(36, 26),
(37, 39),
(37, 34),
(38, 25),
(38, 11),
(39, 19),
(39, 25),
(40, 19),
(40, 25),
(41, 15),
(41, 39),
(42, 15),
(42, 35),
(43, 23),
(43, 9),
(44, 23),
(44, 9),
(45, 23),
(45, 9),
(46, 30),
(46, 17),
(47, 55),
(47, 45),
(48, 30),
(48, 13),
(49, 47),
(49, 13),
(50, 51),
(50, 17),
(50, 29),
(51, 51),
(51, 31),
(51, 29),
(52, 15),
(52, 17),
(53, 17),
(53, 25),
(54, 43),
(54, 26),
(55, 43),
(55, 13),
(56, 17),
(56, 33),
(57, 32),
(57, 6),
(58, 15),
(58, 34),
(59, 14),
(59, 28),
(60, 51),
(60, 44),
(61, 51),
(61, 44),
(62, 44),
(62, 21),
(63, 56),
(63, 26),
(64, 52),
(64, 13),
(65, 52),
(65, 13),
(66, 33),
(66, 21),
(67, 32),
(67, 33),
(68, 42),
(68, 6),
(69, 18),
(69, 23),
(70, 58),
(70, 23),
(71, 23),
(71, 9),
(72, 53),
(72, 44),
(73, 23),
(73, 12),
(74, 40),
(74, 5),
(75, 51),
(75, 5),
(75, 29),
(76, 51),
(76, 5),
(76, 29),
(77, 40),
(77, 34),
(78, 32),
(78, 11),
(79, 43),
(79, 13),
(80, 43),
(80, 13),
(81, 50),
(81, 49),
(82, 49),
(82, 56),
(83, 55),
(83, 20),
(84, 39),
(84, 36),
(85, 25),
(85, 2),
(86, 37),
(86, 43),
(86, 38),
(87, 24),
(87, 4),
(88, 23),
(88, 12),
(88, 29),
(89, 23),
(89, 47),
(89, 12),
(90, 40),
(90, 38),
(91, 24),
(91, 38),
(92, 40),
(92, 5),
(93, 57),
(93, 10),
(94, 37),
(94, 31),
(94, 54),
(95, 40),
(95, 5),
(96, 19),
(96, 13),
(97, 26),
(97, 13),
(98, 51),
(98, 44),
(99, 22),
(99, 44),
(100, 40),
(100, 49),
(101, 49),
(101, 48),
(102, 58),
(102, 13),
(103, 58),
(103, 27),
(104, 21),
(104, 29),
(105, 21),
(105, 29),
(106, 32),
(106, 21),
(107, 42),
(107, 6),
(108, 37),
(108, 26),
(109, 40),
(109, 23),
(109, 47),
(110, 40),
(110, 23),
(110, 47),
(111, 21),
(111, 29),
(112, 21),
(112, 29),
(113, 19),
(113, 26),
(114, 18),
(114, 47),
(115, 32),
(115, 29),
(116, 43),
(116, 44),
(117, 43),
(117, 16),
(118, 51),
(118, 36),
(119, 36),
(119, 7),
(120, 40),
(120, 43),
(120, 39),
(121, 43),
(121, 39),
(121, 46),
(122, 26),
(122, 13),
(123, 55),
(123, 20),
(124, 24),
(124, 13),
(125, 50),
(125, 32),
(126, 33),
(126, 34),
(127, 30),
(127, 21),
(128, 40),
(128, 26),
(129, 62),
(130, 15),
(130, 16),
(130, 7),
(131, 43),
(131, 24),
(131, 38),
(132, 63),
(133, 40),
(133, 39),
(134, 43),
(135, 50),
(135, 48),
(136, 34),
(136, 11),
(137, 56),
(137, 39),
(137, 46),
(138, 51),
(138, 43),
(139, 51),
(139, 43),
(139, 5),
(140, 51),
(140, 17),
(141, 51),
(141, 21),
(141, 7),
(142, 15),
(142, 2),
(143, 64),
(143, 37),
(143, 26),
(144, 24),
(145, 50),
(145, 56),
(146, 11),
(147, 16),
(147, 4),
(148, 16),
(148, 4),
(149, 2),
(149, 3),
(150, 52),
(150, 13),
(151, 21),
(151, 7),
(151, 48),
(152, 40),
(152, 18),
(153, 40),
(153, 9),
(154, 18),
(154, 9),
(155, 40),
(155, 34),
(156, 40),
(156, 34),
(157, 34),
(157, 10),
(158, 43),
(158, 17),
(159, 43),
(159, 17),
(160, 15),
(160, 7),
(161, 17),
(161, 39),
(162, 31),
(162, 39),
(163, 25),
(163, 36),
(164, 35),
(164, 27),
(165, 40),
(165, 30),
(166, 30),
(166, 45),
(167, 53),
(167, 30),
(168, 53),
(168, 47),
(169, 15),
(169, 20),
(170, 49),
(170, 44),
(171, 43),
(171, 56),
(172, 50),
(173, 19),
(173, 26),
(174, 19),
(174, 25),
(175, 36),
(175, 46),
(176, 27),
(176, 46),
(177, 39),
(177, 36),
(178, 25),
(178, 20),
(179, 40),
(179, 50),
(180, 40),
(180, 56),
(181, 56),
(181, 48),
(182, 23),
(182, 9),
(183, 40),
(183, 44),
(184, 44),
(184, 21),
(185, 6),
(185, 5),
(186, 51),
(186, 44),
(187, 40),
(187, 58),
(188, 40),
(188, 58),
(189, 58),
(189, 47),
(190, 17),
(190, 57),
(191, 41),
(191, 9),
(192, 58),
(192, 9),
(193, 39),
(193, 35),
(194, 51),
(194, 43),
(195, 51),
(195, 43),
(196, 26),
(196, 13),
(197, 25),
(197, 28),
(198, 36),
(198, 25),
(199, 43),
(199, 13),
(200, 57),
(200, 54),
(201, 46),
(202, 62),
(202, 6),
(203, 40),
(203, 13),
(204, 40),
(204, 30),
(205, 30),
(205, 45),
(206, 15),
(206, 57),
(207, 55),
(207, 35),
(208, 3),
(208, 4),
(209, 40),
(209, 15),
(210, 15),
(210, 28),
(211, 43),
(211, 53),
(212, 55),
(212, 42),
(213, 5),
(213, 45),
(214, 6),
(214, 45),
(215, 25),
(215, 38),
(216, 37),
(216, 17),
(217, 22),
(217, 10),
(217, 6),
(218, 34),
(218, 5),
(219, 34),
(219, 5),
(220, 40),
(220, 60),
(221, 60),
(221, 38),
(222, 40),
(222, 44),
(223, 51),
(223, 43),
(224, 51),
(224, 43),
(225, 61),
(226, 58),
(226, 35),
(226, 44),
(227, 2),
(227, 20),
(228, 34),
(228, 25),
(229, 14),
(229, 28),
(230, 16),
(230, 7),
(231, 40),
(231, 21),
(232, 40),
(232, 6),
(232, 29),
(233, 56),
(233, 46),
(234, 40),
(234, 26),
(235, 40),
(236, 40),
(236, 21),
(237, 6),
(237, 21),
(238, 19),
(238, 60),
(239, 50),
(239, 32),
(240, 33),
(240, 34),
(241, 40),
(241, 26),
(242, 19),
(242, 26),
(243, 50),
(243, 48),
(244, 14),
(244, 11),
(245, 27),
(245, 28),
(246, 15),
(246, 21),
(247, 15),
(247, 21),
(248, 15),
(248, 4),
(248, 8),
(249, 27),
(249, 3),
(250, 2),
(250, 27),
(250, 46),
(251, 56),
(251, 13),
(252, 19),
(252, 58),
(253, 58),
(253, 39),
(254, 55),
(254, 58),
(255, 17),
(255, 34),
(256, 36),
(256, 34),
(257, 6),
(257, 11),
(258, 40),
(258, 43),
(259, 51),
(259, 43),
(260, 51),
(260, 43),
(261, 40),
(261, 28),
(262, 15),
(262, 14),
(263, 40),
(263, 21),
(264, 40),
(264, 10),
(265, 40),
(265, 30),
(266, 53),
(266, 30),
(267, 47),
(267, 45),
(268, 53),
(268, 30),
(269, 45),
(269, 13),
(270, 43),
(270, 9),
(271, 44),
(271, 9),
(272, 44),
(272, 9),
(273, 58),
(273, 39),
(274, 25),
(274, 9),
(275, 25),
(275, 9),
(276, 39),
(276, 36),
(277, 35),
(277, 2),
(278, 43),
(278, 39),
(279, 43),
(279, 35),
(280, 56),
(280, 13),
(281, 56),
(281, 13),
(282, 56),
(282, 13),
(283, 30),
(283, 44),
(284, 47),
(284, 20),
(285, 40),
(285, 58),
(286, 58),
(286, 6),
(287, 64),
(288, 17),
(288, 6),
(289, 64),
(290, 30),
(290, 17),
(291, 55),
(291, 22),
(292, 30),
(292, 10),
(293, 19),
(293, 57),
(294, 15),
(294, 21),
(295, 15),
(295, 57),
(296, 40),
(296, 21),
(297, 42),
(297, 6),
(298, 62),
(298, 44),
(299, 49),
(299, 5),
(300, 40),
(300, 25),
(301, 25),
(301, 26),
(302, 10),
(302, 25),
(303, 15),
(303, 57),
(304, 40),
(304, 22),
(305, 22),
(305, 4),
(306, 3),
(306, 4),
(307, 21),
(307, 13),
(308, 52),
(308, 6),
(309, 49),
(309, 39),
(310, 56),
(310, 28),
(311, 49),
(311, 39),
(312, 49),
(312, 39),
(313, 40),
(313, 45),
(314, 40),
(314, 45),
(315, 12),
(315, 9),
(316, 19),
(316, 21),
(317, 47),
(317, 21),
(318, 15),
(318, 28),
(319, 15),
(319, 7),
(320, 62),
(320, 43),
(321, 43),
(321, 26),
(322, 40),
(322, 34),
(323, 34),
(323, 21),
(324, 34),
(324, 11),
(325, 62),
(325, 26),
(326, 56),
(326, 27),
(327, 52),
(327, 31),
(328, 51),
(328, 45),
(329, 51),
(329, 16),
(330, 51),
(330, 16),
(331, 53),
(331, 31),
(332, 31),
(332, 12),
(333, 57),
(333, 36),
(334, 16),
(334, 36),
(335, 55),
(335, 10),
(336, 12),
(336, 4),
(337, 5),
(337, 13),
(338, 5),
(338, 13),
(339, 51),
(339, 43),
(340, 51),
(340, 43),
(341, 44),
(341, 21),
(342, 28),
(342, 7),
(343, 27),
(343, 13),
(344, 27),
(344, 13),
(345, 23),
(345, 47),
(346, 23),
(346, 47),
(347, 17),
(347, 45),
(348, 55),
(348, 45),
(349, 62),
(349, 40),
(350, 3),
(350, 7),
(351, 40),
(351, 54),
(352, 37),
(352, 31),
(353, 57),
(353, 25),
(354, 10),
(354, 54),
(355, 10),
(355, 54),
(356, 54),
(356, 25),
(357, 9),
(357, 20),
(358, 57),
(358, 27),
(359, 52),
(359, 28),
(360, 62),
(360, 6),
(361, 60),
(361, 54),
(362, 24),
(362, 38),
(363, 43),
(363, 21),
(364, 43),
(364, 60),
(365, 24),
(365, 7),
(366, 43),
(367, 43),
(367, 15),
(368, 43),
(368, 13),
(369, 43),
(369, 26),
(370, 62),
(370, 43),
(371, 15),
(371, 34),
(372, 16),
(372, 34),
(373, 15),
(373, 14),
(373, 3),
(374, 59),
(375, 22),
(375, 26),
(376, 42),
(376, 26),
(377, 5),
(377, 21),
(378, 24),
(378, 21),
(379, 22),
(379, 21),
(380, 16),
(380, 26),
(381, 16),
(381, 26),
(382, 7),
(383, 51),
(383, 3),
(384, 20),
(384, 3),
(385, 56),
(385, 13),
(386, 56),
(386, 26),
(387, 40),
(387, 9),
(388, 15),
(388, 9),
(389, 15),
(389, 9),
(390, 17),
(390, 34),
(391, 34),
(391, 21),
(392, 11),
(392, 21),
(393, 19),
(393, 44),
(394, 22),
(394, 44),
(395, 22),
(395, 7),
(396, 40),
(396, 39),
(397, 35),
(397, 39),
(398, 35),
(398, 39),
(399, 40),
(399, 59),
(400, 43),
(400, 59),
(401, 30),
(401, 45),
(402, 55),
(402, 45),
(403, 40),
(403, 49),
(404, 49),
(404, 15),
(405, 49),
(405, 28),
(405, 46),
(406, 9),
(406, 46),
(407, 12),
(407, 9),
(408, 59),
(408, 26),
(409, 26),
(409, 8),
(410, 40),
(410, 4),
(411, 4),
(411, 8),
(412, 40),
(412, 30),
(413, 30),
(413, 13),
(414, 30),
(414, 20),
(415, 30),
(416, 53),
(416, 30),
(417, 49),
(417, 48),
(418, 43),
(418, 39),
(419, 43),
(419, 7),
(420, 40),
(420, 58),
(421, 58),
(421, 9),
(422, 29),
(422, 46),
(423, 29),
(423, 46),
(424, 17),
(424, 57),
(425, 57),
(425, 54),
(426, 57),
(426, 54),
(427, 19),
(427, 39),
(428, 32),
(428, 19),
(429, 31),
(429, 54),
(430, 36),
(430, 28),
(431, 17),
(431, 39),
(432, 17),
(432, 10),
(433, 57),
(433, 26),
(434, 17),
(434, 15),
(435, 15),
(435, 12),
(436, 40),
(436, 13),
(437, 25),
(437, 13),
(438, 6),
(438, 5),
(439, 19),
(439, 13),
(440, 19),
(440, 26),
(441, 36),
(441, 2),
(442, 31),
(442, 25),
(443, 51),
(443, 59),
(444, 51),
(444, 59),
(445, 51),
(445, 3),
(446, 37),
(446, 40),
(447, 39),
(447, 6),
(448, 42),
(448, 6),
(449, 40),
(449, 15),
(450, 15),
(450, 14),
(451, 53),
(451, 47),
(452, 53),
(452, 15),
(452, 47),
(453, 53),
(453, 12),
(454, 12),
(454, 6),
(455, 15),
(455, 18),
(456, 43),
(456, 19),
(457, 43),
(457, 7),
(458, 40),
(458, 44),
(459, 60),
(459, 38),
(460, 60),
(460, 9),
(461, 25),
(461, 38),
(462, 49),
(462, 56),
(463, 37),
(463, 26),
(464, 29),
(464, 8),
(465, 18),
(465, 47),
(466, 50),
(466, 32),
(467, 33),
(467, 11),
(468, 20),
(468, 46),
(469, 30),
(469, 35),
(470, 39),
(470, 9),
(471, 24),
(471, 38),
(472, 55),
(472, 35),
(473, 60),
(473, 29),
(474, 56),
(474, 46),
(475, 32),
(475, 13),
(476, 49),
(476, 5),
(477, 57),
(477, 54),
(478, 60),
(478, 54),
(479, 50),
(479, 57),
(480, 27),
(480, 13),
(481, 27),
(481, 13),
(482, 27),
(482, 13),
(483, 16),
(483, 22),
(484, 16),
(484, 3),
(485, 30),
(485, 11),
(486, 26),
(486, 21),
(487, 16),
(487, 10),
(488, 52),
(488, 13),
(489, 44),
(489, 7),
(490, 44),
(490, 7),
(491, 25),
(491, 28),
(492, 26),
(492, 46),
(493, 10),
(493, 4);

-- --------------------------------------------------------

--
-- Structure de la table `pokemon_mainmove`
--

CREATE TABLE `pokemon_mainmove` (
  `pokemon_id` int(4) UNSIGNED DEFAULT NULL,
  `mainmove_id` int(3) UNSIGNED DEFAULT NULL
) ENGINE=InnoDB DEFAULT CHARSET=utf8mb4 COLLATE=utf8mb4_unicode_ci;

--
-- Déchargement des données de la table `pokemon_mainmove`
--

INSERT INTO `pokemon_mainmove` (`pokemon_id`, `mainmove_id`) VALUES
(1, 73),
(1, 34),
(1, 35),
(2, 34),
(2, 35),
(2, 31),
(3, 34),
(3, 9),
(3, 31),
(3, 21),
(4, 119),
(4, 67),
(4, 51),
(5, 82),
(5, 67),
(5, 51),
(6, 54),
(6, 43),
(6, 18),
(6, 47),
(7, 123),
(7, 71),
(7, 105),
(8, 123),
(8, 65),
(8, 20),
(9, 65),
(9, 30),
(9, 20),
(9, 3),
(10, 126),
(11, 126),
(12, 77),
(12, 85),
(12, 32),
(13, 126),
(14, 126),
(15, 62),
(15, 97),
(15, 34),
(16, 125),
(16, 97),
(16, 102),
(17, 125),
(17, 97),
(17, 102),
(18, 5),
(18, 97),
(18, 15),
(19, 72),
(19, 50),
(19, 111),
(20, 50),
(20, 111),
(20, 19),
(21, 97),
(21, 74),
(21, 17),
(22, 97),
(22, 59),
(22, 17),
(23, 114),
(23, 113),
(23, 34),
(24, 128),
(24, 68),
(24, 38),
(24, 11),
(25, 76),
(25, 49),
(25, 36),
(26, 83),
(26, 79),
(26, 36),
(27, 116),
(27, 56),
(27, 111),
(28, 104),
(28, 98),
(28, 40),
(29, 114),
(29, 72),
(29, 34),
(30, 114),
(30, 34),
(30, 111),
(31, 63),
(31, 7),
(31, 38),
(31, 40),
(32, 109),
(32, 72),
(32, 34),
(33, 109),
(33, 34),
(33, 111),
(34, 14),
(34, 63),
(34, 38),
(34, 40),
(35, 72),
(35, 121),
(35, 42),
(36, 60),
(36, 32),
(36, 22),
(36, 42),
(37, 72),
(37, 119),
(37, 51),
(38, 87),
(38, 52),
(38, 18),
(38, 31),
(39, 121),
(39, 86),
(39, 54),
(39, 60),
(40, 65),
(40, 54),
(40, 60),
(40, 19),
(41, 114),
(41, 110),
(41, 102),
(42, 114),
(42, 102),
(42, 41),
(43, 73),
(43, 34),
(43, 42),
(44, 34),
(44, 9),
(44, 42),
(45, 9),
(45, 42),
(45, 31),
(46, 69),
(46, 62),
(46, 73),
(47, 69),
(47, 62),
(47, 31),
(48, 114),
(48, 103),
(48, 77),
(49, 117),
(49, 85),
(49, 32),
(50, 88),
(50, 104),
(50, 111),
(51, 88),
(51, 7),
(51, 40),
(52, 99),
(52, 33),
(52, 68),
(53, 33),
(53, 64),
(53, 54),
(54, 71),
(54, 39),
(54, 103),
(55, 65),
(55, 32),
(55, 20),
(56, 112),
(56, 83),
(56, 39),
(57, 112),
(57, 99),
(57, 8),
(58, 72),
(58, 101),
(58, 51),
(59, 106),
(59, 36),
(59, 43),
(60, 91),
(60, 72),
(60, 88),
(61, 91),
(61, 88),
(61, 105),
(62, 70),
(62, 84),
(62, 44),
(62, 20),
(63, 87),
(63, 77),
(63, 41),
(64, 103),
(64, 60),
(64, 41),
(65, 82),
(65, 41),
(65, 6),
(65, 16),
(66, 112),
(66, 83),
(66, 39),
(67, 83),
(67, 66),
(67, 44),
(68, 46),
(68, 56),
(68, 44),
(68, 8),
(69, 113),
(69, 34),
(69, 35),
(70, 73),
(70, 34),
(70, 35),
(71, 127),
(71, 58),
(71, 34),
(71, 31),
(72, 91),
(72, 113),
(72, 105),
(73, 128),
(73, 38),
(73, 10),
(73, 20),
(74, 104),
(74, 56),
(74, 111),
(75, 90),
(75, 111),
(75, 7),
(76, 90),
(76, 7),
(76, 40),
(77, 48),
(77, 101),
(77, 119),
(78, 59),
(78, 52),
(78, 43),
(79, 87),
(79, 105),
(79, 32),
(80, 105),
(80, 65),
(80, 32),
(81, 76),
(81, 78),
(81, 49),
(82, 78),
(82, 30),
(82, 24),
(83, 97),
(83, 102),
(83, 58),
(84, 97),
(84, 74),
(84, 5),
(85, 97),
(85, 74),
(85, 5),
(86, 71),
(86, 120),
(86, 100),
(87, 105),
(87, 100),
(87, 10),
(88, 89),
(88, 88),
(88, 34),
(89, 79),
(89, 68),
(89, 38),
(89, 11),
(90, 91),
(90, 120),
(90, 105),
(91, 100),
(91, 45),
(91, 20),
(92, 46),
(92, 116),
(92, 7),
(93, 92),
(93, 68),
(93, 34),
(94, 34),
(94, 41),
(94, 38),
(94, 16),
(95, 46),
(95, 116),
(95, 7),
(96, 87),
(96, 103),
(96, 32),
(97, 32),
(97, 6),
(97, 16),
(98, 118),
(98, 91),
(98, 105),
(99, 118),
(99, 62),
(99, 105),
(100, 76),
(100, 86),
(100, 49),
(101, 76),
(101, 49),
(101, 19),
(102, 73),
(102, 115),
(102, 32),
(103, 73),
(103, 32),
(103, 31),
(104, 81),
(104, 98),
(104, 111),
(105, 81),
(105, 111),
(105, 40),
(106, 112),
(106, 48),
(106, 7),
(106, 8),
(107, 84),
(107, 79),
(107, 70),
(107, 82),
(108, 48),
(108, 35),
(108, 19),
(109, 89),
(109, 68),
(109, 34),
(110, 68),
(110, 49),
(110, 34),
(110, 41),
(111, 109),
(111, 48),
(111, 98),
(112, 23),
(112, 7),
(112, 40),
(113, 103),
(113, 60),
(113, 32),
(113, 19),
(114, 34),
(114, 37),
(114, 31),
(115, 84),
(115, 106),
(115, 61),
(115, 40),
(116, 91),
(116, 80),
(116, 30),
(117, 100),
(117, 80),
(117, 20),
(118, 109),
(118, 71),
(118, 105),
(119, 105),
(119, 65),
(119, 14),
(120, 91),
(120, 110),
(120, 64),
(121, 65),
(121, 12),
(121, 32),
(121, 20),
(122, 103),
(122, 41),
(122, 32),
(123, 62),
(123, 99),
(123, 97),
(124, 93),
(124, 87),
(124, 45),
(124, 16),
(125, 79),
(125, 49),
(125, 12),
(126, 82),
(126, 51),
(126, 43),
(127, 118),
(127, 62),
(127, 8),
(128, 109),
(128, 53),
(128, 40),
(129, 126),
(130, 106),
(130, 61),
(130, 20),
(131, 23),
(131, 65),
(131, 20),
(131, 10),
(132, 126),
(133, 110),
(133, 55),
(133, 111),
(134, 71),
(134, 105),
(134, 55),
(134, 20),
(135, 76),
(135, 49),
(135, 55),
(135, 12),
(136, 51),
(136, 55),
(136, 43),
(136, 18),
(137, 24),
(137, 19),
(137, 31),
(138, 91),
(138, 90),
(138, 115),
(139, 90),
(139, 115),
(139, 20),
(140, 123),
(140, 115),
(140, 104),
(141, 115),
(141, 105),
(141, 7),
(142, 115),
(142, 56),
(142, 63),
(142, 19),
(143, 46),
(143, 61),
(143, 40),
(143, 19),
(144, 120),
(144, 65),
(144, 15),
(144, 10),
(145, 49),
(145, 12),
(145, 24),
(146, 17),
(146, 52),
(146, 43),
(146, 18),
(147, 125),
(147, 71),
(147, 113),
(148, 71),
(148, 113),
(148, 80),
(149, 61),
(149, 15),
(149, 19),
(149, 13),
(150, 49),
(150, 65),
(150, 32),
(150, 16),
(151, 16),
(151, 19),
(151, 18),
(151, 31),
(152, 72),
(152, 95),
(152, 37),
(153, 115),
(153, 95),
(153, 37),
(154, 21),
(154, 9),
(154, 40),
(154, 31),
(155, 110),
(155, 119),
(155, 51),
(156, 119),
(156, 51),
(156, 111),
(157, 47),
(157, 43),
(157, 18),
(157, 31),
(158, 123),
(158, 106),
(158, 105),
(159, 70),
(159, 106),
(159, 105),
(160, 106),
(160, 65),
(160, 20),
(160, 3),
(161, 83),
(161, 37),
(161, 111),
(162, 83),
(162, 111),
(162, 19),
(163, 97),
(163, 94),
(163, 17),
(164, 94),
(164, 17),
(164, 32),
(165, 97),
(165, 110),
(165, 117),
(166, 97),
(166, 117),
(166, 85),
(167, 69),
(167, 99),
(167, 77),
(168, 69),
(168, 124),
(168, 14),
(169, 102),
(169, 34),
(169, 41),
(170, 91),
(170, 105),
(170, 49),
(171, 49),
(171, 12),
(171, 20),
(172, 73),
(172, 121),
(172, 49),
(173, 87),
(173, 77),
(173, 37),
(174, 36),
(174, 41),
(174, 32),
(175, 87),
(175, 115),
(175, 60),
(176, 97),
(176, 115),
(176, 60),
(177, 94),
(177, 74),
(177, 87),
(178, 107),
(178, 97),
(178, 6),
(179, 72),
(179, 76),
(179, 49),
(180, 76),
(180, 64),
(180, 49),
(181, 64),
(181, 12),
(181, 16),
(181, 24),
(182, 58),
(182, 60),
(182, 9),
(183, 91),
(183, 72),
(183, 71),
(184, 65),
(184, 54),
(184, 20),
(185, 56),
(185, 7),
(185, 40),
(186, 23),
(186, 10),
(186, 20),
(187, 73),
(187, 37),
(187, 60),
(188, 95),
(188, 37),
(188, 60),
(189, 95),
(189, 60),
(189, 31),
(190, 112),
(190, 97),
(190, 110),
(191, 73),
(191, 95),
(191, 37),
(192, 34),
(192, 9),
(192, 31),
(193, 97),
(193, 115),
(193, 117),
(194, 72),
(194, 88),
(194, 111),
(195, 128),
(195, 34),
(195, 7),
(195, 40),
(196, 103),
(196, 55),
(196, 32),
(196, 6),
(197, 33),
(197, 68),
(197, 55),
(198, 74),
(198, 33),
(198, 68),
(199, 32),
(199, 10),
(199, 43),
(200, 124),
(200, 107),
(200, 68),
(201, 126),
(202, 96),
(203, 96),
(203, 49),
(203, 32),
(204, 104),
(204, 116),
(204, 86),
(205, 104),
(205, 46),
(205, 40),
(206, 59),
(206, 56),
(206, 111),
(207, 99),
(207, 97),
(207, 111),
(208, 106),
(208, 46),
(208, 40),
(209, 83),
(209, 106),
(209, 60),
(210, 106),
(210, 54),
(210, 8),
(211, 128),
(211, 71),
(211, 65),
(211, 38),
(212, 62),
(212, 99),
(212, 53),
(213, 90),
(213, 86),
(213, 7),
(214, 14),
(214, 8),
(214, 40),
(215, 70),
(215, 33),
(215, 45),
(216, 39),
(216, 106),
(216, 54),
(217, 54),
(217, 8),
(217, 19),
(218, 119),
(218, 67),
(218, 56),
(219, 52),
(219, 7),
(219, 18),
(220, 72),
(220, 120),
(220, 56),
(221, 98),
(221, 45),
(221, 7),
(222, 91),
(222, 90),
(222, 64),
(223, 90),
(223, 105),
(223, 100),
(224, 128),
(224, 105),
(224, 100),
(224, 11),
(225, 70),
(225, 97),
(225, 120),
(226, 97),
(226, 105),
(226, 65),
(227, 17),
(227, 5),
(227, 30),
(228, 106),
(228, 51),
(228, 68),
(229, 106),
(229, 51),
(229, 33),
(229, 43),
(230, 10),
(230, 61),
(230, 20),
(231, 72),
(231, 98),
(231, 56),
(232, 46),
(232, 56),
(232, 40),
(233, 24),
(233, 19),
(233, 31),
(234, 48),
(234, 36),
(234, 14),
(235, 126),
(236, 112),
(236, 83),
(236, 56),
(237, 86),
(237, 7),
(237, 8),
(238, 70),
(238, 87),
(238, 65),
(239, 83),
(239, 79),
(239, 76),
(240, 83),
(240, 82),
(240, 67),
(241, 48),
(241, 86),
(241, 49),
(241, 65),
(242, 60),
(242, 32),
(242, 19),
(243, 49),
(243, 36),
(243, 41),
(243, 12),
(244, 53),
(244, 51),
(244, 43),
(244, 18),
(245, 91),
(245, 105),
(245, 65),
(245, 20),
(246, 48),
(246, 106),
(246, 115),
(247, 106),
(247, 115),
(247, 111),
(248, 106),
(248, 7),
(248, 43),
(249, 17),
(249, 6),
(249, 20),
(250, 5),
(250, 43),
(250, 31),
(251, 60),
(251, 32),
(251, 19),
(252, 97),
(252, 95),
(252, 37),
(253, 97),
(253, 58),
(253, 37),
(254, 97),
(254, 58),
(254, 21),
(254, 40),
(255, 104),
(255, 119),
(255, 51),
(256, 119),
(256, 51),
(256, 56),
(257, 5),
(257, 47),
(257, 16),
(257, 18),
(258, 89),
(258, 48),
(258, 111),
(259, 89),
(259, 88),
(259, 23),
(260, 23),
(260, 38),
(260, 40),
(261, 114),
(261, 106),
(261, 111),
(262, 114),
(262, 106),
(262, 54),
(263, 49),
(263, 37),
(263, 111),
(264, 37),
(264, 111),
(264, 12),
(265, 126),
(266, 126),
(267, 102),
(267, 117),
(267, 85),
(268, 126),
(269, 117),
(269, 34),
(269, 85),
(270, 91),
(270, 95),
(271, 91),
(271, 65),
(271, 37),
(272, 65),
(272, 10),
(272, 20),
(272, 31),
(273, 33),
(273, 95),
(273, 37),
(274, 58),
(274, 33),
(274, 37),
(275, 127),
(275, 58),
(275, 33),
(275, 15),
(276, 97),
(277, 97),
(277, 17),
(277, 5),
(278, 102),
(278, 105),
(278, 65),
(279, 15),
(279, 10),
(279, 20),
(280, 124),
(280, 87),
(280, 121),
(281, 124),
(281, 121),
(281, 32),
(282, 41),
(282, 60),
(282, 32),
(283, 123),
(283, 91),
(283, 77),
(284, 107),
(284, 102),
(284, 117),
(285, 73),
(285, 95),
(285, 37),
(286, 73),
(286, 34),
(286, 44),
(286, 37),
(287, 83),
(287, 99),
(287, 72),
(288, 83),
(288, 72),
(288, 98),
(289, 54),
(289, 40),
(289, 19),
(290, 99),
(290, 97),
(290, 85),
(291, 97),
(291, 85),
(291, 41),
(292, 124),
(292, 97),
(292, 111),
(293, 48),
(293, 121),
(293, 51),
(294, 48),
(294, 121),
(294, 51),
(295, 121),
(295, 106),
(295, 43),
(296, 112),
(296, 39),
(296, 46),
(297, 46),
(297, 44),
(297, 8),
(298, 91),
(298, 72),
(298, 65),
(299, 90),
(299, 49),
(299, 56),
(300, 121),
(300, 36),
(300, 111),
(301, 121),
(301, 54),
(301, 36),
(302, 124),
(302, 33),
(302, 64),
(303, 118),
(303, 53),
(303, 54),
(304, 72),
(304, 53),
(304, 104),
(305, 72),
(305, 46),
(305, 56),
(306, 46),
(306, 12),
(306, 7),
(307, 112),
(307, 70),
(307, 87),
(308, 70),
(308, 84),
(308, 44),
(308, 32),
(309, 110),
(309, 76),
(309, 49),
(310, 67),
(310, 36),
(310, 12),
(311, 110),
(311, 76),
(311, 49),
(312, 110),
(312, 76),
(312, 49),
(313, 77),
(313, 49),
(313, 85),
(314, 117),
(314, 85),
(314, 60),
(315, 34),
(315, 60),
(315, 9),
(316, 89),
(316, 65),
(316, 11),
(317, 128),
(317, 34),
(317, 65),
(317, 11),
(318, 114),
(318, 123),
(318, 106),
(319, 114),
(319, 106),
(319, 20),
(320, 72),
(320, 105),
(320, 46),
(321, 23),
(321, 10),
(321, 19),
(322, 48),
(322, 98),
(322, 52),
(323, 63),
(323, 40),
(323, 18),
(323, 31),
(324, 40),
(324, 18),
(324, 31),
(325, 96),
(325, 103),
(325, 41),
(326, 96),
(326, 41),
(326, 32),
(327, 120),
(327, 104),
(327, 111),
(328, 106),
(328, 116),
(328, 111),
(329, 116),
(329, 85),
(329, 98),
(330, 57),
(330, 7),
(330, 40),
(331, 83),
(331, 73),
(331, 37),
(332, 68),
(332, 44),
(332, 37),
(333, 97),
(333, 121),
(333, 65),
(334, 17),
(334, 80),
(334, 60),
(335, 99),
(335, 111),
(335, 8),
(336, 114),
(336, 113),
(336, 106),
(337, 56),
(337, 32),
(337, 42),
(338, 56),
(338, 32),
(338, 31),
(339, 71),
(339, 88),
(339, 65),
(340, 88),
(340, 105),
(340, 10),
(341, 118),
(341, 123),
(341, 91),
(342, 118),
(342, 91),
(342, 99),
(343, 103),
(343, 86),
(343, 111),
(344, 86),
(344, 63),
(344, 32),
(344, 40),
(345, 96),
(345, 115),
(345, 37),
(346, 98),
(346, 37),
(346, 7),
(347, 69),
(347, 123),
(347, 115),
(348, 69),
(348, 90),
(348, 105),
(349, 96),
(350, 23),
(350, 10),
(350, 19),
(351, 27),
(351, 95),
(351, 15),
(352, 33),
(352, 51),
(352, 65),
(352, 12),
(353, 124),
(353, 107),
(353, 94),
(354, 60),
(354, 41),
(354, 12),
(355, 124),
(355, 107),
(355, 94),
(356, 92),
(356, 70),
(356, 82),
(357, 97),
(357, 48),
(357, 58),
(358, 87),
(358, 95),
(358, 41),
(359, 68),
(359, 14),
(359, 12),
(360, 96),
(361, 120),
(361, 45),
(361, 41),
(362, 86),
(362, 45),
(362, 41),
(363, 72),
(363, 105),
(363, 100),
(364, 72),
(364, 105),
(364, 100),
(365, 105),
(365, 40),
(365, 10),
(366, 72),
(366, 105),
(366, 65),
(367, 106),
(367, 71),
(367, 65),
(368, 93),
(368, 105),
(368, 32),
(369, 71),
(369, 115),
(369, 20),
(370, 123),
(370, 93),
(370, 105),
(371, 125),
(371, 106),
(371, 51),
(372, 125),
(372, 51),
(372, 80),
(373, 61),
(373, 20),
(373, 43),
(373, 13),
(374, 126),
(375, 87),
(375, 86),
(375, 32),
(376, 40),
(376, 30),
(376, 22),
(376, 32),
(377, 7),
(377, 24),
(377, 16),
(378, 40),
(378, 10),
(378, 16),
(379, 30),
(379, 16),
(379, 19),
(380, 12),
(380, 32),
(380, 61),
(381, 57),
(381, 32),
(381, 31),
(382, 12),
(382, 10),
(382, 20),
(383, 40),
(383, 43),
(383, 31),
(384, 97),
(384, 115),
(384, 61),
(385, 4),
(385, 60),
(385, 32),
(386, 122),
(386, 49),
(386, 19),
(387, 72),
(387, 73),
(387, 95),
(388, 72),
(388, 95),
(388, 31),
(389, 7),
(389, 40),
(389, 31),
(390, 101),
(390, 119),
(390, 51),
(391, 112),
(391, 101),
(391, 51),
(392, 51),
(392, 8),
(392, 31),
(393, 91),
(393, 120),
(393, 74),
(394, 91),
(394, 120),
(394, 20),
(395, 30),
(395, 10),
(395, 20),
(396, 97),
(396, 5),
(397, 97),
(397, 5),
(397, 52),
(398, 5),
(398, 52),
(398, 8),
(399, 106),
(399, 50),
(399, 37),
(400, 23),
(400, 50),
(400, 19),
(401, 126),
(402, 62),
(402, 97),
(402, 85),
(403, 110),
(403, 76),
(403, 49),
(404, 106),
(404, 49),
(404, 36),
(405, 106),
(405, 36),
(405, 19),
(406, 95),
(406, 37),
(407, 34),
(407, 37),
(407, 60),
(407, 31),
(408, 115),
(408, 104),
(408, 98),
(409, 51),
(409, 56),
(409, 61),
(410, 115),
(410, 104),
(410, 46),
(411, 51),
(411, 30),
(411, 7),
(412, 126),
(413, 103),
(413, 95),
(413, 85),
(414, 97),
(414, 103),
(414, 85),
(415, 85),
(416, 62),
(416, 64),
(416, 85),
(417, 79),
(417, 49),
(417, 12),
(418, 123),
(418, 110),
(418, 105),
(419, 123),
(419, 110),
(419, 20),
(420, 73),
(420, 60),
(420, 9),
(421, 60),
(421, 19),
(421, 31),
(422, 72),
(422, 88),
(422, 105),
(423, 72),
(423, 105),
(423, 63),
(424, 112),
(424, 97),
(424, 19),
(425, 107),
(425, 120),
(425, 41),
(426, 107),
(426, 120),
(426, 41),
(427, 82),
(427, 110),
(428, 82),
(428, 16),
(428, 19),
(429, 68),
(429, 60),
(429, 41),
(430, 68),
(430, 17),
(430, 5),
(430, 32),
(431, 97),
(431, 49),
(431, 54),
(432, 97),
(432, 54),
(432, 12),
(433, 113),
(433, 87),
(433, 41),
(434, 106),
(434, 51),
(434, 34),
(435, 106),
(435, 51),
(435, 34),
(436, 87),
(436, 46),
(436, 86),
(437, 46),
(437, 32),
(437, 30),
(438, 104),
(438, 56),
(438, 40),
(439, 87),
(439, 103),
(439, 32),
(440, 32),
(441, 94),
(441, 17),
(441, 52),
(442, 124),
(442, 107),
(442, 41),
(443, 125),
(443, 72),
(443, 111),
(444, 125),
(444, 51),
(444, 111),
(445, 61),
(445, 40),
(445, 43),
(446, 72),
(446, 98),
(446, 11),
(447, 112),
(447, 83),
(447, 39),
(448, 84),
(448, 41),
(448, 30),
(448, 8),
(449, 72),
(449, 104),
(449, 111),
(450, 72),
(450, 63),
(450, 7),
(450, 40),
(451, 69),
(451, 71),
(451, 34),
(452, 71),
(452, 106),
(452, 34),
(453, 112),
(453, 83),
(453, 34),
(454, 88),
(454, 34),
(454, 44),
(455, 106),
(455, 95),
(455, 35),
(456, 117),
(456, 105),
(456, 65),
(457, 117),
(457, 105),
(457, 10),
(458, 97),
(458, 105),
(458, 65),
(459, 48),
(459, 95),
(459, 65),
(460, 95),
(460, 61),
(460, 10),
(461, 33),
(461, 45),
(461, 16),
(462, 36),
(462, 30),
(462, 24),
(463, 40),
(463, 19),
(463, 31),
(464, 40),
(464, 19),
(464, 31),
(465, 115),
(465, 34),
(465, 31),
(466, 79),
(466, 36),
(466, 12),
(467, 83),
(467, 82),
(467, 32),
(467, 43),
(468, 97),
(468, 115),
(468, 51),
(468, 60),
(469, 97),
(469, 115),
(469, 85),
(470, 58),
(470, 95),
(470, 31),
(471, 120),
(471, 65),
(471, 45),
(472, 99),
(472, 97),
(472, 40),
(473, 115),
(473, 98),
(473, 45),
(473, 7),
(474, 10),
(474, 24),
(474, 19),
(474, 31),
(475, 58),
(475, 32),
(475, 8),
(476, 78),
(476, 49),
(476, 56),
(477, 107),
(477, 68),
(477, 32),
(478, 106),
(478, 45),
(478, 41),
(479, 107),
(479, 49),
(479, 12),
(480, 110),
(480, 12),
(480, 6),
(481, 110),
(481, 6),
(481, 10),
(482, 110),
(482, 6),
(482, 43),
(483, 53),
(483, 12),
(483, 13),
(484, 20),
(484, 43),
(484, 13),
(485, 53),
(485, 7),
(485, 43),
(486, 46),
(486, 45),
(486, 7),
(487, 124),
(487, 57),
(487, 115),
(488, 100),
(488, 6),
(488, 42),
(489, 91),
(489, 23),
(489, 105),
(490, 91),
(490, 23),
(490, 32),
(491, 68),
(491, 41),
(491, 16),
(492, 95),
(492, 37),
(492, 31),
(493, 61),
(493, 6),
(493, 19);

-- --------------------------------------------------------

--
-- Structure de la table `pokemon_name`
--

CREATE TABLE `pokemon_name` (
  `pokemon_id` int(4) UNSIGNED DEFAULT NULL,
  `lang` varchar(5) COLLATE utf8mb4_unicode_ci DEFAULT NULL,
  `name` varchar(25) COLLATE utf8mb4_unicode_ci DEFAULT NULL
) ENGINE=InnoDB DEFAULT CHARSET=utf8mb4 COLLATE=utf8mb4_unicode_ci;

--
-- Déchargement des données de la table `pokemon_name`
--

INSERT INTO `pokemon_name` (`pokemon_id`, `lang`, `name`) VALUES
(1, 'fr', 'Bulbizarre'),
(1, 'en', 'Bulbasaur'),
(2, 'fr', 'Herbizarre'),
(2, 'en', 'Ivysaur'),
(3, 'fr', 'Florizarre'),
(3, 'en', 'Venusaur'),
(4, 'fr', 'Salamèche'),
(4, 'en', 'Charmander'),
(5, 'fr', 'Reptincel'),
(5, 'en', 'Charmeleon'),
(6, 'fr', 'Dracaufeu'),
(6, 'en', 'Charizard'),
(7, 'fr', 'Carapuce'),
(7, 'en', 'Squirtle'),
(8, 'fr', 'Carabaffe'),
(8, 'en', 'Wartortle'),
(9, 'fr', 'Tortank'),
(9, 'en', 'Blastoise'),
(10, 'fr', 'Chenipan'),
(10, 'en', 'Caterpie'),
(11, 'fr', 'Chrysacier'),
(11, 'en', 'Metapod'),
(12, 'fr', 'Papilusion'),
(12, 'en', 'Butterfree'),
(13, 'fr', 'Aspicot'),
(13, 'en', 'Weedle'),
(14, 'fr', 'Coconfort'),
(14, 'en', 'Kakuna'),
(15, 'fr', 'Dardargnan'),
(15, 'en', 'Beedrill'),
(16, 'fr', 'Roucool'),
(16, 'en', 'Pidgey'),
(17, 'fr', 'Roucoups'),
(17, 'en', 'Pidgeotto'),
(18, 'fr', 'Roucarnage'),
(18, 'en', 'Pidgeot'),
(19, 'fr', 'Rattata'),
(19, 'en', 'Rattata'),
(20, 'fr', 'Rattatac'),
(20, 'en', 'Raticate'),
(21, 'fr', 'Piafabec'),
(21, 'en', 'Spearow'),
(22, 'fr', 'Rapasdepic'),
(22, 'en', 'Fearow'),
(23, 'fr', 'Abo'),
(23, 'en', 'Ekans'),
(24, 'fr', 'Arbok'),
(24, 'en', 'Arbok'),
(25, 'fr', 'Pikachu'),
(25, 'en', 'Pikachu'),
(26, 'fr', 'Raichu'),
(26, 'en', 'Raichu'),
(27, 'fr', 'Sabelette'),
(27, 'en', 'Sandshrew'),
(28, 'fr', 'Sablaireau'),
(28, 'en', 'Sandslash'),
(29, 'fr', 'Nidoran♀'),
(29, 'en', 'Nidoran♀'),
(30, 'fr', 'Nidorina'),
(30, 'en', 'Nidorina'),
(31, 'fr', 'Nidoqueen'),
(31, 'en', 'Nidoqueen'),
(32, 'fr', 'Nidoran♂'),
(32, 'en', 'Nidoran♂'),
(33, 'fr', 'Nidorino'),
(33, 'en', 'Nidorino'),
(34, 'fr', 'Nidoking'),
(34, 'en', 'Nidoking'),
(35, 'fr', 'Mélofée'),
(35, 'en', 'Clefairy'),
(36, 'fr', 'Mélodelfe'),
(36, 'en', 'Clefable'),
(37, 'fr', 'Goupix'),
(37, 'en', 'Vulpix'),
(38, 'fr', 'Feunard'),
(38, 'en', 'Ninetales'),
(39, 'fr', 'Rondoudou'),
(39, 'en', 'Jigglypuff'),
(40, 'fr', 'Grodoudou'),
(40, 'en', 'Wigglytuff'),
(41, 'fr', 'Nosferapti'),
(41, 'en', 'Zubat'),
(42, 'fr', 'Nosferalto'),
(42, 'en', 'Golbat'),
(43, 'fr', 'Mystherbe'),
(43, 'en', 'Oddish'),
(44, 'fr', 'Ortide'),
(44, 'en', 'Gloom'),
(45, 'fr', 'Rafflesia'),
(45, 'en', 'Vileplume'),
(46, 'fr', 'Paras'),
(46, 'en', 'Paras'),
(47, 'fr', 'Parasect'),
(47, 'en', 'Parasect'),
(48, 'fr', 'Mimitoss'),
(48, 'en', 'Venonat'),
(49, 'fr', 'Aéromite'),
(49, 'en', 'Venomoth'),
(50, 'fr', 'Taupiqueur'),
(50, 'en', 'Diglett'),
(51, 'fr', 'Triopikeur'),
(51, 'en', 'Dugtrio'),
(52, 'fr', 'Miaouss'),
(52, 'en', 'Meowth'),
(53, 'fr', 'Persian'),
(53, 'en', 'Persian'),
(54, 'fr', 'Psykokwak'),
(54, 'en', 'Psyduck'),
(55, 'fr', 'Akwakwak'),
(55, 'en', 'Golduck'),
(56, 'fr', 'Férosinge'),
(56, 'en', 'Mankey'),
(57, 'fr', 'Colossinge'),
(57, 'en', 'Primeape'),
(58, 'fr', 'Caninos'),
(58, 'en', 'Growlithe'),
(59, 'fr', 'Arcanin'),
(59, 'en', 'Arcanine'),
(60, 'fr', 'Ptitard'),
(60, 'en', 'Poliwag'),
(61, 'fr', 'Têtarte'),
(61, 'en', 'Poliwhirl'),
(62, 'fr', 'Tartard'),
(62, 'en', 'Poliwrath'),
(63, 'fr', 'Abra'),
(63, 'en', 'Abra'),
(64, 'fr', 'Kadabra'),
(64, 'en', 'Kadabra'),
(65, 'fr', 'Alakazam'),
(65, 'en', 'Alakazam'),
(66, 'fr', 'Machoc'),
(66, 'en', 'Machop'),
(67, 'fr', 'Machopeur'),
(67, 'en', 'Machoke'),
(68, 'fr', 'Mackogneur'),
(68, 'en', 'Machamp'),
(69, 'fr', 'Chétiflor'),
(69, 'en', 'Bellsprout'),
(70, 'fr', 'Boustiflor'),
(70, 'en', 'Weepinbell'),
(71, 'fr', 'Empiflor'),
(71, 'en', 'Victreebel'),
(72, 'fr', 'Tentacool'),
(72, 'en', 'Tentacool'),
(73, 'fr', 'Tentacruel'),
(73, 'en', 'Tentacruel'),
(74, 'fr', 'Racaillou'),
(74, 'en', 'Geodude'),
(75, 'fr', 'Gravalanch'),
(75, 'en', 'Graveler'),
(76, 'fr', 'Grolem'),
(76, 'en', 'Golem'),
(77, 'fr', 'Ponyta'),
(77, 'en', 'Ponyta'),
(78, 'fr', 'Galopa'),
(78, 'en', 'Rapidash'),
(79, 'fr', 'Ramoloss'),
(79, 'en', 'Slowpoke'),
(80, 'fr', 'Flagadoss'),
(80, 'en', 'Slowbro'),
(81, 'fr', 'Magnéti'),
(81, 'en', 'Magnemite'),
(82, 'fr', 'Magnéton'),
(82, 'en', 'Magneton'),
(83, 'fr', 'Canarticho'),
(83, 'en', 'Farfetch’d'),
(84, 'fr', 'Doduo'),
(84, 'en', 'Doduo'),
(85, 'fr', 'Dodrio'),
(85, 'en', 'Dodrio'),
(86, 'fr', 'Otaria'),
(86, 'en', 'Seel'),
(87, 'fr', 'Lamantine'),
(87, 'en', 'Dewgong'),
(88, 'fr', 'Tadmorv'),
(88, 'en', 'Grimer'),
(89, 'fr', 'Grotadmorv'),
(89, 'en', 'Muk'),
(90, 'fr', 'Kokiyas'),
(90, 'en', 'Shellder'),
(91, 'fr', 'Crustabri'),
(91, 'en', 'Cloyster'),
(92, 'fr', 'Fantominus'),
(92, 'en', 'Gastly'),
(93, 'fr', 'Spectrum'),
(93, 'en', 'Haunter'),
(94, 'fr', 'Ectoplasma'),
(94, 'en', 'Gengar'),
(95, 'fr', 'Onix'),
(95, 'en', 'Onix'),
(96, 'fr', 'Soporifik'),
(96, 'en', 'Drowzee'),
(97, 'fr', 'Hypnomade'),
(97, 'en', 'Hypno'),
(98, 'fr', 'Krabby'),
(98, 'en', 'Krabby'),
(99, 'fr', 'Krabboss'),
(99, 'en', 'Kingler'),
(100, 'fr', 'Voltorbe'),
(100, 'en', 'Voltorb'),
(101, 'fr', 'Électrode'),
(101, 'en', 'Electrode'),
(102, 'fr', 'Noeunoeuf'),
(102, 'en', 'Exeggcute'),
(103, 'fr', 'Noadkoko'),
(103, 'en', 'Exeggutor'),
(104, 'fr', 'Osselait'),
(104, 'en', 'Cubone'),
(105, 'fr', 'Ossatueur'),
(105, 'en', 'Marowak'),
(106, 'fr', 'Kicklee'),
(106, 'en', 'Hitmonlee'),
(107, 'fr', 'Tygnon'),
(107, 'en', 'Hitmonchan'),
(108, 'fr', 'Excelangue'),
(108, 'en', 'Lickitung'),
(109, 'fr', 'Smogo'),
(109, 'en', 'Koffing'),
(110, 'fr', 'Smogogo'),
(110, 'en', 'Weezing'),
(111, 'fr', 'Rhinocorne'),
(111, 'en', 'Rhyhorn'),
(112, 'fr', 'Rhinoféros'),
(112, 'en', 'Rhydon'),
(113, 'fr', 'Leveinard'),
(113, 'en', 'Chansey'),
(114, 'fr', 'Saquedeneu'),
(114, 'en', 'Tangela'),
(115, 'fr', 'Kangourex'),
(115, 'en', 'Kangaskhan'),
(116, 'fr', 'Hypotrempe'),
(116, 'en', 'Horsea'),
(117, 'fr', 'Hypocéan'),
(117, 'en', 'Seadra'),
(118, 'fr', 'Poissirène'),
(118, 'en', 'Goldeen'),
(119, 'fr', 'Poissoroy'),
(119, 'en', 'Seaking'),
(120, 'fr', 'Stari'),
(120, 'en', 'Staryu'),
(121, 'fr', 'Staross'),
(121, 'en', 'Starmie'),
(122, 'fr', 'M. Mime'),
(122, 'en', 'Mr. Mime'),
(123, 'fr', 'Insécateur'),
(123, 'en', 'Scyther'),
(124, 'fr', 'Lippoutou'),
(124, 'en', 'Jynx'),
(125, 'fr', 'Élektek'),
(125, 'en', 'Electabuzz'),
(126, 'fr', 'Magmar'),
(126, 'en', 'Magmar'),
(127, 'fr', 'Scarabrute'),
(127, 'en', 'Pinsir'),
(128, 'fr', 'Tauros'),
(128, 'en', 'Tauros'),
(129, 'fr', 'Magicarpe'),
(129, 'en', 'Magikarp'),
(130, 'fr', 'Léviator'),
(130, 'en', 'Gyarados'),
(131, 'fr', 'Lokhlass'),
(131, 'en', 'Lapras'),
(132, 'fr', 'Métamorph'),
(132, 'en', 'Ditto'),
(133, 'fr', 'Évoli'),
(133, 'en', 'Eevee'),
(134, 'fr', 'Aquali'),
(134, 'en', 'Vaporeon'),
(135, 'fr', 'Voltali'),
(135, 'en', 'Jolteon'),
(136, 'fr', 'Pyroli'),
(136, 'en', 'Flareon'),
(137, 'fr', 'Porygon'),
(137, 'en', 'Porygon'),
(138, 'fr', 'Amonita'),
(138, 'en', 'Omanyte'),
(139, 'fr', 'Amonistar'),
(139, 'en', 'Omastar'),
(140, 'fr', 'Kabuto'),
(140, 'en', 'Kabuto'),
(141, 'fr', 'Kabutops'),
(141, 'en', 'Kabutops'),
(142, 'fr', 'Ptéra'),
(142, 'en', 'Aerodactyl'),
(143, 'fr', 'Ronflex'),
(143, 'en', 'Snorlax'),
(144, 'fr', 'Artikodin'),
(144, 'en', 'Articuno'),
(145, 'fr', 'Électhor'),
(145, 'en', 'Zapdos'),
(146, 'fr', 'Sulfura'),
(146, 'en', 'Moltres'),
(147, 'fr', 'Minidraco'),
(147, 'en', 'Dratini'),
(148, 'fr', 'Draco'),
(148, 'en', 'Dragonair'),
(149, 'fr', 'Dracolosse'),
(149, 'en', 'Dragonite'),
(150, 'fr', 'Mewtwo'),
(150, 'en', 'Mewtwo'),
(151, 'fr', 'Mew'),
(151, 'en', 'Mew'),
(152, 'fr', 'Germignon'),
(152, 'en', 'Chikorita'),
(153, 'fr', 'Macronium'),
(153, 'en', 'Bayleef'),
(154, 'fr', 'Méganium'),
(154, 'en', 'Meganium'),
(155, 'fr', 'Héricendre'),
(155, 'en', 'Cyndaquil'),
(156, 'fr', 'Feurisson'),
(156, 'en', 'Quilava'),
(157, 'fr', 'Typhlosion'),
(157, 'en', 'Typhlosion'),
(158, 'fr', 'Kaiminus'),
(158, 'en', 'Totodile'),
(159, 'fr', 'Crocrodil'),
(159, 'en', 'Croconaw'),
(160, 'fr', 'Aligatueur'),
(160, 'en', 'Feraligatr'),
(161, 'fr', 'Fouinette'),
(161, 'en', 'Sentret'),
(162, 'fr', 'Fouinar'),
(162, 'en', 'Furret'),
(163, 'fr', 'Hoothoot'),
(163, 'en', 'Hoothoot'),
(164, 'fr', 'Noarfang'),
(164, 'en', 'Noctowl'),
(165, 'fr', 'Coxy'),
(165, 'en', 'Ledyba'),
(166, 'fr', 'Coxyclaque'),
(166, 'en', 'Ledian'),
(167, 'fr', 'Mimigal'),
(167, 'en', 'Spinarak'),
(168, 'fr', 'Migalos'),
(168, 'en', 'Ariados'),
(169, 'fr', 'Nostenfer'),
(169, 'en', 'Crobat'),
(170, 'fr', 'Loupio'),
(170, 'en', 'Chinchou'),
(171, 'fr', 'Lanturn'),
(171, 'en', 'Lanturn'),
(172, 'fr', 'Pichu'),
(172, 'en', 'Pichu'),
(173, 'fr', 'Mélo'),
(173, 'en', 'Cleffa'),
(174, 'fr', 'Toudoudou'),
(174, 'en', 'Igglybuff'),
(175, 'fr', 'Togepi'),
(175, 'en', 'Togepi'),
(176, 'fr', 'Togetic'),
(176, 'en', 'Togetic'),
(177, 'fr', 'Natu'),
(177, 'en', 'Natu'),
(178, 'fr', 'Xatu'),
(178, 'en', 'Xatu'),
(179, 'fr', 'Wattouat'),
(179, 'en', 'Mareep'),
(180, 'fr', 'Lainergie'),
(180, 'en', 'Flaaffy'),
(181, 'fr', 'Pharamp'),
(181, 'en', 'Ampharos'),
(182, 'fr', 'Joliflor'),
(182, 'en', 'Bellossom'),
(183, 'fr', 'Marill'),
(183, 'en', 'Marill'),
(184, 'fr', 'Azumarill'),
(184, 'en', 'Azumarill'),
(185, 'fr', 'Simularbre'),
(185, 'en', 'Sudowoodo'),
(186, 'fr', 'Tarpaud'),
(186, 'en', 'Politoed'),
(187, 'fr', 'Granivol'),
(187, 'en', 'Hoppip'),
(188, 'fr', 'Floravol'),
(188, 'en', 'Skiploom'),
(189, 'fr', 'Cotovol'),
(189, 'en', 'Jumpluff'),
(190, 'fr', 'Capumain'),
(190, 'en', 'Aipom'),
(191, 'fr', 'Tournegrin'),
(191, 'en', 'Sunkern'),
(192, 'fr', 'Héliatronc'),
(192, 'en', 'Sunflora'),
(193, 'fr', 'Yanma'),
(193, 'en', 'Yanma'),
(194, 'fr', 'Axoloto'),
(194, 'en', 'Wooper'),
(195, 'fr', 'Maraiste'),
(195, 'en', 'Quagsire'),
(196, 'fr', 'Mentali'),
(196, 'en', 'Espeon'),
(197, 'fr', 'Noctali'),
(197, 'en', 'Umbreon'),
(198, 'fr', 'Cornèbre'),
(198, 'en', 'Murkrow'),
(199, 'fr', 'Roigada'),
(199, 'en', 'Slowking'),
(200, 'fr', 'Feuforêve'),
(200, 'en', 'Misdreavus'),
(201, 'fr', 'Zarbi'),
(201, 'en', 'Unown'),
(202, 'fr', 'Qulbutoké'),
(202, 'en', 'Wobbuffet'),
(203, 'fr', 'Girafarig'),
(203, 'en', 'Girafarig'),
(204, 'fr', 'Pomdepik'),
(204, 'en', 'Pineco'),
(205, 'fr', 'Foretress'),
(205, 'en', 'Forretress'),
(206, 'fr', 'Insolourdo'),
(206, 'en', 'Dunsparce'),
(207, 'fr', 'Scorplane'),
(207, 'en', 'Gligar'),
(208, 'fr', 'Steelix'),
(208, 'en', 'Steelix'),
(209, 'fr', 'Snubbull'),
(209, 'en', 'Snubbull'),
(210, 'fr', 'Granbull'),
(210, 'en', 'Granbull'),
(211, 'fr', 'Qwilfish'),
(211, 'en', 'Qwilfish'),
(212, 'fr', 'Cizayox'),
(212, 'en', 'Scizor'),
(213, 'fr', 'Caratroc'),
(213, 'en', 'Shuckle'),
(214, 'fr', 'Scarhino'),
(214, 'en', 'Heracross'),
(215, 'fr', 'Farfuret'),
(215, 'en', 'Sneasel'),
(216, 'fr', 'Teddiursa'),
(216, 'en', 'Teddiursa'),
(217, 'fr', 'Ursaring'),
(217, 'en', 'Ursaring'),
(218, 'fr', 'Limagma'),
(218, 'en', 'Slugma'),
(219, 'fr', 'Volcaropod'),
(219, 'en', 'Magcargo'),
(220, 'fr', 'Marcacrin'),
(220, 'en', 'Swinub'),
(221, 'fr', 'Cochignon'),
(221, 'en', 'Piloswine'),
(222, 'fr', 'Corayon'),
(222, 'en', 'Corsola'),
(223, 'fr', 'Rémoraid'),
(223, 'en', 'Remoraid'),
(224, 'fr', 'Octillery'),
(224, 'en', 'Octillery'),
(225, 'fr', 'Cadoizo'),
(225, 'en', 'Delibird'),
(226, 'fr', 'Démanta'),
(226, 'en', 'Mantine'),
(227, 'fr', 'Airmure'),
(227, 'en', 'Skarmory'),
(228, 'fr', 'Malosse'),
(228, 'en', 'Houndour'),
(229, 'fr', 'Démolosse'),
(229, 'en', 'Houndoom'),
(230, 'fr', 'Hyporoi'),
(230, 'en', 'Kingdra'),
(231, 'fr', 'Phanpy'),
(231, 'en', 'Phanpy'),
(232, 'fr', 'Donphan'),
(232, 'en', 'Donphan'),
(233, 'fr', 'Porygon2'),
(233, 'en', 'Porygon2'),
(234, 'fr', 'Cerfrousse'),
(234, 'en', 'Stantler'),
(235, 'fr', 'Queulorior'),
(235, 'en', 'Smeargle'),
(236, 'fr', 'Debugant'),
(236, 'en', 'Tyrogue'),
(237, 'fr', 'Kapoera'),
(237, 'en', 'Hitmontop'),
(238, 'fr', 'Lippouti'),
(238, 'en', 'Smoochum'),
(239, 'fr', 'Élekid'),
(239, 'en', 'Elekid'),
(240, 'fr', 'Magby'),
(240, 'en', 'Magby'),
(241, 'fr', 'Écrémeuh'),
(241, 'en', 'Miltank'),
(242, 'fr', 'Leuphorie'),
(242, 'en', 'Blissey'),
(243, 'fr', 'Raikou'),
(243, 'en', 'Raikou'),
(244, 'fr', 'Entei'),
(244, 'en', 'Entei'),
(245, 'fr', 'Suicune'),
(245, 'en', 'Suicune'),
(246, 'fr', 'Embrylex'),
(246, 'en', 'Larvitar'),
(247, 'fr', 'Ymphect'),
(247, 'en', 'Pupitar'),
(248, 'fr', 'Tyranocif'),
(248, 'en', 'Tyranitar'),
(249, 'fr', 'Lugia'),
(249, 'en', 'Lugia'),
(250, 'fr', 'Ho Oh'),
(250, 'en', 'Ho Oh'),
(251, 'fr', 'Celebi'),
(251, 'en', 'Celebi'),
(252, 'fr', 'Arcko'),
(252, 'en', 'Treecko'),
(253, 'fr', 'Massko'),
(253, 'en', 'Grovyle'),
(254, 'fr', 'Jungko'),
(254, 'en', 'Sceptile'),
(255, 'fr', 'Poussifeu'),
(255, 'en', 'Torchic'),
(256, 'fr', 'Galifeu'),
(256, 'en', 'Combusken'),
(257, 'fr', 'Braségali'),
(257, 'en', 'Blaziken'),
(258, 'fr', 'Gobou'),
(258, 'en', 'Mudkip'),
(259, 'fr', 'Flobio'),
(259, 'en', 'Marshtomp'),
(260, 'fr', 'Laggron'),
(260, 'en', 'Swampert'),
(261, 'fr', 'Medhyèna'),
(261, 'en', 'Poochyena'),
(262, 'fr', 'Grahyèna'),
(262, 'en', 'Mightyena'),
(263, 'fr', 'Zigzaton'),
(263, 'en', 'Zigzagoon'),
(264, 'fr', 'Linéon'),
(264, 'en', 'Linoone'),
(265, 'fr', 'Chenipotte'),
(265, 'en', 'Wurmple'),
(266, 'fr', 'Armulys'),
(266, 'en', 'Silcoon'),
(267, 'fr', 'Charmillon'),
(267, 'en', 'Beautifly'),
(268, 'fr', 'Blindalys'),
(268, 'en', 'Cascoon'),
(269, 'fr', 'Papinox'),
(269, 'en', 'Dustox'),
(270, 'fr', 'Nénupiot'),
(270, 'en', 'Lotad'),
(271, 'fr', 'Lombre'),
(271, 'en', 'Lombre'),
(272, 'fr', 'Ludicolo'),
(272, 'en', 'Ludicolo'),
(273, 'fr', 'Grainipiot'),
(273, 'en', 'Seedot'),
(274, 'fr', 'Pifeuil'),
(274, 'en', 'Nuzleaf'),
(275, 'fr', 'Tengalice'),
(275, 'en', 'Shiftry'),
(276, 'fr', 'Nirondelle'),
(276, 'en', 'Taillow'),
(277, 'fr', 'Hélédelle'),
(277, 'en', 'Swellow'),
(278, 'fr', 'Goélise'),
(278, 'en', 'Wingull'),
(279, 'fr', 'Bekipan'),
(279, 'en', 'Pelipper'),
(280, 'fr', 'Tarsal'),
(280, 'en', 'Ralts'),
(281, 'fr', 'Kirlia'),
(281, 'en', 'Kirlia'),
(282, 'fr', 'Gardevoir'),
(282, 'en', 'Gardevoir'),
(283, 'fr', 'Arakdo'),
(283, 'en', 'Surskit'),
(284, 'fr', 'Maskadra'),
(284, 'en', 'Masquerain'),
(285, 'fr', 'Balignon'),
(285, 'en', 'Shroomish'),
(286, 'fr', 'Chapignon'),
(286, 'en', 'Breloom'),
(287, 'fr', 'Parecool'),
(287, 'en', 'Slakoth'),
(288, 'fr', 'Vigoroth'),
(288, 'en', 'Vigoroth'),
(289, 'fr', 'Monaflèmit'),
(289, 'en', 'Slaking'),
(290, 'fr', 'Ningale'),
(290, 'en', 'Nincada'),
(291, 'fr', 'Ninjask'),
(291, 'en', 'Ninjask'),
(292, 'fr', 'Munja'),
(292, 'en', 'Shedinja'),
(293, 'fr', 'Chuchmur'),
(293, 'en', 'Whismur'),
(294, 'fr', 'Ramboum'),
(294, 'en', 'Loudred'),
(295, 'fr', 'Brouhabam'),
(295, 'en', 'Exploud'),
(296, 'fr', 'Makuhita'),
(296, 'en', 'Makuhita'),
(297, 'fr', 'Hariyama'),
(297, 'en', 'Hariyama'),
(298, 'fr', 'Azurill'),
(298, 'en', 'Azurill'),
(299, 'fr', 'Tarinor'),
(299, 'en', 'Nosepass'),
(300, 'fr', 'Skitty'),
(300, 'en', 'Skitty'),
(301, 'fr', 'Delcatty'),
(301, 'en', 'Delcatty'),
(302, 'fr', 'Ténéfix'),
(302, 'en', 'Sableye'),
(303, 'fr', 'Mysdibule'),
(303, 'en', 'Mawile'),
(304, 'fr', 'Galekid'),
(304, 'en', 'Aron'),
(305, 'fr', 'Galegon'),
(305, 'en', 'Lairon'),
(306, 'fr', 'Galeking'),
(306, 'en', 'Aggron'),
(307, 'fr', 'Méditikka'),
(307, 'en', 'Meditite'),
(308, 'fr', 'Charmina'),
(308, 'en', 'Medicham'),
(309, 'fr', 'Dynavolt'),
(309, 'en', 'Electrike'),
(310, 'fr', 'Élecsprint'),
(310, 'en', 'Manectric'),
(311, 'fr', 'Posipi'),
(311, 'en', 'Plusle'),
(312, 'fr', 'Négapi'),
(312, 'en', 'Minun'),
(313, 'fr', 'Muciole'),
(313, 'en', 'Volbeat'),
(314, 'fr', 'Lumivole'),
(314, 'en', 'Illumise'),
(315, 'fr', 'Rosélia'),
(315, 'en', 'Roselia'),
(316, 'fr', 'Gloupti'),
(316, 'en', 'Gulpin'),
(317, 'fr', 'Avaltout'),
(317, 'en', 'Swalot'),
(318, 'fr', 'Carvanha'),
(318, 'en', 'Carvanha'),
(319, 'fr', 'Sharpedo'),
(319, 'en', 'Sharpedo'),
(320, 'fr', 'Wailmer'),
(320, 'en', 'Wailmer'),
(321, 'fr', 'Wailord'),
(321, 'en', 'Wailord'),
(322, 'fr', 'Chamallot'),
(322, 'en', 'Numel'),
(323, 'fr', 'Camérupt'),
(323, 'en', 'Camerupt'),
(324, 'fr', 'Chartor'),
(324, 'en', 'Torkoal'),
(325, 'fr', 'Spoink'),
(325, 'en', 'Spoink'),
(326, 'fr', 'Groret'),
(326, 'en', 'Grumpig'),
(327, 'fr', 'Spinda'),
(327, 'en', 'Spinda'),
(328, 'fr', 'Kraknoix'),
(328, 'en', 'Trapinch'),
(329, 'fr', 'Vibraninf'),
(329, 'en', 'Vibrava'),
(330, 'fr', 'Libégon'),
(330, 'en', 'Flygon'),
(331, 'fr', 'Cacnea'),
(331, 'en', 'Cacnea'),
(332, 'fr', 'Cacturne'),
(332, 'en', 'Cacturne'),
(333, 'fr', 'Tylton'),
(333, 'en', 'Swablu'),
(334, 'fr', 'Altaria'),
(334, 'en', 'Altaria'),
(335, 'fr', 'Mangriff'),
(335, 'en', 'Zangoose'),
(336, 'fr', 'Séviper'),
(336, 'en', 'Seviper'),
(337, 'fr', 'Séléroc'),
(337, 'en', 'Lunatone'),
(338, 'fr', 'Solaroc'),
(338, 'en', 'Solrock'),
(339, 'fr', 'Barloche'),
(339, 'en', 'Barboach'),
(340, 'fr', 'Barbicha'),
(340, 'en', 'Whiscash'),
(341, 'fr', 'Écrapince'),
(341, 'en', 'Corphish'),
(342, 'fr', 'Colhomard'),
(342, 'en', 'Crawdaunt'),
(343, 'fr', 'Balbuto'),
(343, 'en', 'Baltoy'),
(344, 'fr', 'Kaorine'),
(344, 'en', 'Claydol'),
(345, 'fr', 'Lilia'),
(345, 'en', 'Lileep'),
(346, 'fr', 'Vacilys'),
(346, 'en', 'Cradily'),
(347, 'fr', 'Anorith'),
(347, 'en', 'Anorith'),
(348, 'fr', 'Armaldo'),
(348, 'en', 'Armaldo'),
(349, 'fr', 'Barpau'),
(349, 'en', 'Feebas'),
(350, 'fr', 'Milobellus'),
(350, 'en', 'Milotic'),
(351, 'fr', 'Morphéo'),
(351, 'en', 'Castform'),
(352, 'fr', 'Kecleon'),
(352, 'en', 'Kecleon'),
(353, 'fr', 'Polichombr'),
(353, 'en', 'Shuppet'),
(354, 'fr', 'Branette'),
(354, 'en', 'Banette'),
(355, 'fr', 'Skelénox'),
(355, 'en', 'Duskull'),
(356, 'fr', 'Téraclope'),
(356, 'en', 'Dusclops'),
(357, 'fr', 'Tropius'),
(357, 'en', 'Tropius'),
(358, 'fr', 'Éoko'),
(358, 'en', 'Chimecho'),
(359, 'fr', 'Absol'),
(359, 'en', 'Absol'),
(360, 'fr', 'Okéoké'),
(360, 'en', 'Wynaut'),
(361, 'fr', 'Stalgamin'),
(361, 'en', 'Snorunt'),
(362, 'fr', 'Oniglali'),
(362, 'en', 'Glalie'),
(363, 'fr', 'Obalie'),
(363, 'en', 'Spheal'),
(364, 'fr', 'Phogleur'),
(364, 'en', 'Sealeo'),
(365, 'fr', 'Kaimorse'),
(365, 'en', 'Walrein'),
(366, 'fr', 'Coquiperl'),
(366, 'en', 'Clamperl'),
(367, 'fr', 'Serpang'),
(367, 'en', 'Huntail'),
(368, 'fr', 'Rosabyss'),
(368, 'en', 'Gorebyss'),
(369, 'fr', 'Relicanth'),
(369, 'en', 'Relicanth'),
(370, 'fr', 'Lovdisc'),
(370, 'en', 'Luvdisc'),
(371, 'fr', 'Draby'),
(371, 'en', 'Bagon'),
(372, 'fr', 'Drackhaus'),
(372, 'en', 'Shelgon'),
(373, 'fr', 'Drattak'),
(373, 'en', 'Salamence'),
(374, 'fr', 'Terhal'),
(374, 'en', 'Beldum'),
(375, 'fr', 'Métang'),
(375, 'en', 'Metang'),
(376, 'fr', 'Métalosse'),
(376, 'en', 'Metagross'),
(377, 'fr', 'Regirock'),
(377, 'en', 'Regirock'),
(378, 'fr', 'Regice'),
(378, 'en', 'Regice'),
(379, 'fr', 'Registeel'),
(379, 'en', 'Registeel'),
(380, 'fr', 'Latias'),
(380, 'en', 'Latias'),
(381, 'fr', 'Latios'),
(381, 'en', 'Latios'),
(382, 'fr', 'Kyogre'),
(382, 'en', 'Kyogre'),
(383, 'fr', 'Groudon'),
(383, 'en', 'Groudon'),
(384, 'fr', 'Rayquaza'),
(384, 'en', 'Rayquaza'),
(385, 'fr', 'Jirachi'),
(385, 'en', 'Jirachi'),
(386, 'fr', 'Deoxys'),
(386, 'en', 'Deoxys'),
(387, 'fr', 'Tortipouss'),
(387, 'en', 'Turtwig'),
(388, 'fr', 'Boskara'),
(388, 'en', 'Grotle'),
(389, 'fr', 'Torterra'),
(389, 'en', 'Torterra'),
(390, 'fr', 'Ouisticram'),
(390, 'en', 'Chimchar'),
(391, 'fr', 'Chimpenfeu'),
(391, 'en', 'Monferno'),
(392, 'fr', 'Simiabraz'),
(392, 'en', 'Infernape'),
(393, 'fr', 'Tiplouf'),
(393, 'en', 'Piplup'),
(394, 'fr', 'Prinplouf'),
(394, 'en', 'Prinplup'),
(395, 'fr', 'Pingoléon'),
(395, 'en', 'Empoleon'),
(396, 'fr', 'Étourmi'),
(396, 'en', 'Starly'),
(397, 'fr', 'Étourvol'),
(397, 'en', 'Staravia'),
(398, 'fr', 'Étouraptor'),
(398, 'en', 'Staraptor'),
(399, 'fr', 'Keunotor'),
(399, 'en', 'Bidoof'),
(400, 'fr', 'Castorno'),
(400, 'en', 'Bibarel'),
(401, 'fr', 'Crikzik'),
(401, 'en', 'Kricketot'),
(402, 'fr', 'Mélokrik'),
(402, 'en', 'Kricketune'),
(403, 'fr', 'Lixy'),
(403, 'en', 'Shinx'),
(404, 'fr', 'Luxio'),
(404, 'en', 'Luxio'),
(405, 'fr', 'Luxray'),
(405, 'en', 'Luxray'),
(406, 'fr', 'Rozbouton'),
(406, 'en', 'Budew'),
(407, 'fr', 'Roserade'),
(407, 'en', 'Roserade'),
(408, 'fr', 'Kranidos'),
(408, 'en', 'Cranidos'),
(409, 'fr', 'Charkos'),
(409, 'en', 'Rampardos'),
(410, 'fr', 'Dinoclier'),
(410, 'en', 'Shieldon'),
(411, 'fr', 'Bastiodon'),
(411, 'en', 'Bastiodon'),
(412, 'fr', 'Cheniti'),
(412, 'en', 'Burmy'),
(413, 'fr', 'Cheniselle'),
(413, 'en', 'Wormadam'),
(414, 'fr', 'Papilord'),
(414, 'en', 'Mothim'),
(415, 'fr', 'Apitrini'),
(415, 'en', 'Combee'),
(416, 'fr', 'Apireine'),
(416, 'en', 'Vespiquen'),
(417, 'fr', 'Pachirisu'),
(417, 'en', 'Pachirisu'),
(418, 'fr', 'Mustébouée'),
(418, 'en', 'Buizel'),
(419, 'fr', 'Mustéflott'),
(419, 'en', 'Floatzel'),
(420, 'fr', 'Ceribou'),
(420, 'en', 'Cherubi'),
(421, 'fr', 'Ceriflor'),
(421, 'en', 'Cherrim'),
(422, 'fr', 'Sancoki'),
(422, 'en', 'Shellos'),
(423, 'fr', 'Tritosor'),
(423, 'en', 'Gastrodon'),
(424, 'fr', 'Capidextre'),
(424, 'en', 'Ambipom'),
(425, 'fr', 'Baudrive'),
(425, 'en', 'Drifloon'),
(426, 'fr', 'Grodrive'),
(426, 'en', 'Drifblim'),
(427, 'fr', 'Laporeille'),
(427, 'en', 'Buneary'),
(428, 'fr', 'Lockpin'),
(428, 'en', 'Lopunny'),
(429, 'fr', 'Magirêve'),
(429, 'en', 'Mismagius'),
(430, 'fr', 'Corboss'),
(430, 'en', 'Honchkrow'),
(431, 'fr', 'Chaglam'),
(431, 'en', 'Glameow'),
(432, 'fr', 'Chaffreux'),
(432, 'en', 'Purugly'),
(433, 'fr', 'Korillon'),
(433, 'en', 'Chingling'),
(434, 'fr', 'Moufouette'),
(434, 'en', 'Stunky'),
(435, 'fr', 'Moufflair'),
(435, 'en', 'Skuntank'),
(436, 'fr', 'Archéomire'),
(436, 'en', 'Bronzor'),
(437, 'fr', 'Archéodong'),
(437, 'en', 'Bronzong'),
(438, 'fr', 'Manzaï'),
(438, 'en', 'Bonsly'),
(439, 'fr', 'Mime Jr.'),
(439, 'en', 'Mime Jr.'),
(440, 'fr', 'Ptiravi'),
(440, 'en', 'Happiny'),
(441, 'fr', 'Pijako'),
(441, 'en', 'Chatot'),
(442, 'fr', 'Spiritomb'),
(442, 'en', 'Spiritomb'),
(443, 'fr', 'Griknot'),
(443, 'en', 'Gible'),
(444, 'fr', 'Carmache'),
(444, 'en', 'Gabite'),
(445, 'fr', 'Carchacrok'),
(445, 'en', 'Garchomp'),
(446, 'fr', 'Goinfrex'),
(446, 'en', 'Munchlax'),
(447, 'fr', 'Riolu'),
(447, 'en', 'Riolu'),
(448, 'fr', 'Lucario'),
(448, 'en', 'Lucario'),
(449, 'fr', 'Hippopotas'),
(449, 'en', 'Hippopotas'),
(450, 'fr', 'Hippodocus'),
(450, 'en', 'Hippowdon'),
(451, 'fr', 'Rapion'),
(451, 'en', 'Skorupi'),
(452, 'fr', 'Drascore'),
(452, 'en', 'Drapion'),
(453, 'fr', 'Cradopaud'),
(453, 'en', 'Croagunk'),
(454, 'fr', 'Coatox'),
(454, 'en', 'Toxicroak'),
(455, 'fr', 'Vortente'),
(455, 'en', 'Carnivine'),
(456, 'fr', 'Écayon'),
(456, 'en', 'Finneon'),
(457, 'fr', 'Luminéon'),
(457, 'en', 'Lumineon'),
(458, 'fr', 'Babimanta'),
(458, 'en', 'Mantyke'),
(459, 'fr', 'Blizzi'),
(459, 'en', 'Snover'),
(460, 'fr', 'Blizzaroi'),
(460, 'en', 'Abomasnow'),
(461, 'fr', 'Dimoret'),
(461, 'en', 'Weavile'),
(462, 'fr', 'Magnézone'),
(462, 'en', 'Magnezone'),
(463, 'fr', 'Coudlangue'),
(463, 'en', 'Lickilicky'),
(464, 'fr', 'Rhinastoc'),
(464, 'en', 'Rhyperior'),
(465, 'fr', 'Bouldeneu'),
(465, 'en', 'Tangrowth'),
(466, 'fr', 'Élekable'),
(466, 'en', 'Electivire'),
(467, 'fr', 'Maganon'),
(467, 'en', 'Magmortar'),
(468, 'fr', 'Togekiss'),
(468, 'en', 'Togekiss'),
(469, 'fr', 'Yanmega'),
(469, 'en', 'Yanmega'),
(470, 'fr', 'Phyllali'),
(470, 'en', 'Leafeon'),
(471, 'fr', 'Givrali'),
(471, 'en', 'Glaceon'),
(472, 'fr', 'Scorvol'),
(472, 'en', 'Gliscor'),
(473, 'fr', 'Mammochon'),
(473, 'en', 'Mamoswine'),
(474, 'fr', 'Porygon Z'),
(474, 'en', 'Porygon Z'),
(475, 'fr', 'Gallame'),
(475, 'en', 'Gallade'),
(476, 'fr', 'Tarinorme'),
(476, 'en', 'Probopass'),
(477, 'fr', 'Noctunoir'),
(477, 'en', 'Dusknoir'),
(478, 'fr', 'Momartik'),
(478, 'en', 'Froslass'),
(479, 'fr', 'Motisma'),
(479, 'en', 'Rotom'),
(480, 'fr', 'Créhelf'),
(480, 'en', 'Uxie'),
(481, 'fr', 'Créfollet'),
(481, 'en', 'Mesprit'),
(482, 'fr', 'Créfadet'),
(482, 'en', 'Azelf'),
(483, 'fr', 'Dialga'),
(483, 'en', 'Dialga'),
(484, 'fr', 'Palkia'),
(484, 'en', 'Palkia'),
(485, 'fr', 'Heatran'),
(485, 'en', 'Heatran'),
(486, 'fr', 'Regigigas'),
(486, 'en', 'Regigigas'),
(487, 'fr', 'Giratina'),
(487, 'en', 'Giratina'),
(488, 'fr', 'Cresselia'),
(488, 'en', 'Cresselia'),
(489, 'fr', 'Phione'),
(489, 'en', 'Phione'),
(490, 'fr', 'Manaphy'),
(490, 'en', 'Manaphy'),
(491, 'fr', 'Darkrai'),
(491, 'en', 'Darkrai'),
(492, 'fr', 'Shaymin'),
(492, 'en', 'Shaymin'),
(493, 'fr', 'Arceus'),
(493, 'en', 'Arceus');

-- --------------------------------------------------------

--
-- Structure de la table `pokemon_specie`
--

CREATE TABLE `pokemon_specie` (
  `pokemon_id` int(4) UNSIGNED DEFAULT NULL,
  `lang` varchar(5) COLLATE utf8mb4_unicode_ci DEFAULT NULL,
  `specie` varchar(25) COLLATE utf8mb4_unicode_ci DEFAULT NULL
) ENGINE=InnoDB DEFAULT CHARSET=utf8mb4 COLLATE=utf8mb4_unicode_ci;

--
-- Déchargement des données de la table `pokemon_specie`
--

INSERT INTO `pokemon_specie` (`pokemon_id`, `lang`, `specie`) VALUES
(1, 'fr', 'Pokémon Graine'),
(1, 'en', 'Seed Pokémon'),
(2, 'fr', 'Pokémon Graine'),
(2, 'en', 'Seed Pokémon'),
(3, 'fr', 'Pokémon Graine'),
(3, 'en', 'Seed Pokémon'),
(4, 'fr', 'Pokémon Lézard'),
(4, 'en', 'Lizard Pokémon'),
(5, 'fr', 'Pokémon Flamme'),
(5, 'en', 'Flame Pokémon'),
(6, 'fr', 'Pokémon Flamme'),
(6, 'en', 'Flame Pokémon'),
(7, 'fr', 'Pokémon Minitortue'),
(7, 'en', 'Tiny Turtle Pokémon'),
(8, 'fr', 'Pokémon Tortue'),
(8, 'en', 'Turtle Pokémon'),
(9, 'fr', 'Pokémon Carapace'),
(9, 'en', 'Shellfish Pokémon'),
(10, 'fr', 'Pokémon Ver'),
(10, 'en', 'Worm Pokémon'),
(11, 'fr', 'Pokémon Cocon'),
(11, 'en', 'Cocoon Pokémon'),
(12, 'fr', 'Pokémon Papillon'),
(12, 'en', 'Butterfly Pokémon'),
(13, 'fr', 'Pokémon Insectopic'),
(13, 'en', 'Hairy Bug Pokémon'),
(14, 'fr', 'Pokémon Cocon'),
(14, 'en', 'Cocoon Pokémon'),
(15, 'fr', 'Pokémon Guêpoison'),
(15, 'en', 'Poison Bee Pokémon'),
(16, 'fr', 'Pokémon Minoiseau'),
(16, 'en', 'Tiny Bird Pokémon'),
(17, 'fr', 'Pokémon Oiseau'),
(17, 'en', 'Bird Pokémon'),
(18, 'fr', 'Pokémon Oiseau'),
(18, 'en', 'Bird Pokémon'),
(19, 'fr', 'Pokémon Souris'),
(19, 'en', 'Mouse Pokémon'),
(20, 'fr', 'Pokémon Souris'),
(20, 'en', 'Mouse Pokémon'),
(21, 'fr', 'Pokémon Minoiseau'),
(21, 'en', 'Tiny Bird Pokémon'),
(22, 'fr', 'Pokémon Bec Oiseau'),
(22, 'en', 'Beak Pokémon'),
(23, 'fr', 'Pokémon Serpent'),
(23, 'en', 'Snake Pokémon'),
(24, 'fr', 'Pokémon Cobra'),
(24, 'en', 'Cobra Pokémon'),
(25, 'fr', 'Pokémon Souris'),
(25, 'en', 'Mouse Pokémon'),
(26, 'fr', 'Pokémon Souris'),
(26, 'en', 'Mouse Pokémon'),
(27, 'fr', 'Pokémon Souris'),
(27, 'en', 'Mouse Pokémon'),
(28, 'fr', 'Pokémon Souris'),
(28, 'en', 'Mouse Pokémon'),
(29, 'fr', 'Pokémon Vénépic'),
(29, 'en', 'Poison Pin Pokémon'),
(30, 'fr', 'Pokémon Vénépic'),
(30, 'en', 'Poison Pin Pokémon'),
(31, 'fr', 'Pokémon Perceur'),
(31, 'en', 'Drill Pokémon'),
(32, 'fr', 'Pokémon Vénépic'),
(32, 'en', 'Poison Pin Pokémon'),
(33, 'fr', 'Pokémon Vénépic'),
(33, 'en', 'Poison Pin Pokémon'),
(34, 'fr', 'Pokémon Perceur'),
(34, 'en', 'Drill Pokémon'),
(35, 'fr', 'Pokémon Fée'),
(35, 'en', 'Fairy Pokémon'),
(36, 'fr', 'Pokémon Fée'),
(36, 'en', 'Fairy Pokémon'),
(37, 'fr', 'Pokémon Renard'),
(37, 'en', 'Fox Pokémon'),
(38, 'fr', 'Pokémon Renard'),
(38, 'en', 'Fox Pokémon'),
(39, 'fr', 'Pokémon Bouboule'),
(39, 'en', 'Balloon Pokémon'),
(40, 'fr', 'Pokémon Bouboule'),
(40, 'en', 'Balloon Pokémon'),
(41, 'fr', 'Pokémon Chovsouris'),
(41, 'en', 'Bat Pokémon'),
(42, 'fr', 'Pokémon Chovsouris'),
(42, 'en', 'Bat Pokémon'),
(43, 'fr', 'Pokémon Racine'),
(43, 'en', 'Weed Pokémon'),
(44, 'fr', 'Pokémon Racine'),
(44, 'en', 'Weed Pokémon'),
(45, 'fr', 'Pokémon Fleur'),
(45, 'en', 'Flower Pokémon'),
(46, 'fr', 'Pokémon Champignon'),
(46, 'en', 'Mushroom Pokémon'),
(47, 'fr', 'Pokémon Champignon'),
(47, 'en', 'Mushroom Pokémon'),
(48, 'fr', 'Pokémon Vermine'),
(48, 'en', 'Insect Pokémon'),
(49, 'fr', 'Pokémon Papipoison'),
(49, 'en', 'Poison Moth Pokémon'),
(50, 'fr', 'Pokémon Taupe'),
(50, 'en', 'Mole Pokémon'),
(51, 'fr', 'Pokémon Taupe'),
(51, 'en', 'Mole Pokémon'),
(52, 'fr', 'Pokémon Chadégout'),
(52, 'en', 'Scratch Cat Pokémon'),
(53, 'fr', 'Pokémon Chadeville'),
(53, 'en', 'Classy Cat Pokémon'),
(54, 'fr', 'Pokémon Canard'),
(54, 'en', 'Duck Pokémon'),
(55, 'fr', 'Pokémon Canard'),
(55, 'en', 'Duck Pokémon'),
(56, 'fr', 'Pokémon Porsinge'),
(56, 'en', 'Pig Monkey Pokémon'),
(57, 'fr', 'Pokémon Porsinge'),
(57, 'en', 'Pig Monkey Pokémon'),
(58, 'fr', 'Pokémon Chiot'),
(58, 'en', 'Puppy Pokémon'),
(59, 'fr', 'Pokémon Légendaire'),
(59, 'en', 'Legendary Pokémon'),
(60, 'fr', 'Pokémon Têtard'),
(60, 'en', 'Tadpole Pokémon'),
(61, 'fr', 'Pokémon Têtard'),
(61, 'en', 'Tadpole Pokémon'),
(62, 'fr', 'Pokémon Têtard'),
(62, 'en', 'Tadpole Pokémon'),
(63, 'fr', 'Pokémon Psy'),
(63, 'en', 'Psi Pokémon'),
(64, 'fr', 'Pokémon Psy'),
(64, 'en', 'Psi Pokémon'),
(65, 'fr', 'Pokémon Psy'),
(65, 'en', 'Psi Pokémon'),
(66, 'fr', 'Pokémon Colosse'),
(66, 'en', 'Superpower Pokémon'),
(67, 'fr', 'Pokémon Colosse'),
(67, 'en', 'Superpower Pokémon'),
(68, 'fr', 'Pokémon Colosse'),
(68, 'en', 'Superpower Pokémon'),
(69, 'fr', 'Pokémon Fleur'),
(69, 'en', 'Flower Pokémon'),
(70, 'fr', 'Pokémon Carnivore'),
(70, 'en', 'Flycatcher Pokémon'),
(71, 'fr', 'Pokémon Carnivore'),
(71, 'en', 'Flycatcher Pokémon'),
(72, 'fr', 'Pokémon Mollusque'),
(72, 'en', 'Jellyfish Pokémon'),
(73, 'fr', 'Pokémon Mollusque'),
(73, 'en', 'Jellyfish Pokémon'),
(74, 'fr', 'Pokémon Roche'),
(74, 'en', 'Rock Pokémon'),
(75, 'fr', 'Pokémon Roche'),
(75, 'en', 'Rock Pokémon'),
(76, 'fr', 'Pokémon Titanesque'),
(76, 'en', 'Megaton Pokémon'),
(77, 'fr', 'Pokémon Cheval Feu'),
(77, 'en', 'Fire Horse Pokémon'),
(78, 'fr', 'Pokémon Cheval Feu'),
(78, 'en', 'Fire Horse Pokémon'),
(79, 'fr', 'Pokémon Crétin'),
(79, 'en', 'Dopey Pokémon'),
(80, 'fr', 'Pokémon Symbiose'),
(80, 'en', 'Hermit Crab Pokémon'),
(81, 'fr', 'Pokémon Magnétique'),
(81, 'en', 'Magnet Pokémon'),
(82, 'fr', 'Pokémon Magnétique'),
(82, 'en', 'Magnet Pokémon'),
(83, 'fr', 'Pokémon Canard Fou'),
(83, 'en', 'Wild Duck Pokémon'),
(84, 'fr', 'Pokémon Duoiseau'),
(84, 'en', 'Twin Bird Pokémon'),
(85, 'fr', 'Pokémon Trioiseau'),
(85, 'en', 'Triple Bird Pokémon'),
(86, 'fr', 'Pokémon Otarie'),
(86, 'en', 'Sea Lion Pokémon'),
(87, 'fr', 'Pokémon Otarie'),
(87, 'en', 'Sea Lion Pokémon'),
(88, 'fr', 'Pokémon Dégueu'),
(88, 'en', 'Sludge Pokémon'),
(89, 'fr', 'Pokémon Dégueu'),
(89, 'en', 'Sludge Pokémon'),
(90, 'fr', 'Pokémon Bivalve'),
(90, 'en', 'Bivalve Pokémon'),
(91, 'fr', 'Pokémon Bivalve'),
(91, 'en', 'Bivalve Pokémon'),
(92, 'fr', 'Pokémon Gaz'),
(92, 'en', 'Gas Pokémon'),
(93, 'fr', 'Pokémon Gaz'),
(93, 'en', 'Gas Pokémon'),
(94, 'fr', 'Pokémon Ombre'),
(94, 'en', 'Shadow Pokémon'),
(95, 'fr', 'Pokémon Serpenroc'),
(95, 'en', 'Rock Snake Pokémon'),
(96, 'fr', 'Pokémon Hypnose'),
(96, 'en', 'Hypnosis Pokémon'),
(97, 'fr', 'Pokémon Hypnose'),
(97, 'en', 'Hypnosis Pokémon'),
(98, 'fr', 'Pokémon Doux Crabe'),
(98, 'en', 'River Crab Pokémon'),
(99, 'fr', 'Pokémon Pince'),
(99, 'en', 'Pincer Pokémon'),
(100, 'fr', 'Pokémon Balle'),
(100, 'en', 'Ball Pokémon'),
(101, 'fr', 'Pokémon Balle'),
(101, 'en', 'Ball Pokémon'),
(102, 'fr', 'Pokémon Œuf'),
(102, 'en', 'Egg Pokémon'),
(103, 'fr', 'Pokémon Fruitpalme'),
(103, 'en', 'Coconut Pokémon'),
(104, 'fr', 'Pokémon Solitaire'),
(104, 'en', 'Lonely Pokémon'),
(105, 'fr', 'Pokémon Gard’Os'),
(105, 'en', 'Bone Keeper Pokémon'),
(106, 'fr', 'Pokémon Latteur'),
(106, 'en', 'Kicking Pokémon'),
(107, 'fr', 'Pokémon Puncheur'),
(107, 'en', 'Punching Pokémon'),
(108, 'fr', 'Pokémon Lécheur'),
(108, 'en', 'Licking Pokémon'),
(109, 'fr', 'Pokémon Gaz Mortel'),
(109, 'en', 'Poison Gas Pokémon'),
(110, 'fr', 'Pokémon Gaz Mortel'),
(110, 'en', 'Poison Gas Pokémon'),
(111, 'fr', 'Pokémon Piquant'),
(111, 'en', 'Spikes Pokémon'),
(112, 'fr', 'Pokémon Perceur'),
(112, 'en', 'Drill Pokémon'),
(113, 'fr', 'Pokémon Œuf'),
(113, 'en', 'Egg Pokémon'),
(114, 'fr', 'Pokémon Vigne'),
(114, 'en', 'Vine Pokémon'),
(115, 'fr', 'Pokémon Maternel'),
(115, 'en', 'Parent Pokémon'),
(116, 'fr', 'Pokémon Dragon'),
(116, 'en', 'Dragon Pokémon'),
(117, 'fr', 'Pokémon Dragon'),
(117, 'en', 'Dragon Pokémon'),
(118, 'fr', 'Pokémon Poisson'),
(118, 'en', 'Goldfish Pokémon'),
(119, 'fr', 'Pokémon Poisson'),
(119, 'en', 'Goldfish Pokémon'),
(120, 'fr', 'Pokémon Étoile'),
(120, 'en', 'Star Shape Pokémon'),
(121, 'fr', 'Pokémon Mystérieux'),
(121, 'en', 'Mysterious Pokémon'),
(122, 'fr', 'Pokémon Bloqueur'),
(122, 'en', 'Barrier Pokémon'),
(123, 'fr', 'Pokémon Mante'),
(123, 'en', 'Mantis Pokémon'),
(124, 'fr', 'Pokémon Humanoïde'),
(124, 'en', 'Human Shape Pokémon'),
(125, 'fr', 'Pokémon Électrique'),
(125, 'en', 'Electric Pokémon'),
(126, 'fr', 'Pokémon Crache Feu'),
(126, 'en', 'Spitfire Pokémon'),
(127, 'fr', 'Pokémon Scarabée'),
(127, 'en', 'Stag Beetle Pokémon'),
(128, 'fr', 'Pokémon Buffle'),
(128, 'en', 'Wild Bull Pokémon'),
(129, 'fr', 'Pokémon Poisson'),
(129, 'en', 'Fish Pokémon'),
(130, 'fr', 'Pokémon Terrifiant'),
(130, 'en', 'Atrocious Pokémon'),
(131, 'fr', 'Pokémon Transport'),
(131, 'en', 'Transport Pokémon'),
(132, 'fr', 'Pokémon Morphing'),
(132, 'en', 'Transform Pokémon'),
(133, 'fr', 'Pokémon Évolutif'),
(133, 'en', 'Evolution Pokémon'),
(134, 'fr', 'Pokémon Bulleur'),
(134, 'en', 'Bubble Jet Pokémon'),
(135, 'fr', 'Pokémon Orage'),
(135, 'en', 'Lightning Pokémon'),
(136, 'fr', 'Pokémon Flamme'),
(136, 'en', 'Flame Pokémon'),
(137, 'fr', 'Pokémon Virtuel'),
(137, 'en', 'Virtual Pokémon'),
(138, 'fr', 'Pokémon Spirale'),
(138, 'en', 'Spiral Pokémon'),
(139, 'fr', 'Pokémon Spirale'),
(139, 'en', 'Spiral Pokémon'),
(140, 'fr', 'Pokémon Carapace'),
(140, 'en', 'Shellfish Pokémon'),
(141, 'fr', 'Pokémon Carapace'),
(141, 'en', 'Shellfish Pokémon'),
(142, 'fr', 'Pokémon Fossile'),
(142, 'en', 'Fossil Pokémon'),
(143, 'fr', 'Pokémon Pionceur'),
(143, 'en', 'Sleeping Pokémon'),
(144, 'fr', 'Pokémon Glaciaire'),
(144, 'en', 'Freeze Pokémon'),
(145, 'fr', 'Pokémon Électrique'),
(145, 'en', 'Electric Pokémon'),
(146, 'fr', 'Pokémon Flamme'),
(146, 'en', 'Flame Pokémon'),
(147, 'fr', 'Pokémon Dragon'),
(147, 'en', 'Dragon Pokémon'),
(148, 'fr', 'Pokémon Dragon'),
(148, 'en', 'Dragon Pokémon'),
(149, 'fr', 'Pokémon Dragon'),
(149, 'en', 'Dragon Pokémon'),
(150, 'fr', 'Pokémon Génétique'),
(150, 'en', 'Genetic Pokémon'),
(151, 'fr', 'Pokémon Nouveau'),
(151, 'en', 'New Species Pokémon'),
(152, 'fr', 'Pokémon Feuille'),
(152, 'en', 'Leaf Pokémon'),
(153, 'fr', 'Pokémon Feuille'),
(153, 'en', 'Leaf Pokémon'),
(154, 'fr', 'Pokémon Herbe'),
(154, 'en', 'Herb Pokémon'),
(155, 'fr', 'Pokémon Souris Feu'),
(155, 'en', 'Fire Mouse Pokémon'),
(156, 'fr', 'Pokémon Volcan'),
(156, 'en', 'Volcano Pokémon'),
(157, 'fr', 'Pokémon Volcan'),
(157, 'en', 'Volcano Pokémon'),
(158, 'fr', 'Pokémon Mâchoire'),
(158, 'en', 'Big Jaw Pokémon'),
(159, 'fr', 'Pokémon Mâchoire'),
(159, 'en', 'Big Jaw Pokémon'),
(160, 'fr', 'Pokémon Mâchoire'),
(160, 'en', 'Big Jaw Pokémon'),
(161, 'fr', 'Pokémon Espion'),
(161, 'en', 'Scout Pokémon'),
(162, 'fr', 'Pokémon Allongé'),
(162, 'en', 'Long Body Pokémon'),
(163, 'fr', 'Pokémon Hibou'),
(163, 'en', 'Owl Pokémon'),
(164, 'fr', 'Pokémon Hibou'),
(164, 'en', 'Owl Pokémon'),
(165, 'fr', 'Pokémon 5 Étoiles'),
(165, 'en', 'Five Star Pokémon'),
(166, 'fr', 'Pokémon 5 Étoiles'),
(166, 'en', 'Five Star Pokémon'),
(167, 'fr', 'Pokémon Crache Fil'),
(167, 'en', 'String Spit Pokémon'),
(168, 'fr', 'Pokémon Long Patte'),
(168, 'en', 'Long Leg Pokémon'),
(169, 'fr', 'Pokémon Chovsouris'),
(169, 'en', 'Bat Pokémon'),
(170, 'fr', 'Pokémon Poisson'),
(170, 'en', 'Angler Pokémon'),
(171, 'fr', 'Pokémon Lumière'),
(171, 'en', 'Light Pokémon'),
(172, 'fr', 'Pokémon Minisouris'),
(172, 'en', 'Tiny Mouse Pokémon'),
(173, 'fr', 'Pokémon Étoile'),
(173, 'en', 'Star Shape Pokémon'),
(174, 'fr', 'Pokémon Bouboule'),
(174, 'en', 'Balloon Pokémon'),
(175, 'fr', 'Pokémon Balle Pic'),
(175, 'en', 'Spike Ball Pokémon'),
(176, 'fr', 'Pokémon Bonheur'),
(176, 'en', 'Happiness Pokémon'),
(177, 'fr', 'Pokémon Minoiseau'),
(177, 'en', 'Tiny Bird Pokémon'),
(178, 'fr', 'Pokémon Mystique'),
(178, 'en', 'Mystic Pokémon'),
(179, 'fr', 'Pokémon Laine'),
(179, 'en', 'Wool Pokémon'),
(180, 'fr', 'Pokémon Laine'),
(180, 'en', 'Wool Pokémon'),
(181, 'fr', 'Pokémon Lumière'),
(181, 'en', 'Light Pokémon'),
(182, 'fr', 'Pokémon Fleur'),
(182, 'en', 'Flower Pokémon'),
(183, 'fr', 'Pokémon Aquasouris'),
(183, 'en', 'Aqua Mouse Pokémon'),
(184, 'fr', 'Pokémon Aqualapin'),
(184, 'en', 'Aqua Rabbit Pokémon'),
(185, 'fr', 'Pokémon Imitation'),
(185, 'en', 'Imitation Pokémon'),
(186, 'fr', 'Pokémon Grenouille'),
(186, 'en', 'Frog Pokémon'),
(187, 'fr', 'Pokémon Pissenlit'),
(187, 'en', 'Cottonweed Pokémon'),
(188, 'fr', 'Pokémon Pissenlit'),
(188, 'en', 'Cottonweed Pokémon'),
(189, 'fr', 'Pokémon Pissenlit'),
(189, 'en', 'Cottonweed Pokémon'),
(190, 'fr', 'Pokémon Longqueue'),
(190, 'en', 'Long Tail Pokémon'),
(191, 'fr', 'Pokémon Graine'),
(191, 'en', 'Seed Pokémon'),
(192, 'fr', 'Pokémon Soleil'),
(192, 'en', 'Sun Pokémon'),
(193, 'fr', 'Pokémon Translaile'),
(193, 'en', 'Clear Wing Pokémon'),
(194, 'fr', 'Pokémon Poisson'),
(194, 'en', 'Water Fish Pokémon'),
(195, 'fr', 'Pokémon Poisson'),
(195, 'en', 'Water Fish Pokémon'),
(196, 'fr', 'Pokémon Soleil'),
(196, 'en', 'Sun Pokémon'),
(197, 'fr', 'Pokémon Lune'),
(197, 'en', 'Moonlight Pokémon'),
(198, 'fr', 'Pokémon Obscurité'),
(198, 'en', 'Darkness Pokémon'),
(199, 'fr', 'Pokémon Royal'),
(199, 'en', 'Royal Pokémon'),
(200, 'fr', 'Pokémon Strident'),
(200, 'en', 'Screech Pokémon'),
(201, 'fr', 'Pokémon Symbolique'),
(201, 'en', 'Symbol Pokémon'),
(202, 'fr', 'Pokémon Patient'),
(202, 'en', 'Patient Pokémon'),
(203, 'fr', 'Pokémon Long Cou'),
(203, 'en', 'Long Neck Pokémon'),
(204, 'fr', 'Pokémon Ver Caché'),
(204, 'en', 'Bagworm Pokémon'),
(205, 'fr', 'Pokémon Ver Caché'),
(205, 'en', 'Bagworm Pokémon'),
(206, 'fr', 'Pokémon Serpent'),
(206, 'en', 'Land Snake Pokémon'),
(207, 'fr', 'Pokémon Scorpivol'),
(207, 'en', 'Fly Scorpion Pokémon'),
(208, 'fr', 'Pokémon Serpenfer'),
(208, 'en', 'Iron Snake Pokémon'),
(209, 'fr', 'Pokémon Fée'),
(209, 'en', 'Fairy Pokémon'),
(210, 'fr', 'Pokémon Fée'),
(210, 'en', 'Fairy Pokémon'),
(211, 'fr', 'Pokémon Bouboule'),
(211, 'en', 'Balloon Pokémon'),
(212, 'fr', 'Pokémon Pince'),
(212, 'en', 'Pincer Pokémon'),
(213, 'fr', 'Pokémon Pourri'),
(213, 'en', 'Mold Pokémon'),
(214, 'fr', 'Pokémon Unicorne'),
(214, 'en', 'Single Horn Pokémon'),
(215, 'fr', 'Pokémon Grifacérée'),
(215, 'en', 'Sharp Claw Pokémon'),
(216, 'fr', 'Pokémon Mini Ours'),
(216, 'en', 'Little Bear Pokémon'),
(217, 'fr', 'Pokémon Hibernant'),
(217, 'en', 'Hibernator Pokémon'),
(218, 'fr', 'Pokémon Lave'),
(218, 'en', 'Lava Pokémon'),
(219, 'fr', 'Pokémon Lave'),
(219, 'en', 'Lava Pokémon'),
(220, 'fr', 'Pokémon Cochon'),
(220, 'en', 'Pig Pokémon'),
(221, 'fr', 'Pokémon Porc'),
(221, 'en', 'Swine Pokémon'),
(222, 'fr', 'Pokémon Corail'),
(222, 'en', 'Coral Pokémon'),
(223, 'fr', 'Pokémon Jet'),
(223, 'en', 'Jet Pokémon'),
(224, 'fr', 'Pokémon Jet'),
(224, 'en', 'Jet Pokémon'),
(225, 'fr', 'Pokémon Livraison'),
(225, 'en', 'Delivery Pokémon'),
(226, 'fr', 'Pokémon Cervolant'),
(226, 'en', 'Kite Pokémon'),
(227, 'fr', 'Pokémon Armoiseau'),
(227, 'en', 'Armor Bird Pokémon'),
(228, 'fr', 'Pokémon Sombre'),
(228, 'en', 'Dark Pokémon'),
(229, 'fr', 'Pokémon Sombre'),
(229, 'en', 'Dark Pokémon'),
(230, 'fr', 'Pokémon Dragon'),
(230, 'en', 'Dragon Pokémon'),
(231, 'fr', 'Pokémon Long Nez'),
(231, 'en', 'Long Nose Pokémon'),
(232, 'fr', 'Pokémon Armure'),
(232, 'en', 'Armor Pokémon'),
(233, 'fr', 'Pokémon Virtuel'),
(233, 'en', 'Virtual Pokémon'),
(234, 'fr', 'Pokémon _maxi Corne'),
(234, 'en', 'Big Horn Pokémon'),
(235, 'fr', 'Pokémon Peintre'),
(235, 'en', 'Painter Pokémon'),
(236, 'fr', 'Pokémon Bagarreur'),
(236, 'en', 'Scuffle Pokémon'),
(237, 'fr', 'Pokémon Poirier'),
(237, 'en', 'Handstand Pokémon'),
(238, 'fr', 'Pokémon Bisou'),
(238, 'en', 'Kiss Pokémon'),
(239, 'fr', 'Pokémon Électrique'),
(239, 'en', 'Electric Pokémon'),
(240, 'fr', 'Pokémon Charbon'),
(240, 'en', 'Live Coal Pokémon'),
(241, 'fr', 'Pokémon Vachalait'),
(241, 'en', 'Milk Cow Pokémon'),
(242, 'fr', 'Pokémon Bonheur'),
(242, 'en', 'Happiness Pokémon'),
(243, 'fr', 'Pokémon Foudre'),
(243, 'en', 'Thunder Pokémon'),
(244, 'fr', 'Pokémon Volcan'),
(244, 'en', 'Volcano Pokémon'),
(245, 'fr', 'Pokémon Aurore'),
(245, 'en', 'Aurora Pokémon'),
(246, 'fr', 'Pokémon Peaupierre'),
(246, 'en', 'Rock Skin Pokémon'),
(247, 'fr', 'Pokémon Carapadure'),
(247, 'en', 'Hard Shell Pokémon'),
(248, 'fr', 'Pokémon Armure'),
(248, 'en', 'Armor Pokémon'),
(249, 'fr', 'Pokémon Plongeon'),
(249, 'en', 'Diving Pokémon'),
(250, 'fr', 'Pokémon Arcenciel'),
(250, 'en', 'Rainbow Pokémon'),
(251, 'fr', 'Pokémon Temporel'),
(251, 'en', 'Time Travel Pokémon'),
(252, 'fr', 'Pokémon Bois Gecko'),
(252, 'en', 'Wood Gecko Pokémon'),
(253, 'fr', 'Pokémon Bois Gecko'),
(253, 'en', 'Wood Gecko Pokémon'),
(254, 'fr', 'Pokémon Forêt'),
(254, 'en', 'Forest Pokémon'),
(255, 'fr', 'Pokémon Poussin'),
(255, 'en', 'Chick Pokémon'),
(256, 'fr', 'Pokémon Poulet'),
(256, 'en', 'Young Fowl Pokémon'),
(257, 'fr', 'Pokémon Ardent'),
(257, 'en', 'Blaze Pokémon'),
(258, 'fr', 'Pokémon Poissonboue'),
(258, 'en', 'Mud Fish Pokémon'),
(259, 'fr', 'Pokémon Poissonboue'),
(259, 'en', 'Mud Fish Pokémon'),
(260, 'fr', 'Pokémon Poissonboue'),
(260, 'en', 'Mud Fish Pokémon'),
(261, 'fr', 'Pokémon Morsure'),
(261, 'en', 'Bite Pokémon'),
(262, 'fr', 'Pokémon Morsure'),
(262, 'en', 'Bite Pokémon'),
(263, 'fr', 'Pokémon Petit Raton'),
(263, 'en', 'Tiny Raccoon Pokémon'),
(264, 'fr', 'Pokémon Fonceur'),
(264, 'en', 'Rushing Pokémon'),
(265, 'fr', 'Pokémon Ver'),
(265, 'en', 'Worm Pokémon'),
(266, 'fr', 'Pokémon Cocon'),
(266, 'en', 'Cocoon Pokémon'),
(267, 'fr', 'Pokémon Papillon'),
(267, 'en', 'Butterfly Pokémon'),
(268, 'fr', 'Pokémon Cocon'),
(268, 'en', 'Cocoon Pokémon'),
(269, 'fr', 'Pokémon Papipoison'),
(269, 'en', 'Poison Moth Pokémon'),
(270, 'fr', 'Pokémon Aquaplante'),
(270, 'en', 'Water Weed Pokémon'),
(271, 'fr', 'Pokémon Jovial'),
(271, 'en', 'Jolly Pokémon'),
(272, 'fr', 'Pokémon Insouciant'),
(272, 'en', 'Carefree Pokémon'),
(273, 'fr', 'Pokémon Gland'),
(273, 'en', 'Acorn Pokémon'),
(274, 'fr', 'Pokémon Malin'),
(274, 'en', 'Wily Pokémon'),
(275, 'fr', 'Pokémon Malveillant'),
(275, 'en', 'Wicked Pokémon'),
(276, 'fr', 'Pokémon Minirondel'),
(276, 'en', 'Tiny Swallow Pokémon'),
(277, 'fr', 'Pokémon Hirondelle'),
(277, 'en', 'Swallow Pokémon'),
(278, 'fr', 'Pokémon Mouette'),
(278, 'en', 'Seagull Pokémon'),
(279, 'fr', 'Pokémon Oiseaudo'),
(279, 'en', 'Water Bird Pokémon'),
(280, 'fr', 'Pokémon Sentiment'),
(280, 'en', 'Feeling Pokémon'),
(281, 'fr', 'Pokémon Émotion'),
(281, 'en', 'Emotion Pokémon'),
(282, 'fr', 'Pokémon Étreinte'),
(282, 'en', 'Embrace Pokémon'),
(283, 'fr', 'Pokémon Maresurfeur'),
(283, 'en', 'Pond Skater Pokémon'),
(284, 'fr', 'Pokémon Boule Œil'),
(284, 'en', 'Eyeball Pokémon'),
(285, 'fr', 'Pokémon Champignon'),
(285, 'en', 'Mushroom Pokémon'),
(286, 'fr', 'Pokémon Champignon'),
(286, 'en', 'Mushroom Pokémon'),
(287, 'fr', 'Pokémon Flâneur'),
(287, 'en', 'Slacker Pokémon'),
(288, 'fr', 'Pokémon Turbusinge'),
(288, 'en', 'Wild Monkey Pokémon'),
(289, 'fr', 'Pokémon Fainéant'),
(289, 'en', 'Lazy Pokémon'),
(290, 'fr', 'Pokémon Apprenti'),
(290, 'en', 'Trainee Pokémon'),
(291, 'fr', 'Pokémon Ninja'),
(291, 'en', 'Ninja Pokémon'),
(292, 'fr', 'Pokémon Exuvie'),
(292, 'en', 'Shed Pokémon'),
(293, 'fr', 'Pokémon Chuchoteur'),
(293, 'en', 'Whisper Pokémon'),
(294, 'fr', 'Pokémon Grosse Voix'),
(294, 'en', 'Big Voice Pokémon'),
(295, 'fr', 'Pokémon Bruit Sourd'),
(295, 'en', 'Loud Noise Pokémon'),
(296, 'fr', 'Pokémon Tenace'),
(296, 'en', 'Guts Pokémon'),
(297, 'fr', 'Pokémon Cogneur'),
(297, 'en', 'Arm Thrust Pokémon'),
(298, 'fr', 'Pokémon Point Polka'),
(298, 'en', 'Polka Dot Pokémon'),
(299, 'fr', 'Pokémon Boussole'),
(299, 'en', 'Compass Pokémon'),
(300, 'fr', 'Pokémon Chaton'),
(300, 'en', 'Kitten Pokémon'),
(301, 'fr', 'Pokémon Guindé'),
(301, 'en', 'Prim Pokémon'),
(302, 'fr', 'Pokémon Obscurité'),
(302, 'en', 'Darkness Pokémon'),
(303, 'fr', 'Pokémon Trompeur'),
(303, 'en', 'Deceiver Pokémon'),
(304, 'fr', 'Pokémon Armurfer'),
(304, 'en', 'Iron Armor Pokémon'),
(305, 'fr', 'Pokémon Armurfer'),
(305, 'en', 'Iron Armor Pokémon'),
(306, 'fr', 'Pokémon Armurfer'),
(306, 'en', 'Iron Armor Pokémon'),
(307, 'fr', 'Pokémon Méditation'),
(307, 'en', 'Meditate Pokémon'),
(308, 'fr', 'Pokémon Méditation'),
(308, 'en', 'Meditate Pokémon'),
(309, 'fr', 'Pokémon Orage'),
(309, 'en', 'Lightning Pokémon'),
(310, 'fr', 'Pokémon Décharge'),
(310, 'en', 'Discharge Pokémon'),
(311, 'fr', 'Pokémon Acclameur'),
(311, 'en', 'Cheering Pokémon'),
(312, 'fr', 'Pokémon Acclameur'),
(312, 'en', 'Cheering Pokémon'),
(313, 'fr', 'Pokémon Luciole'),
(313, 'en', 'Firefly Pokémon'),
(314, 'fr', 'Pokémon Luciole'),
(314, 'en', 'Firefly Pokémon'),
(315, 'fr', 'Pokémon Épine'),
(315, 'en', 'Thorn Pokémon'),
(316, 'fr', 'Pokémon Estomac'),
(316, 'en', 'Stomach Pokémon'),
(317, 'fr', 'Pokémon Sac Poison'),
(317, 'en', 'Poison Bag Pokémon'),
(318, 'fr', 'Pokémon Féroce'),
(318, 'en', 'Savage Pokémon'),
(319, 'fr', 'Pokémon Brutal'),
(319, 'en', 'Brutal Pokémon'),
(320, 'fr', 'Pokémon Baleinboule'),
(320, 'en', 'Ball Whale Pokémon'),
(321, 'fr', 'Pokémon Cachabouée'),
(321, 'en', 'Float Whale Pokémon'),
(322, 'fr', 'Pokémon Engourdi'),
(322, 'en', 'Numb Pokémon'),
(323, 'fr', 'Pokémon Éruption'),
(323, 'en', 'Eruption Pokémon'),
(324, 'fr', 'Pokémon Charbon'),
(324, 'en', 'Coal Pokémon'),
(325, 'fr', 'Pokémon Rebond'),
(325, 'en', 'Bounce Pokémon'),
(326, 'fr', 'Pokémon Magouilleur'),
(326, 'en', 'Manipulate Pokémon'),
(327, 'fr', 'Pokémon Panda Tache'),
(327, 'en', 'Spot Panda Pokémon'),
(328, 'fr', 'Pokémon Piégeur'),
(328, 'en', 'Ant Pit Pokémon'),
(329, 'fr', 'Pokémon Vibration'),
(329, 'en', 'Vibration Pokémon'),
(330, 'fr', 'Pokémon Mystique'),
(330, 'en', 'Mystic Pokémon'),
(331, 'fr', 'Pokémon Cactus'),
(331, 'en', 'Cactus Pokémon'),
(332, 'fr', 'Pokémon Épouvantail'),
(332, 'en', 'Scarecrow Pokémon'),
(333, 'fr', 'Pokémon Oiseaucoton'),
(333, 'en', 'Cotton Bird Pokémon'),
(334, 'fr', 'Pokémon Virevolteur'),
(334, 'en', 'Humming Pokémon'),
(335, 'fr', 'Pokémon Chat Furet'),
(335, 'en', 'Cat Ferret Pokémon'),
(336, 'fr', 'Pokémon Serpacroc'),
(336, 'en', 'Fang Snake Pokémon'),
(337, 'fr', 'Pokémon Météorite'),
(337, 'en', 'Meteorite Pokémon'),
(338, 'fr', 'Pokémon Météorite'),
(338, 'en', 'Meteorite Pokémon'),
(339, 'fr', 'Pokémon Barbillon'),
(339, 'en', 'Whiskers Pokémon'),
(340, 'fr', 'Pokémon Barbillon'),
(340, 'en', 'Whiskers Pokémon'),
(341, 'fr', 'Pokémon Brute'),
(341, 'en', 'Ruffian Pokémon'),
(342, 'fr', 'Pokémon Crapule'),
(342, 'en', 'Rogue Pokémon'),
(343, 'fr', 'Pokémon Poupargile'),
(343, 'en', 'Clay Doll Pokémon'),
(344, 'fr', 'Pokémon Poupargile'),
(344, 'en', 'Clay Doll Pokémon'),
(345, 'fr', 'Pokémon Lis d’Eau'),
(345, 'en', 'Sea Lily Pokémon'),
(346, 'fr', 'Pokémon Bernacle'),
(346, 'en', 'Barnacle Pokémon'),
(347, 'fr', 'Pokémon Crustage'),
(347, 'en', 'Old Shrimp Pokémon'),
(348, 'fr', 'Pokémon Blindage'),
(348, 'en', 'Plate Pokémon'),
(349, 'fr', 'Pokémon Poisson'),
(349, 'en', 'Fish Pokémon'),
(350, 'fr', 'Pokémon Tendre'),
(350, 'en', 'Tender Pokémon'),
(351, 'fr', 'Pokémon Climat'),
(351, 'en', 'Weather Pokémon'),
(352, 'fr', 'Pokémon Multicolor'),
(352, 'en', 'Color Swap Pokémon'),
(353, 'fr', 'Pokémon Poupée'),
(353, 'en', 'Puppet Pokémon'),
(354, 'fr', 'Pokémon Marionnette'),
(354, 'en', 'Marionette Pokémon'),
(355, 'fr', 'Pokémon Requiem'),
(355, 'en', 'Requiem Pokémon'),
(356, 'fr', 'Pokémon Appel'),
(356, 'en', 'Beckon Pokémon'),
(357, 'fr', 'Pokémon Fruit'),
(357, 'en', 'Fruit Pokémon'),
(358, 'fr', 'Pokémon Carillon'),
(358, 'en', 'Wind Chime Pokémon'),
(359, 'fr', 'Pokémon Désastre'),
(359, 'en', 'Disaster Pokémon'),
(360, 'fr', 'Pokémon Ravi'),
(360, 'en', 'Bright Pokémon'),
(361, 'fr', 'Pokémon Capuche'),
(361, 'en', 'Snow Hat Pokémon'),
(362, 'fr', 'Pokémon Face'),
(362, 'en', 'Face Pokémon'),
(363, 'fr', 'Pokémon Clap Clap'),
(363, 'en', 'Clap Pokémon'),
(364, 'fr', 'Pokémon Roule Boule'),
(364, 'en', 'Ball Roll Pokémon'),
(365, 'fr', 'Pokémon Brise Glace'),
(365, 'en', 'Ice Break Pokémon'),
(366, 'fr', 'Pokémon Bivalve'),
(366, 'en', 'Bivalve Pokémon'),
(367, 'fr', 'Pokémon Abysse'),
(367, 'en', 'Deep Sea Pokémon'),
(368, 'fr', 'Pokémon Mer du Sud'),
(368, 'en', 'South Sea Pokémon'),
(369, 'fr', 'Pokémon Longévité'),
(369, 'en', 'Longevity Pokémon'),
(370, 'fr', 'Pokémon Rendezvous'),
(370, 'en', 'Rendezvous Pokémon'),
(371, 'fr', 'Pokémon Tête de Roc'),
(371, 'en', 'Rock Head Pokémon'),
(372, 'fr', 'Pokémon Endurant'),
(372, 'en', 'Endurance Pokémon'),
(373, 'fr', 'Pokémon Dragon'),
(373, 'en', 'Dragon Pokémon'),
(374, 'fr', 'Pokémon Boulefer'),
(374, 'en', 'Iron Ball Pokémon'),
(375, 'fr', 'Pokémon Pincefer'),
(375, 'en', 'Iron Claw Pokémon'),
(376, 'fr', 'Pokémon Pattefer'),
(376, 'en', 'Iron Leg Pokémon'),
(377, 'fr', 'Pokémon Pic Rocheux'),
(377, 'en', 'Rock Peak Pokémon'),
(378, 'fr', 'Pokémon Iceberg'),
(378, 'en', 'Iceberg Pokémon'),
(379, 'fr', 'Pokémon Fer'),
(379, 'en', 'Iron Pokémon'),
(380, 'fr', 'Pokémon Éon'),
(380, 'en', 'Eon Pokémon'),
(381, 'fr', 'Pokémon Éon'),
(381, 'en', 'Eon Pokémon'),
(382, 'fr', 'Pokémon Bassinmarin'),
(382, 'en', 'Sea Basin Pokémon'),
(383, 'fr', 'Pokémon Continent'),
(383, 'en', 'Continent Pokémon'),
(384, 'fr', 'Pokémon Cieux'),
(384, 'en', 'Sky High Pokémon'),
(385, 'fr', 'Pokémon Souhait'),
(385, 'en', 'Wish Pokémon'),
(386, 'fr', 'Pokémon ADN'),
(386, 'en', 'DNA Pokémon'),
(387, 'fr', 'Pokémon Minifeuille'),
(387, 'en', 'Tiny Leaf Pokémon'),
(388, 'fr', 'Pokémon Bosquet'),
(388, 'en', 'Grove Pokémon'),
(389, 'fr', 'Pokémon Continent'),
(389, 'en', 'Continent Pokémon'),
(390, 'fr', 'Pokémon Chimpanzé'),
(390, 'en', 'Chimp Pokémon'),
(391, 'fr', 'Pokémon Garnement'),
(391, 'en', 'Playful Pokémon'),
(392, 'fr', 'Pokémon Flamme'),
(392, 'en', 'Flame Pokémon'),
(393, 'fr', 'Pokémon Pingouin'),
(393, 'en', 'Penguin Pokémon'),
(394, 'fr', 'Pokémon Pingouin'),
(394, 'en', 'Penguin Pokémon'),
(395, 'fr', 'Pokémon Empereur'),
(395, 'en', 'Emperor Pokémon'),
(396, 'fr', 'Pokémon Étourneau'),
(396, 'en', 'Starling Pokémon'),
(397, 'fr', 'Pokémon Étourneau'),
(397, 'en', 'Starling Pokémon'),
(398, 'fr', 'Pokémon Rapace'),
(398, 'en', 'Predator Pokémon'),
(399, 'fr', 'Pokémon Souridodue'),
(399, 'en', 'Plump Mouse Pokémon'),
(400, 'fr', 'Pokémon Castor'),
(400, 'en', 'Beaver Pokémon'),
(401, 'fr', 'Pokémon Criquet'),
(401, 'en', 'Cricket Pokémon'),
(402, 'fr', 'Pokémon Criquet'),
(402, 'en', 'Cricket Pokémon'),
(403, 'fr', 'Pokémon Flash'),
(403, 'en', 'Flash Pokémon'),
(404, 'fr', 'Pokémon Étincelle'),
(404, 'en', 'Spark Pokémon'),
(405, 'fr', 'Pokémon Brillœil'),
(405, 'en', 'Gleam Eyes Pokémon'),
(406, 'fr', 'Pokémon Bourgeon'),
(406, 'en', 'Bud Pokémon'),
(407, 'fr', 'Pokémon Bouquet'),
(407, 'en', 'Bouquet Pokémon'),
(408, 'fr', 'Pokémon Coud’Boule'),
(408, 'en', 'Head Butt Pokémon'),
(409, 'fr', 'Pokémon Coud’Boule'),
(409, 'en', 'Head Butt Pokémon'),
(410, 'fr', 'Pokémon Bouclier'),
(410, 'en', 'Shield Pokémon'),
(411, 'fr', 'Pokémon Bouclier'),
(411, 'en', 'Shield Pokémon'),
(412, 'fr', 'Pokémon Ver Caché'),
(412, 'en', 'Bagworm Pokémon'),
(413, 'fr', 'Pokémon Ver Caché'),
(413, 'en', 'Bagworm Pokémon'),
(414, 'fr', 'Pokémon Phalène'),
(414, 'en', 'Moth Pokémon'),
(415, 'fr', 'Pokémon Miniabeille'),
(415, 'en', 'Tiny Bee Pokémon'),
(416, 'fr', 'Pokémon Ruche'),
(416, 'en', 'Beehive Pokémon'),
(417, 'fr', 'Pokémon Écurélec'),
(417, 'en', 'EleSquirrel Pokémon'),
(418, 'fr', 'Pokémon Aquabelette'),
(418, 'en', 'Sea Weasel Pokémon'),
(419, 'fr', 'Pokémon Aquabelette'),
(419, 'en', 'Sea Weasel Pokémon'),
(420, 'fr', 'Pokémon Cerise'),
(420, 'en', 'Cherry Pokémon'),
(421, 'fr', 'Pokémon Floraison'),
(421, 'en', 'Blossom Pokémon'),
(422, 'fr', 'Pokémon Aqualimace'),
(422, 'en', 'Sea Slug Pokémon'),
(423, 'fr', 'Pokémon Aqualimace'),
(423, 'en', 'Sea Slug Pokémon'),
(424, 'fr', 'Pokémon Longqueue'),
(424, 'en', 'Long Tail Pokémon'),
(425, 'fr', 'Pokémon Bouboule'),
(425, 'en', 'Balloon Pokémon'),
(426, 'fr', 'Pokémon Ballon'),
(426, 'en', 'Blimp Pokémon'),
(427, 'fr', 'Pokémon Lapin'),
(427, 'en', 'Rabbit Pokémon'),
(428, 'fr', 'Pokémon Lapin'),
(428, 'en', 'Rabbit Pokémon'),
(429, 'fr', 'Pokémon Magique'),
(429, 'en', 'Magical Pokémon'),
(430, 'fr', 'Pokémon Big Boss'),
(430, 'en', 'Big Boss Pokémon'),
(431, 'fr', 'Pokémon Chafouin'),
(431, 'en', 'Catty Pokémon'),
(432, 'fr', 'Pokémon Chatigre'),
(432, 'en', 'Tiger Cat Pokémon'),
(433, 'fr', 'Pokémon Clochette'),
(433, 'en', 'Bell Pokémon'),
(434, 'fr', 'Pokémon Moufette'),
(434, 'en', 'Skunk Pokémon'),
(435, 'fr', 'Pokémon Moufette'),
(435, 'en', 'Skunk Pokémon'),
(436, 'fr', 'Pokémon Bronze'),
(436, 'en', 'Bronze Pokémon'),
(437, 'fr', 'Pokémon Clochebronze'),
(437, 'en', 'Bronze Bell Pokémon'),
(438, 'fr', 'Pokémon Bonsaï'),
(438, 'en', 'Bonsai Pokémon'),
(439, 'fr', 'Pokémon Mime'),
(439, 'en', 'Mime Pokémon'),
(440, 'fr', 'Pokémon Maisonjouet'),
(440, 'en', 'Playhouse Pokémon'),
(441, 'fr', 'Pokémon Note Musique'),
(441, 'en', 'Music Note Pokémon'),
(442, 'fr', 'Pokémon Interdit'),
(442, 'en', 'Forbidden Pokémon'),
(443, 'fr', 'Pokémon Terrequin'),
(443, 'en', 'Land Shark Pokémon'),
(444, 'fr', 'Pokémon Caverne'),
(444, 'en', 'Cave Pokémon'),
(445, 'fr', 'Pokémon Supersonic'),
(445, 'en', 'Mach Pokémon'),
(446, 'fr', 'Pokémon Goinfre'),
(446, 'en', 'Big Eater Pokémon'),
(447, 'fr', 'Pokémon Émanation'),
(447, 'en', 'Emanation Pokémon'),
(448, 'fr', 'Pokémon Aura'),
(448, 'en', 'Aura Pokémon'),
(449, 'fr', 'Pokémon Hippo'),
(449, 'en', 'Hippo Pokémon'),
(450, 'fr', 'Pokémon Poids Lourd'),
(450, 'en', 'Heavyweight Pokémon'),
(451, 'fr', 'Pokémon Scorpion'),
(451, 'en', 'Scorpion Pokémon'),
(452, 'fr', 'Pokémon Scorpogre'),
(452, 'en', 'Ogre Scorpion Pokémon'),
(453, 'fr', 'Pokémon Toxique'),
(453, 'en', 'Toxic Mouth Pokémon'),
(454, 'fr', 'Pokémon Toxique'),
(454, 'en', 'Toxic Mouth Pokémon'),
(455, 'fr', 'Pokémon Chopinsecte'),
(455, 'en', 'Bug Catcher Pokémon'),
(456, 'fr', 'Pokémon Poisson Ailé'),
(456, 'en', 'Wing Fish Pokémon'),
(457, 'fr', 'Pokémon Néon'),
(457, 'en', 'Neon Pokémon'),
(458, 'fr', 'Pokémon Cervolant'),
(458, 'en', 'Kite Pokémon'),
(459, 'fr', 'Pokémon Arbregelé'),
(459, 'en', 'Frost Tree Pokémon'),
(460, 'fr', 'Pokémon Arbregelé'),
(460, 'en', 'Frost Tree Pokémon'),
(461, 'fr', 'Pokémon Grifacérée'),
(461, 'en', 'Sharp Claw Pokémon'),
(462, 'fr', 'Pokémon Aimant'),
(462, 'en', 'Magnet Area Pokémon'),
(463, 'fr', 'Pokémon Lécheur'),
(463, 'en', 'Licking Pokémon'),
(464, 'fr', 'Pokémon Perceur'),
(464, 'en', 'Drill Pokémon'),
(465, 'fr', 'Pokémon Vigne'),
(465, 'en', 'Vine Pokémon'),
(466, 'fr', 'Pokémon Foudrélec'),
(466, 'en', 'Thunderbolt Pokémon'),
(467, 'fr', 'Pokémon Explosion'),
(467, 'en', 'Blast Pokémon'),
(468, 'fr', 'Pokémon Célébration'),
(468, 'en', 'Jubilee Pokémon'),
(469, 'fr', 'Pokémon Libellogre'),
(469, 'en', 'Ogre Darner Pokémon'),
(470, 'fr', 'Pokémon Verdoyant'),
(470, 'en', 'Verdant Pokémon'),
(471, 'fr', 'Pokémon Poudreuse'),
(471, 'en', 'Fresh Snow Pokémon'),
(472, 'fr', 'Pokémon Scorpicroc'),
(472, 'en', 'Fang Scorpion Pokémon'),
(473, 'fr', 'Pokémon Deudéfenses'),
(473, 'en', 'Twin Tusk Pokémon'),
(474, 'fr', 'Pokémon Virtuel'),
(474, 'en', 'Virtual Pokémon'),
(475, 'fr', 'Pokémon Lame'),
(475, 'en', 'Blade Pokémon'),
(476, 'fr', 'Pokémon Boussole'),
(476, 'en', 'Compass Pokémon'),
(477, 'fr', 'Pokémon Mainpince'),
(477, 'en', 'Gripper Pokémon'),
(478, 'fr', 'Pokémon Enneigement'),
(478, 'en', 'Snow Land Pokémon'),
(479, 'fr', 'Pokémon Plasma'),
(479, 'en', 'Plasma Pokémon'),
(480, 'fr', 'Pokémon Savoir'),
(480, 'en', 'Knowledge Pokémon'),
(481, 'fr', 'Pokémon Émotion'),
(481, 'en', 'Emotion Pokémon'),
(482, 'fr', 'Pokémon Volonté'),
(482, 'en', 'Willpower Pokémon'),
(483, 'fr', 'Pokémon Temps'),
(483, 'en', 'Temporal Pokémon'),
(484, 'fr', 'Pokémon Espace'),
(484, 'en', 'Spatial Pokémon'),
(485, 'fr', 'Pokémon Caldeira'),
(485, 'en', 'Lava Dome Pokémon'),
(486, 'fr', 'Pokémon Prodigieux'),
(486, 'en', 'Colossal Pokémon'),
(487, 'fr', 'Pokémon Renégat'),
(487, 'en', 'Renegade Pokémon'),
(488, 'fr', 'Pokémon Lunaire'),
(488, 'en', 'Lunar Pokémon'),
(489, 'fr', 'Pokémon Dérivenmer'),
(489, 'en', 'Sea Drifter Pokémon'),
(490, 'fr', 'Pokémon Voyagenmer'),
(490, 'en', 'Seafaring Pokémon'),
(491, 'fr', 'Pokémon Noirtotal'),
(491, 'en', 'Pitch Black Pokémon'),
(492, 'fr', 'Pokémon Gratitude'),
(492, 'en', 'Gratitude Pokémon'),
(493, 'fr', 'Pokémon Alpha'),
(493, 'en', 'Alpha Pokémon');

-- --------------------------------------------------------

--
-- Structure de la table `pokemon_type`
--

CREATE TABLE `pokemon_type` (
  `pokemon_id` int(4) UNSIGNED DEFAULT NULL,
  `type_id` int(2) UNSIGNED DEFAULT NULL
) ENGINE=InnoDB DEFAULT CHARSET=utf8mb4 COLLATE=utf8mb4_unicode_ci;

--
-- Déchargement des données de la table `pokemon_type`
--

INSERT INTO `pokemon_type` (`pokemon_id`, `type_id`) VALUES
(1, 4),
(1, 12),
(2, 4),
(2, 12),
(3, 4),
(3, 12),
(4, 10),
(5, 10),
(6, 3),
(6, 10),
(7, 11),
(8, 11),
(9, 11),
(10, 7),
(11, 7),
(12, 3),
(12, 7),
(13, 4),
(13, 7),
(14, 4),
(14, 7),
(15, 4),
(15, 7),
(16, 3),
(16, 1),
(17, 3),
(17, 1),
(18, 3),
(18, 1),
(19, 1),
(20, 1),
(21, 3),
(21, 1),
(22, 3),
(22, 1),
(23, 4),
(24, 4),
(25, 13),
(26, 13),
(27, 5),
(28, 5),
(29, 4),
(30, 4),
(31, 5),
(31, 4),
(32, 4),
(33, 4),
(34, 5),
(34, 4),
(35, 18),
(36, 18),
(37, 10),
(38, 10),
(39, 18),
(39, 1),
(40, 18),
(40, 1),
(41, 3),
(41, 4),
(42, 3),
(42, 4),
(43, 4),
(43, 12),
(44, 4),
(44, 12),
(45, 4),
(45, 12),
(46, 12),
(46, 7),
(47, 12),
(47, 7),
(48, 4),
(48, 7),
(49, 4),
(49, 7),
(50, 5),
(51, 5),
(52, 1),
(53, 1),
(54, 11),
(55, 11),
(56, 2),
(57, 2),
(58, 10),
(59, 10),
(60, 11),
(61, 11),
(62, 2),
(62, 11),
(63, 14),
(64, 14),
(65, 14),
(66, 2),
(67, 2),
(68, 2),
(69, 4),
(69, 12),
(70, 4),
(70, 12),
(71, 4),
(71, 12),
(72, 4),
(72, 11),
(73, 4),
(73, 11),
(74, 5),
(74, 6),
(75, 5),
(75, 6),
(76, 5),
(76, 6),
(77, 10),
(78, 10),
(79, 14),
(79, 11),
(80, 14),
(80, 11),
(81, 9),
(81, 13),
(82, 9),
(82, 13),
(83, 3),
(83, 1),
(84, 3),
(84, 1),
(85, 3),
(85, 1),
(86, 11),
(87, 15),
(87, 11),
(88, 4),
(89, 4),
(90, 11),
(91, 15),
(91, 11),
(92, 4),
(92, 8),
(93, 4),
(93, 8),
(94, 4),
(94, 8),
(95, 5),
(95, 6),
(96, 14),
(97, 14),
(98, 11),
(99, 11),
(100, 13),
(101, 13),
(102, 14),
(102, 12),
(103, 14),
(103, 12),
(104, 5),
(105, 5),
(106, 2),
(107, 2),
(108, 1),
(109, 4),
(110, 4),
(111, 6),
(111, 5),
(112, 6),
(112, 5),
(113, 1),
(114, 12),
(115, 1),
(116, 11),
(117, 11),
(118, 11),
(119, 11),
(120, 11),
(121, 14),
(121, 11),
(122, 18),
(122, 14),
(123, 3),
(123, 7),
(124, 14),
(124, 15),
(125, 13),
(126, 10),
(127, 7),
(128, 1),
(129, 11),
(130, 3),
(130, 11),
(131, 15),
(131, 11),
(132, 1),
(133, 1),
(134, 11),
(135, 13),
(136, 10),
(137, 1),
(138, 11),
(138, 6),
(139, 11),
(139, 6),
(140, 11),
(140, 6),
(141, 11),
(141, 6),
(142, 3),
(142, 6),
(143, 1),
(144, 3),
(144, 15),
(145, 3),
(145, 13),
(146, 3),
(146, 10),
(147, 16),
(148, 16),
(149, 3),
(149, 16),
(150, 14),
(151, 14),
(152, 12),
(153, 12),
(154, 12),
(155, 10),
(156, 10),
(157, 10),
(158, 11),
(159, 11),
(160, 11),
(161, 1),
(162, 1),
(163, 3),
(163, 1),
(164, 3),
(164, 1),
(165, 3),
(165, 7),
(166, 3),
(166, 7),
(167, 4),
(167, 7),
(168, 4),
(168, 7),
(169, 3),
(169, 4),
(170, 13),
(170, 11),
(171, 13),
(171, 11),
(172, 13),
(173, 18),
(174, 18),
(174, 1),
(175, 18),
(176, 3),
(176, 18),
(177, 3),
(177, 14),
(178, 3),
(178, 14),
(179, 13),
(180, 13),
(181, 13),
(182, 12),
(183, 18),
(183, 11),
(184, 18),
(184, 11),
(185, 6),
(186, 11),
(187, 3),
(187, 12),
(188, 3),
(188, 12),
(189, 3),
(189, 12),
(190, 1),
(191, 12),
(192, 12),
(193, 3),
(193, 7),
(194, 5),
(194, 11),
(195, 5),
(195, 11),
(196, 14),
(197, 17),
(198, 3),
(198, 17),
(199, 14),
(199, 11),
(200, 8),
(201, 14),
(202, 14),
(203, 14),
(203, 1),
(204, 7),
(205, 9),
(205, 7),
(206, 1),
(207, 3),
(207, 5),
(208, 5),
(208, 9),
(209, 18),
(210, 18),
(211, 4),
(211, 11),
(212, 9),
(212, 7),
(213, 6),
(213, 7),
(214, 2),
(214, 7),
(215, 15),
(215, 17),
(216, 1),
(217, 1),
(218, 10),
(219, 6),
(219, 10),
(220, 5),
(220, 15),
(221, 5),
(221, 15),
(222, 6),
(222, 11),
(223, 11),
(224, 11),
(225, 3),
(225, 15),
(226, 3),
(226, 11),
(227, 3),
(227, 9),
(228, 10),
(228, 17),
(229, 10),
(229, 17),
(230, 16),
(230, 11),
(231, 5),
(232, 5),
(233, 1),
(234, 1),
(235, 1),
(236, 2),
(237, 2),
(238, 14),
(238, 15),
(239, 13),
(240, 10),
(241, 1),
(242, 1),
(243, 13),
(244, 10),
(245, 11),
(246, 5),
(246, 6),
(247, 5),
(247, 6),
(248, 17),
(248, 6),
(249, 3),
(249, 14),
(250, 3),
(250, 10),
(251, 12),
(251, 14),
(252, 12),
(253, 12),
(254, 12),
(255, 10),
(256, 2),
(256, 10),
(257, 2),
(257, 10),
(258, 11),
(259, 5),
(259, 11),
(260, 5),
(260, 11),
(261, 17),
(262, 17),
(263, 1),
(264, 1),
(265, 7),
(266, 7),
(267, 3),
(267, 7),
(268, 7),
(269, 4),
(269, 7),
(270, 12),
(270, 11),
(271, 12),
(271, 11),
(272, 12),
(272, 11),
(273, 12),
(274, 17),
(274, 12),
(275, 17),
(275, 12),
(276, 3),
(276, 1),
(277, 3),
(277, 1),
(278, 3),
(278, 11),
(279, 3),
(279, 11),
(280, 18),
(280, 14),
(281, 18),
(281, 14),
(282, 18),
(282, 14),
(283, 11),
(283, 7),
(284, 3),
(284, 7),
(285, 12),
(286, 2),
(286, 12),
(287, 1),
(288, 1),
(289, 1),
(290, 5),
(290, 7),
(291, 3),
(291, 7),
(292, 8),
(292, 7),
(293, 1),
(294, 1),
(295, 1),
(296, 2),
(297, 2),
(298, 18),
(298, 1),
(299, 6),
(300, 1),
(301, 1),
(302, 8),
(302, 17),
(303, 18),
(303, 9),
(304, 6),
(304, 9),
(305, 6),
(305, 9),
(306, 6),
(306, 9),
(307, 14),
(307, 2),
(308, 14),
(308, 2),
(309, 13),
(310, 13),
(311, 13),
(312, 13),
(313, 7),
(314, 7),
(315, 4),
(315, 12),
(316, 4),
(317, 4),
(318, 17),
(318, 11),
(319, 17),
(319, 11),
(320, 11),
(321, 11),
(322, 5),
(322, 10),
(323, 5),
(323, 10),
(324, 10),
(325, 14),
(326, 14),
(327, 1),
(328, 5),
(329, 16),
(329, 5),
(330, 16),
(330, 5),
(331, 12),
(332, 17),
(332, 12),
(333, 3),
(333, 1),
(334, 3),
(334, 16),
(335, 1),
(336, 4),
(337, 14),
(337, 6),
(338, 14),
(338, 6),
(339, 5),
(339, 11),
(340, 5),
(340, 11),
(341, 11),
(342, 17),
(342, 11),
(343, 14),
(343, 5),
(344, 14),
(344, 5),
(345, 12),
(345, 6),
(346, 12),
(346, 6),
(347, 7),
(347, 6),
(348, 7),
(348, 6),
(349, 11),
(350, 11),
(351, 1),
(352, 1),
(353, 8),
(354, 8),
(355, 8),
(356, 8),
(357, 3),
(357, 12),
(358, 14),
(359, 17),
(360, 14),
(361, 15),
(362, 15),
(363, 11),
(363, 15),
(364, 11),
(364, 15),
(365, 11),
(365, 15),
(366, 11),
(367, 11),
(368, 11),
(369, 6),
(369, 11),
(370, 11),
(371, 16),
(372, 16),
(373, 3),
(373, 16),
(374, 14),
(374, 9),
(375, 14),
(375, 9),
(376, 14),
(376, 9),
(377, 6),
(378, 15),
(379, 9),
(380, 14),
(380, 16),
(381, 14),
(381, 16),
(382, 11),
(383, 5),
(384, 3),
(384, 16),
(385, 14),
(385, 9),
(386, 14),
(387, 12),
(388, 12),
(389, 5),
(389, 12),
(390, 10),
(391, 2),
(391, 10),
(392, 2),
(392, 10),
(393, 11),
(394, 11),
(395, 9),
(395, 11),
(396, 3),
(396, 1),
(397, 3),
(397, 1),
(398, 3),
(398, 1),
(399, 1),
(400, 11),
(400, 1),
(401, 7),
(402, 7),
(403, 13),
(404, 13),
(405, 13),
(406, 4),
(406, 12),
(407, 4),
(407, 12),
(408, 6),
(409, 6),
(410, 9),
(410, 6),
(411, 9),
(411, 6),
(412, 7),
(413, 12),
(413, 7),
(414, 3),
(414, 7),
(415, 3),
(415, 7),
(416, 3),
(416, 7),
(417, 13),
(418, 11),
(419, 11),
(420, 12),
(421, 12),
(422, 11),
(423, 5),
(423, 11),
(424, 1),
(425, 3),
(425, 8),
(426, 3),
(426, 8),
(427, 1),
(428, 1),
(429, 8),
(430, 3),
(430, 17),
(431, 1),
(432, 1),
(433, 14),
(434, 17),
(434, 4),
(435, 17),
(435, 4),
(436, 14),
(436, 9),
(437, 14),
(437, 9),
(438, 6),
(439, 18),
(439, 14),
(440, 1),
(441, 3),
(441, 1),
(442, 17),
(442, 8),
(443, 5),
(443, 16),
(444, 5),
(444, 16),
(445, 5),
(445, 16),
(446, 1),
(447, 2),
(448, 9),
(448, 2),
(449, 5),
(450, 5),
(451, 7),
(451, 4),
(452, 17),
(452, 4),
(453, 2),
(453, 4),
(454, 2),
(454, 4),
(455, 12),
(456, 11),
(457, 11),
(458, 3),
(458, 11),
(459, 15),
(459, 12),
(460, 15),
(460, 12),
(461, 15),
(461, 17),
(462, 9),
(462, 13),
(463, 1),
(464, 6),
(464, 5),
(465, 12),
(466, 13),
(467, 10),
(468, 3),
(468, 18),
(469, 3),
(469, 7),
(470, 12),
(471, 15),
(472, 3),
(472, 5),
(473, 5),
(473, 15),
(474, 1),
(475, 2),
(475, 14),
(476, 9),
(476, 6),
(477, 8),
(478, 8),
(478, 15),
(479, 8),
(479, 13),
(480, 14),
(481, 14),
(482, 14),
(483, 16),
(483, 9),
(484, 16),
(484, 11),
(485, 9),
(485, 10),
(486, 1),
(487, 16),
(487, 8),
(488, 14),
(489, 11),
(490, 11),
(491, 17),
(492, 12),
(493, 1);

-- --------------------------------------------------------

--
-- Structure de la table `team`
--

CREATE TABLE `team` (
  `id` int(2) UNSIGNED NOT NULL,
  `img` varchar(30) COLLATE utf8mb4_unicode_ci DEFAULT NULL,
  `png` varchar(30) COLLATE utf8mb4_unicode_ci DEFAULT NULL,
  `svg` varchar(30) COLLATE utf8mb4_unicode_ci DEFAULT NULL,
  `player` varchar(10) COLLATE utf8mb4_unicode_ci DEFAULT NULL
) ENGINE=InnoDB DEFAULT CHARSET=utf8mb4 COLLATE=utf8mb4_unicode_ci;

--
-- Déchargement des données de la table `team`
--

INSERT INTO `team` (`id`, `img`, `png`, `svg`, `player`) VALUES
(1, 'Team_Mystic_Blanche.png', 'Team_Mystic_Emblem_xl.png', 'Team_Mystic_Emblem.svg', 'blanche'),
(2, 'Team_Valor_Candela.png', 'Team_Valor_Emblem_xl.png', 'Team_Valor_Emblem.svg', 'candela'),
(3, 'Team_Instinct_Spark.png', 'Team_Instinct_Emblem_xl.png', 'Team_Instinct_Emblem.svg', 'candela');

-- --------------------------------------------------------

--
-- Structure de la table `team_name`
--

CREATE TABLE `team_name` (
  `team_id` int(2) UNSIGNED DEFAULT NULL,
  `lang` varchar(3) COLLATE utf8mb4_unicode_ci DEFAULT NULL,
  `name` varchar(20) COLLATE utf8mb4_unicode_ci DEFAULT NULL
) ENGINE=InnoDB DEFAULT CHARSET=utf8mb4 COLLATE=utf8mb4_unicode_ci;

--
-- Déchargement des données de la table `team_name`
--

INSERT INTO `team_name` (`team_id`, `lang`, `name`) VALUES
(1, 'fr', 'sagesse'),
(1, 'en', 'mystic'),
(2, 'fr', 'bravoure'),
(2, 'en', 'valor'),
(3, 'fr', 'intuition'),
(3, 'en', 'instinct');

-- --------------------------------------------------------

--
-- Structure de la table `type`
--

CREATE TABLE `type` (
  `id` int(2) UNSIGNED NOT NULL,
  `img` varchar(20) COLLATE utf8mb4_unicode_ci DEFAULT NULL
) ENGINE=InnoDB DEFAULT CHARSET=utf8mb4 COLLATE=utf8mb4_unicode_ci;

--
-- Déchargement des données de la table `type`
--

INSERT INTO `type` (`id`, `img`) VALUES
(1, 'normal.png'),
(2, 'fighting.png'),
(3, 'flying.png'),
(4, 'poison.png'),
(5, 'ground.png'),
(6, 'rock.png'),
(7, 'bug.png'),
(8, 'ghost.png'),
(9, 'steel.png'),
(10, 'fire.png'),
(11, 'water.png'),
(12, 'grass.png'),
(13, 'electric.png'),
(14, 'psychic.png'),
(15, 'ice.png'),
(16, 'dragon.png'),
(17, 'dark.png'),
(18, 'fairy.png');

-- --------------------------------------------------------

--
-- Structure de la table `type_name`
--

CREATE TABLE `type_name` (
  `type_id` int(2) UNSIGNED DEFAULT NULL,
  `lang` varchar(3) COLLATE utf8mb4_unicode_ci DEFAULT NULL,
  `name` varchar(15) COLLATE utf8mb4_unicode_ci DEFAULT NULL
) ENGINE=InnoDB DEFAULT CHARSET=utf8mb4 COLLATE=utf8mb4_unicode_ci;

--
-- Déchargement des données de la table `type_name`
--

INSERT INTO `type_name` (`type_id`, `lang`, `name`) VALUES
(1, 'fr', 'normal'),
(1, 'en', 'normal'),
(2, 'fr', 'combat'),
(2, 'en', 'fighting'),
(3, 'fr', 'vol'),
(3, 'en', 'flying'),
(4, 'fr', 'poison'),
(4, 'en', 'poison'),
(5, 'fr', 'sol'),
(5, 'en', 'ground'),
(6, 'fr', 'roche'),
(6, 'en', 'rock'),
(7, 'fr', 'insecte'),
(7, 'en', 'bug'),
(8, 'fr', 'spectre'),
(8, 'en', 'ghost'),
(9, 'fr', 'metal'),
(9, 'en', 'steel'),
(10, 'fr', 'feu'),
(10, 'en', 'fire'),
(11, 'fr', 'eau'),
(11, 'en', 'water'),
(12, 'fr', 'plante'),
(12, 'en', 'grass'),
(13, 'fr', 'electrik'),
(13, 'en', 'electric'),
(14, 'fr', 'psy'),
(14, 'en', 'psychic'),
(15, 'fr', 'glace'),
(15, 'en', 'ice'),
(16, 'fr', 'dragon'),
(16, 'en', 'dragon'),
(17, 'fr', 'tenebres'),
(17, 'en', 'dark'),
(18, 'fr', 'fee'),
(18, 'en', 'fairy');

-- --------------------------------------------------------

--
-- Structure de la table `version`
--

CREATE TABLE `version` (
  `version` decimal(3,1) UNSIGNED NOT NULL
) ENGINE=InnoDB DEFAULT CHARSET=utf8mb4 COLLATE=utf8mb4_unicode_ci;

--
-- Déchargement des données de la table `version`
--

INSERT INTO `version` (`version`) VALUES
('2.0');

--
-- Index pour les tables déchargées
--

--
-- Index pour la table `fastmove`
--
ALTER TABLE `fastmove`
  ADD PRIMARY KEY (`id`);

--
-- Index pour la table `mainmove`
--
ALTER TABLE `mainmove`
  ADD PRIMARY KEY (`id`);

--
-- Index pour la table `pokeball`
--
ALTER TABLE `pokeball`
  ADD PRIMARY KEY (`id`);

--
-- Index pour la table `pokedex`
--
ALTER TABLE `pokedex`
  ADD PRIMARY KEY (`id`);

--
-- Index pour la table `pokemon`
--
ALTER TABLE `pokemon`
  ADD PRIMARY KEY (`id`),
  ADD KEY `idx_pokedex` (`pokedex`),
  ADD KEY `idx_order` (`order`);

--
-- Index pour la table `team`
--
ALTER TABLE `team`
  ADD PRIMARY KEY (`id`);

--
-- Index pour la table `type`
--
ALTER TABLE `type`
  ADD PRIMARY KEY (`id`);

--
-- Index pour la table `version`
--
ALTER TABLE `version`
  ADD PRIMARY KEY (`version`);
COMMIT;

/*!40101 SET CHARACTER_SET_CLIENT=@OLD_CHARACTER_SET_CLIENT */;
/*!40101 SET CHARACTER_SET_RESULTS=@OLD_CHARACTER_SET_RESULTS */;
/*!40101 SET COLLATION_CONNECTION=@OLD_COLLATION_CONNECTION */;
