-- phpMyAdmin SQL Dump
-- version 4.9.0.1
-- https://www.phpmyadmin.net/
--
-- Hôte : localhost
-- Généré le :  sam. 19 oct. 2019 à 16:30
-- Version du serveur :  5.7.9
-- Version de PHP :  7.2.19

SET SQL_MODE = "NO_AUTO_VALUE_ON_ZERO";
SET AUTOCOMMIT = 0;
START TRANSACTION;
SET time_zone = "+00:00";


/*!40101 SET @OLD_CHARACTER_SET_CLIENT=@@CHARACTER_SET_CLIENT */;
/*!40101 SET @OLD_CHARACTER_SET_RESULTS=@@CHARACTER_SET_RESULTS */;
/*!40101 SET @OLD_COLLATION_CONNECTION=@@COLLATION_CONNECTION */;
/*!40101 SET NAMES utf8mb4 */;

--
-- Base de données :  `pogopi`
--

-- --------------------------------------------------------

--
-- Structure de la table `abilitie`
--

CREATE TABLE `abilitie` (
  `id` int(3) UNSIGNED DEFAULT NULL,
  `generation` int(1) UNSIGNED DEFAULT NULL,
  `lang` varchar(3) COLLATE utf8mb4_unicode_ci DEFAULT NULL,
  `description` varchar(255) COLLATE utf8mb4_unicode_ci DEFAULT NULL,
  `name` varchar(30) COLLATE utf8mb4_unicode_ci DEFAULT NULL
) ENGINE=InnoDB DEFAULT CHARSET=utf8mb4 COLLATE=utf8mb4_unicode_ci;

--
-- Déchargement des données de la table `abilitie`
--

INSERT INTO `abilitie` (`id`, `generation`, `lang`, `description`, `name`) VALUES
(1, 3, 'fr', 'Le Pokémon émet une odeur si nauséabonde qu’il peut effrayer sa cible.', 'Puanteur'),
(1, 3, 'en', 'By releasing stench when attacking, this Pokémon may cause the target to flinch.', 'stench'),
(2, 3, 'fr', 'Le Pokémon invoque la pluie quand il entre au combat.', 'Crachin'),
(2, 3, 'en', 'The Pokémon makes it rain when it enters a battle.', 'drizzle'),
(3, 3, 'fr', 'La Vitesse du Pokémon augmente à chaque tour.', 'Turbo'),
(3, 3, 'en', 'Its Speed stat is boosted every turn.', 'speed-boost'),
(4, 3, 'fr', 'Le Pokémon est protégé des coups critiques par une solide carapace.', 'Armurbaston'),
(4, 3, 'en', 'Hard armor protects the Pokémon from critical hits.', 'battle-armor'),
(5, 3, 'fr', 'Le Pokémon encaisse toujours au moins une attaque s’il a tous ses PV. Il est également immunisé contre les capacités pouvant mettre K.O. en un coup.', 'Fermeté'),
(5, 3, 'en', 'It cannot be knocked out with one hit. One-hit KO moves cannot knock it out, either.', 'sturdy'),
(6, 3, 'fr', 'Le Pokémon augmente l’humidité de l’air, ce qui empêche tous les Pokémon d’utiliser des capacités explosives telles que Destruction.', 'Moiteur'),
(6, 3, 'en', 'Prevents the use of explosive moves such as Self-Destruct by dampening its surroundings.', 'damp'),
(7, 3, 'fr', 'Le Pokémon s’est suffisamment échauffé, ce qui l’immunise contre la paralysie.', 'Échauffement'),
(7, 3, 'en', 'Its limber body protects the Pokémon from paralysis.', 'limber'),
(8, 3, 'fr', 'Augmente l’Esquive du Pokémon lors des tempêtes de sable.', 'Voile Sable'),
(8, 3, 'en', 'Boosts the Pokémon’s evasion in a sandstorm.', 'sand-veil'),
(9, 3, 'fr', 'Le Pokémon charge son corps en électricité statique, et tout contact avec lui peut paralyser.', 'Statik'),
(9, 3, 'en', 'The Pokémon is charged with static electricity, so contact with it may cause paralysis.', 'static'),
(10, 3, 'fr', 'Si le Pokémon est touché par une capacité Électrik, il ne subit aucun dégât et regagne des PV à la place.', 'Absorb Volt'),
(10, 3, 'en', 'Restores HP if hit by an Electric-type move, instead of taking damage.', 'volt-absorb'),
(11, 3, 'fr', 'Si le Pokémon est touché par une capacité Eau, il ne subit aucun dégât et regagne des PV à la place.', 'Absorb Eau'),
(11, 3, 'en', 'Restores HP if hit by a Water-type move, instead of taking damage.', 'water-absorb'),
(12, 3, 'fr', 'Le Pokémon est un grand benêt, ce qui l’immunise contre l’attraction ou la provocation.', 'Benêt'),
(12, 3, 'en', 'The Pokémon is oblivious, and that keeps it from being infatuated or falling for taunts.', 'oblivious'),
(13, 3, 'fr', 'Annule tous les effets liés à la météo.', 'Ciel Gris'),
(13, 3, 'en', 'Eliminates the effects of weather.', 'cloud-nine'),
(14, 3, 'fr', 'Les yeux à facettes du Pokémon augmentent sa Précision.', 'Œil Composé'),
(14, 3, 'en', 'The Pokémon’s compound eyes boost its accuracy.', 'compound-eyes'),
(15, 3, 'fr', 'Le Pokémon est incapable de dormir.', 'Insomnia'),
(15, 3, 'en', 'The Pokémon is suffering from insomnia and cannot fall asleep.', 'insomnia'),
(16, 3, 'fr', 'Lorsque le Pokémon est touché par une capacité, il prend le type de celle-ci.', 'Déguisement'),
(16, 3, 'en', 'The Pokémon’s type becomes the type of the move used on it.', 'color-change'),
(17, 3, 'fr', 'Le Pokémon est naturellement immunisé contre toute forme de poison.', 'Vaccin'),
(17, 3, 'en', 'The immune system of the Pokémon prevents it from getting poisoned.', 'immunity'),
(18, 3, 'fr', 'Lorsque le Pokémon est touché par une capacité de type Feu, il absorbe la chaleur pour renforcer ses propres capacités Feu.', 'Torche'),
(18, 3, 'en', 'Powers up the Pokémon’s Fire-type moves if it’s hit by one.', 'flash-fire'),
(19, 3, 'fr', 'Le Pokémon dispose d’un écran naturel qui le protège des effets additionnels des attaques ennemies.', 'Écran Poudre'),
(19, 3, 'en', 'This Pokémon’s dust blocks the additional effects of attacks taken.', 'shield-dust'),
(20, 3, 'fr', 'Le Pokémon vit sa vie à son propre rythme, ce qui l’immunise contre la confusion.', 'Tempo Perso'),
(20, 3, 'en', 'This Pokémon has its own tempo, and that prevents it from becoming confused.', 'own-tempo'),
(21, 3, 'fr', 'Le Pokémon est solidement fixé au sol, ce qui le protège des capacités ou objets qui font changer de Pokémon.', 'Ventouse'),
(21, 3, 'en', 'This Pokémon uses suction cups to stay in one spot to negate all moves and items that force switching out.', 'suction-cups'),
(22, 3, 'fr', 'Le Pokémon rugit lorsqu’il arrive au combat, ce qui intimide l’ennemi et baisse son Attaque.', 'Intimidation'),
(22, 3, 'en', 'The Pokémon intimidates opposing Pokémon upon entering battle, lowering their Attack stat.', 'intimidate'),
(23, 3, 'fr', 'Empêche le Pokémon ennemi de quitter le combat.', 'Marque Ombre'),
(23, 3, 'en', 'This Pokémon steps on the opposing Pokémon’s shadow to prevent it from escaping.', 'shadow-tag'),
(24, 3, 'fr', 'Blesse l’attaquant lorsque le Pokémon subit une attaque directe.', 'Peau Dure'),
(24, 3, 'en', 'This Pokémon inflicts damage with its rough skin to the attacker on contact.', 'rough-skin'),
(25, 3, 'fr', 'Une puissance mystérieuse protège le Pokémon contre toutes les capacités, sauf celles « super efficaces ».', 'Garde Mystik'),
(25, 3, 'en', 'Its mysterious power only lets supereffective moves hit the Pokémon.', 'wonder-guard'),
(26, 3, 'fr', 'Le Pokémon flotte, ce qui l’immunise contre les capacités de type Sol.', 'Lévitation'),
(26, 3, 'en', 'By floating in the air, the Pokémon receives full immunity to all Ground-type moves.', 'levitate'),
(27, 3, 'fr', 'Peut paralyser, empoisonner ou endormir l’attaquant lorsque le Pokémon subit une attaque directe.', 'Pose Spore'),
(27, 3, 'en', 'Contact with the Pokémon may inflict poison, sleep, or paralysis on its attacker.', 'effect-spore'),
(28, 3, 'fr', 'Quand le Pokémon est brûlé, paralysé ou empoisonné par un autre Pokémon, il partage ce statut avec celui-ci.', 'Synchro'),
(28, 3, 'en', 'The attacker will receive the same status condition if it inflicts a burn, poison, or paralysis to the Pokémon.', 'synchronize'),
(29, 3, 'fr', 'Empêche les stats du Pokémon de baisser à cause d’une capacité ou d’un talent.', 'Corps Sain'),
(29, 3, 'en', 'Prevents other Pokémon’s moves or Abilities from lowering the Pokémon’s stats.', 'clear-body'),
(30, 3, 'fr', 'Le Pokémon soigne ses altérations de statut en quittant le combat.', 'Médic Nature'),
(30, 3, 'en', 'All status conditions heal when the Pokémon switches out.', 'natural-cure'),
(31, 3, 'fr', 'Le Pokémon détourne sur lui les capacités de type Électrik et les neutralise, tout en montant son Attaque Spéciale.', 'Paratonnerre'),
(31, 3, 'en', 'The Pokémon draws in all Electric-type moves.  Instead of being hit by Electric-type moves,  it boosts its Sp. Atk.', 'lightning-rod'),
(32, 3, 'fr', 'Augmente les chances d’infliger des effets additionnels.', 'Sérénité'),
(32, 3, 'en', 'Boosts the likelihood of additional effects occurring  when attacking.', 'serene-grace'),
(33, 3, 'fr', 'Augmente la Vitesse du Pokémon s’il pleut.', 'Glissade'),
(33, 3, 'en', 'Boosts the Pokémon’s Speed stat in rain.', 'swift-swim'),
(34, 3, 'fr', 'Augmente la Vitesse du Pokémon s’il y a du soleil.', 'Chlorophylle'),
(34, 3, 'en', 'Boosts the Pokémon’s Speed stat in harsh sunlight.', 'chlorophyll'),
(35, 3, 'fr', 'Émet une lumière spécifique qui facilite les rencontres avec les Pokémon sauvages.', 'Lumiattirance'),
(35, 3, 'en', 'Raises the likelihood of meeting wild Pokémon by illuminating the surroundings.', 'illuminate'),
(36, 3, 'fr', 'Lorsque le Pokémon entre au combat, il calque le talent d’un ennemi pour remplacer le sien.', 'Calque'),
(36, 3, 'en', 'When it enters a battle, the Pokémon copies an opposing Pokémon’s Ability.', 'trace'),
(37, 3, 'fr', 'Double l’Attaque du Pokémon.', 'Coloforce'),
(37, 3, 'en', 'Doubles the Pokémon’s Attack stat.', 'huge-power'),
(38, 3, 'fr', 'Peut empoisonner l’attaquant lorsque le Pokémon subit une attaque directe.', 'Point Poison'),
(38, 3, 'en', 'Contact with the Pokémon may poison the attacker.', 'poison-point'),
(39, 3, 'fr', 'Le Pokémon a un mental à toute épreuve qui empêche les capacités ennemies de lui faire peur.', 'Attention'),
(39, 3, 'en', 'The Pokémon’s intensely focused, and that protects the Pokémon from flinching.', 'inner-focus'),
(40, 3, 'fr', 'Le magma qui recouvre le corps du Pokémon le protège contre le gel.', 'Armumagma'),
(40, 3, 'en', 'The Pokémon is covered with hot magma, which prevents the Pokémon from becoming frozen.', 'magma-armor'),
(41, 3, 'fr', 'Le voile qui recouvre le Pokémon le protège des brûlures.', 'Ignifu-Voile'),
(41, 3, 'en', 'The Pokémon is covered with a water veil, which prevents the Pokémon from getting a burn.', 'water-veil'),
(42, 3, 'fr', 'Attire les Pokémon Acier grâce à un champ magnétique, ce qui les empêche de fuir.', 'Magnépiège'),
(42, 3, 'en', 'Prevents Steel-type Pokémon from escaping using its magnetic force.', 'magnet-pull'),
(43, 3, 'fr', 'Protège le Pokémon de toutes les capacités sonores.', 'Anti-Bruit'),
(43, 3, 'en', 'Soundproofing of the Pokémon itself gives full  immunity to all sound-based moves.', 'soundproof'),
(44, 3, 'fr', 'Le Pokémon récupère progressivement des PV lorsqu’il pleut.', 'Cuvette'),
(44, 3, 'en', 'The Pokémon gradually regains HP in rain.', 'rain-dish'),
(45, 3, 'fr', 'Le Pokémon invoque une tempête de sable quand il entre au combat.', 'Sable Volant'),
(45, 3, 'en', 'The Pokémon summons a sandstorm when it enters a battle.', 'sand-stream'),
(46, 3, 'fr', 'Force l’ennemi à dépenser plus de PP.', 'Pression'),
(46, 3, 'en', 'By putting pressure on the opposing Pokémon, it raises their PP usage.', 'pressure'),
(47, 3, 'fr', 'Le Pokémon est protégé par une épaisse couche de graisse qui diminue de moitié les dégâts qu’il subit des capacités de types Feu et Glace.', 'Isograisse'),
(47, 3, 'en', 'The Pokémon is protected by a layer of thick fat, which halves the damage taken from Fire- and Ice-type moves.', 'thick-fat'),
(48, 3, 'fr', 'Le Pokémon se réveille deux fois plus rapidement que les autres.', 'Matinal'),
(48, 3, 'en', 'The Pokémon awakens twice as fast as other Pokémon from sleep.', 'early-bird'),
(49, 3, 'fr', 'Peut brûler l’attaquant lorsque le Pokémon subit une attaque directe.', 'Corps Ardent'),
(49, 3, 'en', 'Contact with the Pokémon may burn the attacker.', 'flame-body'),
(50, 3, 'fr', 'Permet de fuir n’importe quel Pokémon sauvage.', 'Fuite'),
(50, 3, 'en', 'Enables a sure getaway from wild Pokémon.', 'run-away'),
(51, 3, 'fr', 'Les yeux perçants du Pokémon empêchent sa Précision de baisser.', 'Regard Vif'),
(51, 3, 'en', 'Keen eyes prevent other Pokémon from lowering this Pokémon’s accuracy.', 'keen-eye'),
(52, 3, 'fr', 'Le Pokémon est armé de lames tranchantes qui font sa fierté et empêchent son Attaque de baisser.', 'Hyper Cutter'),
(52, 3, 'en', 'The Pokémon’s proud of its powerful pincers. They prevent other Pokémon from lowering its Attack stat.', 'hyper-cutter'),
(53, 3, 'fr', 'Permet parfois au Pokémon de ramasser les objets que ses ennemis ont utilisés. Il lui arrive aussi d’en trouver hors des combats.', 'Ramassage'),
(53, 3, 'en', 'The Pokémon may pick up the item an opposing Pokémon used during a battle. It may pick up items outside of battle, too.', 'pickup'),
(54, 3, 'fr', 'Lorsque le Pokémon utilise une capacité, il passe le tour suivant à paresser.', 'Absentéisme'),
(54, 3, 'en', 'The Pokémon can’t use a move the following turn if it uses one.', 'truant'),
(55, 3, 'fr', 'Améliore l’Attaque du Pokémon mais diminue la Précision.', 'Agitation'),
(55, 3, 'en', 'Boosts the Attack stat, but lowers accuracy.', 'hustle'),
(56, 3, 'fr', 'Peut séduire l’attaquant lorsque le Pokémon subit une attaque directe.', 'Joli Sourire'),
(56, 3, 'en', 'Contact with the Pokémon may cause infatuation.', 'cute-charm'),
(57, 3, 'fr', 'L’Attaque Spéciale du Pokémon augmente si un Pokémon allié a le talent Minus ou Plus.', 'Plus'),
(57, 3, 'en', 'Boosts the Sp. Atk stat of the Pokémon if an ally with the Plus or Minus Ability is also in battle.', 'plus'),
(58, 3, 'fr', 'L’Attaque Spéciale du Pokémon augmente si un Pokémon allié a le talent Minus ou Plus.', 'Minus'),
(58, 3, 'en', 'Boosts the Sp. Atk stat of the Pokémon if an ally with the Plus or Minus Ability is also in battle.', 'minus'),
(59, 3, 'fr', 'Le Pokémon prend le type Eau, Feu ou Glace en fonction de la météo.', 'Météo'),
(59, 3, 'en', 'The Pokémon transforms with the weather to change its type to Water, Fire, or Ice.', 'forecast'),
(60, 3, 'fr', 'Les objets sont collés au corps gluant du Pokémon, ce qui empêche ses adversaires de les dérober.', 'Glue'),
(60, 3, 'en', 'Items held by the Pokémon are stuck fast and cannot be removed by other Pokémon.', 'sticky-hold'),
(61, 3, 'fr', 'Le Pokémon soigne parfois ses altérations de statut en muant.', 'Mue'),
(61, 3, 'en', 'The Pokémon may heal its own status conditions by shedding its skin.', 'shed-skin'),
(62, 3, 'fr', 'Augmente l’Attaque du Pokémon s’il est affecté par une altération de statut.', 'Cran'),
(62, 3, 'en', 'It’s so gutsy that having a status condition boosts the Pokémon’s Attack stat.', 'guts'),
(63, 3, 'fr', 'Les écailles mystérieuses du Pokémon réagissent aux altérations de statut en augmentant sa Défense.', 'Écaille Spéciale'),
(63, 3, 'en', 'The Pokémon’s marvelous scales boost the Defense stat if it has a status condition.', 'marvel-scale'),
(64, 3, 'fr', 'Le Pokémon suinte un liquide toxique qui blesse tous ceux qui tentent de voler ses PV.', 'Suintement'),
(64, 3, 'en', 'Oozed liquid has strong stench, which damages attackers using any draining move.', 'liquid-ooze'),
(65, 3, 'fr', 'Augmente la puissance des capacités de type Plante du Pokémon quand il a perdu une certaine quantité de PV.', 'Engrais'),
(65, 3, 'en', 'Powers up Grass-type moves when the Pokémon’s HP is low.', 'overgrow'),
(66, 3, 'fr', 'Augmente la puissance des capacités de type Feu du Pokémon quand il a perdu une certaine quantité de PV.', 'Brasier'),
(66, 3, 'en', 'Powers up Fire-type moves when the Pokémon’s HP is low.', 'blaze'),
(67, 3, 'fr', 'Augmente la puissance des capacités de type Eau du Pokémon quand il a perdu une certaine quantité de PV.', 'Torrent'),
(67, 3, 'en', 'Powers up Water-type moves when the Pokémon’s HP is low.', 'torrent'),
(68, 3, 'fr', 'Augmente la puissance des capacités de type Insecte du Pokémon quand il a perdu une certaine quantité de PV.', 'Essaim'),
(68, 3, 'en', 'Powers up Bug-type moves when the Pokémon’s HP is low.', 'swarm'),
(69, 3, 'fr', 'Le Pokémon peut utiliser des capacités occasionnant un contrecoup sans perdre de PV.', 'Tête de Roc'),
(69, 3, 'en', 'Protects the Pokémon from recoil damage.', 'rock-head'),
(70, 3, 'fr', 'Le soleil se met à briller quand le Pokémon entre au combat.', 'Sécheresse'),
(70, 3, 'en', 'Turns the sunlight harsh when the Pokémon enters a battle.', 'drought'),
(71, 3, 'fr', 'Empêche l’ennemi de s’enfuir.', 'Piège Sable'),
(71, 3, 'en', 'Prevents opposing Pokémon from fleeing.', 'arena-trap'),
(72, 3, 'fr', 'Empêche le Pokémon de s’endormir.', 'Esprit Vital'),
(72, 3, 'en', 'The Pokémon is full of vitality, and that prevents it from falling asleep.', 'vital-spirit'),
(73, 3, 'fr', 'Un écran de fumée empêche l’ennemi de baisser les stats du Pokémon.', 'Écran Fumée'),
(73, 3, 'en', 'The Pokémon is protected by its white smoke, which prevents other Pokémon from lowering its stats.', 'white-smoke'),
(74, 3, 'fr', 'Le Pokémon utilise sa maîtrise du yoga pour doubler la puissance de ses capacités physiques.', 'Force Pure'),
(74, 3, 'en', 'Using its pure power, the Pokémon doubles its Attack stat.', 'pure-power'),
(75, 3, 'fr', 'Le Pokémon est protégé des coups critiques par sa carapace.', 'Coque Armure'),
(75, 3, 'en', 'A hard shell protects the Pokémon from critical hits.', 'shell-armor'),
(76, 3, 'fr', 'Annule tous les effets de la météo.', 'Air Lock'),
(76, 3, 'en', 'Eliminates the effects of weather.', 'air-lock'),
(77, 4, 'fr', 'Augmente l’Esquive du Pokémon s’il est confus.', 'Pieds Confus'),
(77, 4, 'en', 'Raises evasion if the Pokémon is confused.', 'tangled-feet'),
(78, 4, 'fr', 'Si le Pokémon est touché par une capacité Électrik, il ne subit aucun dégât et sa Vitesse augmente.', 'Motorisé'),
(78, 4, 'en', 'Boosts its Speed stat if hit by an Electric-type move, instead of taking damage.', 'motor-drive'),
(79, 4, 'fr', 'Le Pokémon déteste la concurrence et inflige plus de dégâts si l’ennemi est du même sexe. Par contre, il en inflige moins si l’ennemi est du sexe opposé.', 'Rivalité'),
(79, 4, 'en', 'Becomes competitive and deals more damage to Pokémon of the same gender, but deals less to Pokémon of the opposite gender.', 'rivalry'),
(80, 4, 'fr', 'Augmente la Vitesse du Pokémon quand il a peur.', 'Impassible'),
(80, 4, 'en', 'The Pokémon’s determination boosts the Speed stat each time the Pokémon flinches.', 'steadfast'),
(81, 4, 'fr', 'Augmente l’Esquive du Pokémon durant les tempêtes de grêle.', 'Rideau Neige'),
(81, 4, 'en', 'Boosts evasion in a hailstorm.', 'snow-cloak'),
(82, 4, 'fr', 'Si le Pokémon tient une Baie à manger en cas de PV bas, il la mange dès qu’il a perdu la moitié de ses PV.', 'Gloutonnerie'),
(82, 4, 'en', 'Makes the Pokémon eat a held Berry when its HP drops to half or less, which is sooner than usual.', 'gluttony'),
(83, 4, 'fr', 'Si le Pokémon subit un coup critique, il entre dans une colère noire qui augmente son Attaque au maximum.', 'Colérique'),
(83, 4, 'en', 'The Pokémon is angered when it takes a critical hit, and that maxes its Attack stat.', 'anger-point'),
(84, 4, 'fr', 'Augmente la Vitesse du Pokémon s’il perd ou utilise l’objet qu’il tenait au début du combat.', 'Délestage'),
(84, 4, 'en', 'Boosts the Speed stat if the Pokémon’s held item is  used or lost.', 'unburden'),
(85, 4, 'fr', 'Diminue de moitié les dégâts infligés au Pokémon par les capacités de type Feu.', 'Ignifugé'),
(85, 4, 'en', 'The heatproof body of the Pokémon halves the damage from Fire-type moves that hit it.', 'heatproof'),
(86, 4, 'fr', 'Les variations de stats sont deux fois plus importantes pour le Pokémon.', 'Simple'),
(86, 4, 'en', 'The stat changes the Pokémon receives are doubled.', 'simple'),
(87, 4, 'fr', 'Le Pokémon regagne des PV sous la pluie ou s’il est touché par une capacité Eau, mais il déteste les capacités Feu ou quand le soleil brille.', 'Peau Sèche'),
(87, 4, 'en', 'Restores HP in rain or when hit by Water-type moves. Reduces HP in harsh sunlight, and increases the damage received from Fire-type moves.', 'dry-skin'),
(88, 4, 'fr', 'Le Pokémon compare la Défense et la Défense Spéciale de l’adversaire et augmente son Attaque ou son Attaque Spéciale en conséquence.', 'Télécharge'),
(88, 4, 'en', 'Compares an opposing Pokémon’s Defense and Sp. Def stats before raising its own Attack or Sp. Atk stat—whichever will be more effective.', 'download'),
(89, 4, 'fr', 'Augmente la puissance des capacités coups de poing.', 'Poing de Fer'),
(89, 4, 'en', 'Powers up punching moves.', 'iron-fist'),
(90, 4, 'fr', 'Quand le Pokémon est empoisonné, il regagne des PV au lieu d’en perdre.', 'Soin Poison'),
(90, 4, 'en', 'Restores HP if the Pokémon is poisoned, instead of losing HP.', 'poison-heal'),
(91, 4, 'fr', 'Quand le Pokémon utilise une capacité du même type que lui, le bonus de puissance qu’elle reçoit est encore plus important que normalement.', 'Adaptabilité'),
(91, 4, 'en', 'Powers up moves of the same type as the Pokémon.', 'adaptability'),
(92, 4, 'fr', 'Les capacités pouvant frapper plusieurs fois frappent toujours le nombre maximum de coups.', 'Multi-Coups'),
(92, 4, 'en', 'Maximizes the number of times multi-strike moves hit.', 'skill-link'),
(93, 4, 'fr', 'Soigne les altérations de statut du Pokémon quand il pleut.', 'Hydratation'),
(93, 4, 'en', 'Heals status conditions if it’s raining.', 'hydration'),
(94, 4, 'fr', 'Quand le soleil brille, l’Attaque Spéciale du Pokémon augmente mais il perd des PV à chaque tour.', 'Force Soleil'),
(94, 4, 'en', 'Boosts the Sp. Atk stat in harsh sunlight, but HP decreases every turn.', 'solar-power'),
(95, 4, 'fr', 'Augmente la Vitesse du Pokémon en cas d’altération de statut.', 'Pied Véloce'),
(95, 4, 'en', 'Boosts the Speed stat if the Pokémon has a status condition.', 'quick-feet'),
(96, 4, 'fr', 'Toutes les capacités du Pokémon deviennent de type Normal, quel que soit leur type original. Leur puissance augmente légèrement.', 'Normalise'),
(96, 4, 'en', 'All the Pokémon’s moves become Normal type. The power of those moves is boosted a little.', 'normalize'),
(97, 4, 'fr', 'Lorsque le Pokémon porte un coup critique, les dégâts infligés augmentent encore plus que d’habitude.', 'Sniper'),
(97, 4, 'en', 'Powers up moves if they become critical hits when attacking.', 'sniper'),
(98, 4, 'fr', 'Seules les attaques peuvent blesser le Pokémon.', 'Garde Magik'),
(98, 4, 'en', 'The Pokémon only takes damage from attacks.', 'magic-guard'),
(99, 4, 'fr', 'Les capacités du Pokémon touchent l’ennemi à coup sûr, et vice-versa.', 'Annule Garde'),
(99, 4, 'en', 'The Pokémon employs no-guard tactics to ensure incoming and outgoing attacks always land.', 'no-guard'),
(100, 4, 'fr', 'Le Pokémon utilise toujours sa capacité en dernier.', 'Frein'),
(100, 4, 'en', 'The Pokémon moves after all other Pokémon do.', 'stall'),
(101, 4, 'fr', 'Augmente la puissance des capacités les plus faibles.', 'Technicien'),
(101, 4, 'en', 'Powers up the Pokémon’s weaker moves.', 'technician'),
(102, 4, 'fr', 'Protège le Pokémon contre les altérations de statut quand le soleil brille.', 'Feuille Garde'),
(102, 4, 'en', 'Prevents status conditions in harsh sunlight.', 'leaf-guard'),
(103, 4, 'fr', 'Le Pokémon ne peut utiliser aucun objet tenu.', 'Maladresse'),
(103, 4, 'en', 'The Pokémon can’t use any held items.', 'klutz'),
(104, 4, 'fr', 'Le Pokémon ignore les talents adverses qui auraient un effet sur ses capacités.', 'Brise Moule'),
(104, 4, 'en', 'Moves can be used on the target regardless of its Abilities.', 'mold-breaker'),
(105, 4, 'fr', 'Le Pokémon est tellement chanceux qu’il inflige plus fréquemment des coups critiques.', 'Chanceux'),
(105, 4, 'en', 'The Pokémon is so lucky that the critical-hit ratios of its moves are boosted.', 'super-luck'),
(106, 4, 'fr', 'Si le Pokémon est mis K.O. par une attaque directe, il inflige des dégâts à l’attaquant avant de s’évanouir.', 'Boom Final'),
(106, 4, 'en', 'Damages the attacker if it contacts the Pokémon with a finishing hit.', 'aftermath'),
(107, 4, 'fr', 'Le Pokémon devine si l’adversaire connaît une capacité dangereuse pour lui.', 'Anticipation'),
(107, 4, 'en', 'The Pokémon can sense an opposing Pokémon’s dangerous moves.', 'anticipation'),
(108, 4, 'fr', 'Révèle l’une des capacités de l’ennemi quand le combat commence.', 'Prédiction'),
(108, 4, 'en', 'When it enters a battle, the Pokémon can tell one of the moves an opposing Pokémon has.', 'forewarn'),
(109, 4, 'fr', 'Quand il attaque, le Pokémon ignore les changements de stats de l’ennemi.', 'Inconscient'),
(109, 4, 'en', 'When attacking, the Pokémon ignores the target Pokémon’s stat changes.', 'unaware'),
(110, 4, 'fr', 'Permet à une capacité « pas très efficace » d’infliger des dégâts comme si elle était efficace normalement.', 'Lentiteintée'),
(110, 4, 'en', 'The Pokémon can use “not very effective” moves to deal regular damage. ', 'tinted-lens'),
(111, 4, 'fr', 'Réduit les dégâts subis lorsque le Pokémon est touché par une capacité super efficace.', 'Filtre'),
(111, 4, 'en', 'Reduces the power of supereffective attacks taken.', 'filter'),
(112, 4, 'fr', 'Divise la Vitesse et l’Attaque du Pokémon par deux pendant les cinq premiers tours du combat.', 'Début Calme'),
(112, 4, 'en', 'For five turns, the Pokémon’s Attack and Speed stats are halved.', 'slow-start'),
(113, 4, 'fr', 'Permet aux capacités de type Normal ou Combat du Pokémon de toucher les Pokémon de type Spectre.', 'Querelleur'),
(113, 4, 'en', 'The Pokémon can hit Ghost-type Pokémon with Normal- and Fighting-type moves.', 'scrappy'),
(114, 4, 'fr', 'Le Pokémon détourne sur lui les capacités de type Eau et les neutralise, tout en montant son Attaque Spéciale.', 'Lavabo'),
(114, 4, 'en', 'Draws in all Water-type moves. Instead of being hit  by Water-type moves, it boosts its Sp. Atk.', 'storm-drain'),
(115, 4, 'fr', 'Régénère les PV du Pokémon lors des tempêtes de grêle.', 'Corps Gel'),
(115, 4, 'en', 'The Pokémon gradually regains HP in a hailstorm.', 'ice-body'),
(116, 4, 'fr', 'Réduit les dégâts subis lorsque le Pokémon est touché par une capacité super efficace.', 'Solide Roc'),
(116, 4, 'en', 'Reduces the power of supereffective attacks taken.', 'solid-rock'),
(117, 4, 'fr', 'Déclenche une tempête de grêle quand le Pokémon entre au combat.', 'Alerte Neige'),
(117, 4, 'en', 'The Pokémon summons a hailstorm when it enters a battle.', 'snow-warning'),
(118, 4, 'fr', 'Le Pokémon peut parfois trouver du Miel après un combat.', 'Cherche Miel'),
(118, 4, 'en', 'The Pokémon may gather Honey after a battle.', 'honey-gather'),
(119, 4, 'fr', 'Permet de connaître l’objet tenu par l’ennemi quand le combat commence.', 'Fouille'),
(119, 4, 'en', 'When it enters a battle, the Pokémon can check an opposing Pokémon’s held item.', 'frisk'),
(120, 4, 'fr', 'Augmente la puissance des capacités occasionnant un contrecoup.', 'Téméraire'),
(120, 4, 'en', 'Powers up moves that have recoil damage.', 'reckless'),
(121, 4, 'fr', 'Modifie le type du Pokémon en fonction de la plaque ou du Cristal Z qu’il tient.', 'Multi-Type'),
(121, 4, 'en', 'Changes the Pokémon’s type to match the Plate or Z-Crystal it holds.', 'multitype'),
(122, 4, 'fr', 'Augmente l’Attaque et la Défense Spéciale du Pokémon et de ses alliés lorsque le soleil brille.', 'Don Floral'),
(122, 4, 'en', 'Boosts the Attack and Sp. Def stats of itself and allies in harsh sunlight.', 'flower-gift'),
(123, 4, 'fr', 'Inflige des dégâts aux ennemis endormis.', 'Mauvais Rêve'),
(123, 4, 'en', 'Reduces the HP of sleeping opposing Pokémon.', 'bad-dreams'),
(124, 5, 'fr', 'Vole l’objet que tient l’attaquant quand le Pokémon subit une attaque directe.', 'Pickpocket'),
(124, 5, 'en', 'Steals an item from an attacker that made direct contact.', 'pickpocket'),
(125, 5, 'fr', 'Les capacités ayant un effet additionnel perdent celui-ci, mais leur puissance augmente.', 'Sans Limite'),
(125, 5, 'en', 'Removes additional effects to increase the power of moves when attacking.', 'sheer-force'),
(126, 5, 'fr', 'Inverse les changements de stats  => les augmentations de stats se transforment en baisses, et vice-versa.', 'Contestation'),
(126, 5, 'en', 'Makes stat changes have an opposite effect.', 'contrary'),
(127, 5, 'fr', 'Fait stresser l’ennemi, ce qui l’empêche de manger des Baies.', 'Tension'),
(127, 5, 'en', 'Unnerves opposing Pokémon and makes them unable to eat Berries.', 'unnerve'),
(128, 5, 'fr', 'Augmente beaucoup l’Attaque du Pokémon quand ses stats baissent.', 'Acharné'),
(128, 5, 'en', 'Boosts the Pokémon’s Attack stat sharply when its stats are lowered.', 'defiant'),
(129, 5, 'fr', 'Le Pokémon devient défaitiste quand ses PV tombent à la moitié, et son Attaque et son Attaque Spéciale sont divisées par deux.', 'Défaitiste'),
(129, 5, 'en', 'Halves the Pokémon’s Attack and Sp. Atk stats when its HP becomes half or less.', 'defeatist'),
(130, 5, 'fr', 'Quand le Pokémon est touché par une capacité, il inflige parfois Entrave sur celle-ci.', 'Corps Maudit'),
(130, 5, 'en', 'May disable a move used on the Pokémon.', 'cursed-body'),
(131, 5, 'fr', 'Soigne parfois une altération de statut d’un allié proche.', 'Cœur Soin'),
(131, 5, 'en', 'Sometimes heals an ally’s status condition.', 'healer'),
(132, 5, 'fr', 'Diminue les dégâts subis par les alliés.', 'Garde Amie'),
(132, 5, 'en', 'Reduces damage done to allies.', 'friend-guard'),
(133, 5, 'fr', 'Quand le Pokémon est touché par une capacité physique, sa Défense baisse mais sa Vitesse augmente beaucoup.', 'Armurouillée'),
(133, 5, 'en', 'Physical attacks to the Pokémon lower its Defense stat but sharply raise its Speed stat.', 'weak-armor'),
(134, 5, 'fr', 'Double le poids du Pokémon.', 'Heavy Metal'),
(134, 5, 'en', 'Doubles the Pokémon’s weight.', 'heavy-metal'),
(135, 5, 'fr', 'Divise par deux le poids du Pokémon.', 'Light Metal'),
(135, 5, 'en', 'Halves the Pokémon’s weight.', 'light-metal'),
(136, 5, 'fr', 'Le Pokémon reçoit moins de dégâts quand ses PV sont au maximum.', 'Multiécaille'),
(136, 5, 'en', 'Reduces the amount of damage the Pokémon takes when its HP is full.', 'multiscale'),
(137, 5, 'fr', 'Augmente la puissance des capacités physiques quand le Pokémon est empoisonné.', 'Rage Poison'),
(137, 5, 'en', 'Powers up physical attacks when the Pokémon is poisoned.', 'toxic-boost'),
(138, 5, 'fr', 'Augmente la puissance des capacités spéciales quand le Pokémon est brûlé.', 'Rage Brûlure'),
(138, 5, 'en', 'Powers up special attacks when the Pokémon is burned.', 'flare-boost'),
(139, 5, 'fr', 'Permet de réutiliser une même Baie plusieurs fois.', 'Récolte'),
(139, 5, 'en', 'May create another Berry after one is used.', 'harvest'),
(140, 5, 'fr', 'Le Pokémon anticipe et évite les attaques de ses alliés.', 'Télépathe'),
(140, 5, 'en', 'Anticipates an ally’s attack and dodges it.', 'telepathy'),
(141, 5, 'fr', 'Augmente beaucoup une stat du Pokémon et en baisse une autre au hasard à chaque tour.', 'Lunatique'),
(141, 5, 'en', 'Raises one stat sharply and lowers another every turn.', 'moody'),
(142, 5, 'fr', 'Protège des dégâts occasionnés par les tempêtes de sable ou la grêle, et neutralise les attaques à base de poudre.', 'Envelocape'),
(142, 5, 'en', 'Protects the Pokémon from things like sand, hail, and powder.', 'overcoat'),
(143, 5, 'fr', 'Peut empoisonner l’ennemi par simple contact.', 'Toxitouche'),
(143, 5, 'en', 'May poison a target when the Pokémon makes contact.', 'poison-touch'),
(144, 5, 'fr', 'Restaure un peu de PV si le Pokémon est retiré du combat.', 'Régé-Force'),
(144, 5, 'en', 'Restores a little HP when withdrawn from battle.', 'regenerator'),
(145, 5, 'fr', 'Empêche les capacités adverses de baisser la Défense.', 'Cœur de Coq'),
(145, 5, 'en', 'Protects the Pokémon from Defense-lowering effects.', 'big-pecks'),
(146, 5, 'fr', 'Augmente la Vitesse lors des tempêtes de sable.', 'Baigne Sable'),
(146, 5, 'en', 'Boosts the Pokémon’s Speed stat in a sandstorm.', 'sand-rush'),
(147, 5, 'fr', 'Le Pokémon résiste mieux aux capacités de statut.', 'Peau Miracle'),
(147, 5, 'en', 'Makes status moves more likely to miss.', 'wonder-skin'),
(148, 5, 'fr', 'Augmente la puissance des capacités du Pokémon s’il attaque en dernier.', 'Analyste'),
(148, 5, 'en', 'Boosts move power when the Pokémon moves last.', 'analytic'),
(149, 5, 'fr', 'Donne au Pokémon l’apparence du dernier membre de l’équipe pour tromper l’adversaire.', 'Illusion'),
(149, 5, 'en', 'Comes out disguised as the Pokémon in the party’s last spot.', 'illusion'),
(150, 5, 'fr', 'Donne l’apparence du Pokémon adverse.', 'Imposteur'),
(150, 5, 'en', 'The Pokémon transforms itself into the Pokémon it’s facing.', 'imposter'),
(151, 5, 'fr', 'Traverse les barrières et les clones de l’ennemi pour attaquer directement.', 'Infiltration'),
(151, 5, 'en', 'Passes through the opposing Pokémon’s barrier, substitute, and the like and strikes.', 'infiltrator'),
(152, 5, 'fr', 'Remplace le talent de l’attaquant par « Momie » lorsque le Pokémon subit une attaque directe.', 'Momie'),
(152, 5, 'en', 'Contact with the Pokémon changes the attacker’s Ability to Mummy.', 'mummy'),
(153, 5, 'fr', 'Quand le Pokémon met un ennemi K.O., sa confiance en lui ne connaît plus de limite et son Attaque augmente.', 'Impudence'),
(153, 5, 'en', 'The Pokémon shows moxie, and that boosts the Attack stat after knocking out any Pokémon.', 'moxie'),
(154, 5, 'fr', 'Réveille la noblesse du Pokémon lorsqu’il subit une capacité de type Ténèbres, ce qui augmente son Attaque.', 'Cœur Noble'),
(154, 5, 'en', 'Being hit by a Dark-type move boosts the Attack stat of the Pokémon, for justice.', 'justified'),
(155, 5, 'fr', 'Si le Pokémon est touché par une capacité de type Ténèbres, Spectre ou Insecte, sa phobie se révèle et sa Vitesse augmente.', 'Phobique'),
(155, 5, 'en', 'Dark-, Ghost-, and Bug-type moves scare the Pokémon and boost its Speed stat.', 'rattled'),
(156, 5, 'fr', 'Annule les effets des capacités de statut subies par le Pokémon et les retourne à l’envoyeur.', 'Miroir Magik'),
(156, 5, 'en', 'Reflects status moves, instead of getting hit by them.', 'magic-bounce'),
(157, 5, 'fr', 'Annule les attaques de type Plante subies par le Pokémon et augmente son Attaque.', 'Herbivore'),
(157, 5, 'en', 'Boosts the Attack stat if hit by a Grass-type move, instead of taking damage.', 'sap-sipper'),
(158, 5, 'fr', 'Rend les capacités de statut prioritaires.', 'Farceur'),
(158, 5, 'en', 'Gives priority to a status move.', 'prankster'),
(159, 5, 'fr', 'Augmente la puissance des capacités de type Roche, Sol et Acier en cas de tempête de sable.', 'Force Sable'),
(159, 5, 'en', 'Boosts the power of Rock-, Ground-, and Steel-type moves in a sandstorm.', 'sand-force'),
(160, 5, 'fr', 'Inflige des dégâts à l’attaquant lorsque le Pokémon subit une attaque directe.', 'Épine de Fer'),
(160, 5, 'en', 'Inflicts damage to the attacker on contact with iron barbs.', 'iron-barbs'),
(161, 5, 'fr', 'Quand le Pokémon perd la moitié de ses PV, il se transforme.', 'Mode Transe'),
(161, 5, 'en', 'Changes the Pokémon’s shape when HP is half or less.', 'zen-mode'),
(162, 5, 'fr', 'Augmente la Précision des Pokémon de l’équipe.', 'Victorieux'),
(162, 5, 'en', 'Boosts the accuracy of its allies and itself.', 'victory-star'),
(163, 5, 'fr', 'Le Pokémon ignore les talents adverses qui auraient un effet sur ses capacités.', 'TurboBrasier'),
(163, 5, 'en', 'Moves can be used on the target regardless of its Abilities.', 'turboblaze'),
(164, 5, 'fr', 'Le Pokémon ignore les talents adverses qui auraient un effet sur ses capacités.', 'Téra-Voltage'),
(164, 5, 'en', 'Moves can be used on the target regardless of its Abilities.', 'teravolt'),
(165, 6, 'fr', 'Protège l’équipe des effets limitant le libre arbitre.', 'Aroma-Voile'),
(165, 6, 'en', 'Protects itself and its allies from attacks that limit their move choices.', 'aroma-veil'),
(166, 6, 'fr', 'Empêche les alliés de type Plante de subir des baisses de stats et des altérations de statut.', 'Flora-Voile'),
(166, 6, 'en', 'Ally Grass-type Pokémon are protected from status conditions and the lowering of their stats.', 'flower-veil'),
(167, 6, 'fr', 'Restaure des PV lorsque le Pokémon consomme une Baie, quelle qu’elle soit.', 'Bajoues'),
(167, 6, 'en', 'Restores HP as well when the Pokémon eats a Berry.', 'cheek-pouch'),
(168, 6, 'fr', 'Le Pokémon prend le type de la capacité qu’il utilise.', 'Protéen'),
(168, 6, 'en', 'Changes the Pokémon’s type to the type of the move it’s about to use.', 'protean'),
(169, 6, 'fr', 'Divise par deux les dégâts des capacités physiques subies par le Pokémon.', 'Toison Épaisse'),
(169, 6, 'en', 'Halves the damage from physical moves.', 'fur-coat'),
(170, 6, 'fr', 'Les capacités volent aussi l’objet tenu par la cible.', 'Magicien'),
(170, 6, 'en', 'The Pokémon steals the held item of a Pokémon it hits with a move.', 'magician'),
(171, 6, 'fr', 'Protège de certaines capacités projetant des bombes, balles...', 'Pare-Balles'),
(171, 6, 'en', 'Protects the Pokémon from some ball and bomb moves.', 'bulletproof'),
(172, 6, 'fr', 'Augmente beaucoup l’Attaque Spéciale du Pokémon quand ses stats baissent.', 'Battant'),
(172, 6, 'en', 'Boosts the Sp. Atk stat sharply when a stat is lowered.', 'competitive'),
(173, 6, 'fr', 'Le Pokémon a une mâchoire robuste qui augmente la puissance de ses capacités à base de morsures.', 'Prognathe'),
(173, 6, 'en', 'The Pokémon’s strong jaw boosts the power of its biting moves.', 'strong-jaw'),
(174, 6, 'fr', 'Les capacités de type Normal deviennent de type Glace. Leur puissance augmente légèrement.', 'Peau Gelée'),
(174, 6, 'en', 'Normal-type moves become Ice-type moves. The power of those moves is boosted a little.', 'refrigerate'),
(175, 6, 'fr', 'Les Pokémon de l’équipe ne peuvent pas s’endormir.', 'Gluco-Voile'),
(175, 6, 'en', 'Prevents itself and ally Pokémon from falling asleep.', 'sweet-veil'),
(176, 6, 'fr', 'Le Pokémon prend la Forme Assaut lorsqu’il utilise une attaque, et la Forme Parade lorsqu’il utilise Bouclier Royal.', 'Déclic Tactique'),
(176, 6, 'en', 'The Pokémon changes its form to Blade Forme when it uses an attack move, and changes to Shield Forme when it uses King’s Shield.', 'stance-change'),
(177, 6, 'fr', 'Quand les PV du Pokémon sont au maximum, ses capacités de type Vol sont prioritaires.', 'Ailes Bourrasque'),
(177, 6, 'en', 'Gives priority to Flying-type moves when the  Pokémon’s HP is full.', 'gale-wings'),
(178, 6, 'fr', 'Augmente la puissance de certaines capacités de type aura.', 'Méga Blaster'),
(178, 6, 'en', 'Powers up aura and pulse moves.', 'mega-launcher'),
(179, 6, 'fr', 'Augmente la Défense du Pokémon si Champ Herbu est actif.', 'Toison Herbue'),
(179, 6, 'en', 'Boosts the Pokémon’s Defense stat in  Grassy Terrain.', 'grass-pelt'),
(180, 6, 'fr', 'Quand les alliés utilisent l’objet qu’ils tiennent, le Pokémon leur donne l’objet qu’il tient en remplacement.', 'Symbiose'),
(180, 6, 'en', 'The Pokémon passes its item to an ally that has used up an item.', 'symbiosis'),
(181, 6, 'fr', 'Augmente la puissance des attaques directes du Pokémon.', 'Griffe Dure'),
(181, 6, 'en', 'Powers up moves that make direct contact.', 'tough-claws'),
(182, 6, 'fr', 'Les capacités de type Normal deviennent de type Fée. Leur puissance augmente légèrement.', 'Peau Féérique'),
(182, 6, 'en', 'Normal-type moves become Fairy-type moves. The power of those moves is boosted a little.', 'pixilate'),
(183, 6, 'fr', 'Baisse la Vitesse de l’attaquant lorsque le Pokémon subit une attaque directe.', 'Poisseux'),
(183, 6, 'en', 'Contact with the Pokémon lowers the attacker’s Speed stat.', 'gooey'),
(184, 6, 'fr', 'Les capacités de type Normal deviennent de type Vol. Leur puissance augmente légèrement.', 'Peau Céleste'),
(184, 6, 'en', 'Normal-type moves become Flying-type moves. The power of those moves is boosted a little.', 'aerilate'),
(185, 6, 'fr', 'Permet à la mère et à son petit d’attaquer tous les deux en même temps.', 'Amour Filial'),
(185, 6, 'en', 'Parent and child each attacks.', 'parental-bond'),
(186, 6, 'fr', 'Augmente la puissance des attaques de type Ténèbres de tous les Pokémon.', 'Aura Ténébreuse'),
(186, 6, 'en', 'Powers up each Pokémon’s Dark-type moves.', 'dark-aura'),
(187, 6, 'fr', 'Augmente la puissance des attaques de type Fée de tous les Pokémon.', 'Aura Féérique'),
(187, 6, 'en', 'Powers up each Pokémon’s Fairy-type moves.', 'fairy-aura'),
(188, 6, 'fr', 'Inverse l’effet des auras en baissant leur puissance.', 'Aura Inversée'),
(188, 6, 'en', 'The effects of “Aura” Abilities are reversed to lower the power of affected moves.', 'aura-break'),
(189, 6, 'fr', 'Altère les conditions météo et rend inefficaces les attaques de type Feu.', 'Mer Primaire'),
(189, 6, 'en', 'The Pokémon changes the weather to nullify Fire-type attacks.', 'primordial-sea'),
(190, 6, 'fr', 'Altère les conditions météo et rend inefficaces les attaques de type Eau.', 'Terre Finale'),
(190, 6, 'en', 'The Pokémon changes the weather to nullify Water-type attacks.', 'desolate-land'),
(191, 6, 'fr', 'Altère les conditions météo et annule les faiblesses du type Vol.', 'Souffle Delta'),
(191, 6, 'en', 'The Pokémon changes the weather to eliminate all of the Flying type’s weaknesses.', 'delta-stream'),
(192, 7, 'fr', 'Augmente la Défense du Pokémon lorsqu’il subit une attaque.', 'Endurance'),
(192, 7, 'en', 'Boosts the Defense stat when hit by an attack.', 'stamina'),
(193, 7, 'fr', 'Le Pokémon perd confiance quand ses PV tombent à la moitié et s’enfuit dans sa Poké Ball.', 'Escampette'),
(193, 7, 'en', 'The Pokémon cowardly switches out when its HP becomes half or less.', 'wimp-out'),
(194, 7, 'fr', 'Le Pokémon évite les situations inutilement dangereuses. Quand ses PV tombent à la moitié, il se réfugie dans sa Poké Ball.', 'Repli Tactique'),
(194, 7, 'en', 'The Pokémon, sensing danger, switches out when its HP becomes half or less.', 'emergency-exit'),
(195, 7, 'fr', 'Augmente beaucoup la Défense du Pokémon quand il subit une capacité de type Eau.', 'Sable Humide'),
(195, 7, 'en', 'Boosts the Pokémon’s Defense stat sharply when hit by a Water-type move.', 'water-compaction'),
(196, 7, 'fr', 'Lorsque le Pokémon attaque un adversaire empoisonné, le coup sera forcément critique.', 'Cruauté'),
(196, 7, 'en', 'The Pokémon’s attacks become critical hits if the target is poisoned.', 'merciless'),
(197, 7, 'fr', 'Lorsque le Pokémon perd la moitié de ses PV, son enveloppe se brise, mais son Attaque et son Attaque Spéciale augmentent.', 'Bouclier-Carcan'),
(197, 7, 'en', 'When its HP becomes half or less, the Pokémon’s shell breaks and it becomes aggressive.', 'shields-down'),
(198, 7, 'fr', 'Lorsque le Pokémon attaque une cible qui vient d’entrer sur le terrain en remplacement d’un autre Pokémon, les dégâts infligés sont doublés.', 'Filature'),
(198, 7, 'en', 'Doubles the damage dealt to the target’s replacement if the target switches out.', 'stakeout'),
(199, 7, 'fr', 'Réduit les dégâts des capacités de type Feu subies par le Pokémon. Il est également immunisé contre les brûlures.', 'Aquabulle'),
(199, 7, 'en', 'Lowers the power of Fire-type moves done to the Pokémon and prevents the Pokémon from getting a burn.', 'water-bubble'),
(200, 7, 'fr', 'Augmente la puissance des attaques de type Acier.', 'Expert Acier'),
(200, 7, 'en', 'Powers up Steel-type moves.', 'steelworker'),
(201, 7, 'fr', 'Augmente l’Attaque Spéciale du Pokémon lorsqu’il tombe à la moitié de ses PV à cause d’une attaque.', 'Dracolère'),
(201, 7, 'en', 'Boosts the Pokémon’s Sp. Atk stat when it takes a  hit that causes its HP to become half or less.', 'berserk'),
(202, 7, 'fr', 'Augmente la Vitesse du Pokémon quand il grêle.', 'Chasse-Neige'),
(202, 7, 'en', 'Boosts the Pokémon’s Speed stat in a hailstorm.', 'slush-rush'),
(203, 7, 'fr', 'Le Pokémon est capable d’utiliser toutes ses capacités sans entrer en contact direct avec sa cible.', 'Longue Portée'),
(203, 7, 'en', 'The Pokémon uses its moves without making contact with the target.', 'long-reach'),
(204, 7, 'fr', 'Toutes les attaques sonores du Pokémon prennent le type Eau.', 'Hydrata-Son'),
(204, 7, 'en', 'All sound-based moves become Water-type moves.', 'liquid-voice'),
(205, 7, 'fr', 'Toutes les capacités qui soignent le Pokémon directement deviennent prioritaires.', 'Prioguérison'),
(205, 7, 'en', 'Gives priority to a healing move.', 'triage'),
(206, 7, 'fr', 'Les capacités de type Normal deviennent de type Électrik. Leur puissance augmente légèrement.', 'Peau Électrique'),
(206, 7, 'en', 'Normal-type moves become Electric-type moves. The power of those moves is boosted a little.', 'galvanize'),
(207, 7, 'fr', 'La Vitesse du Pokémon est doublée sur un Champ Électrifié.', 'Surf Caudal'),
(207, 7, 'en', 'Doubles the Pokémon’s Speed stat on Electric Terrain.', 'surge-surfer'),
(208, 7, 'fr', 'Le Pokémon se rassemble avec ses congénères quand ses PV sont élevés. Plus ses PV baissent, plus le banc s’amenuise.', 'Banc'),
(208, 7, 'en', 'When it has a lot of HP, the Pokémon forms a powerful school. It stops schooling when its HP is low.', 'schooling'),
(209, 7, 'fr', 'Le déguisement qui recouvre le corps du Pokémon est capable de le protéger d’une attaque.', 'Fantômasque'),
(209, 7, 'en', 'Once per battle, the shroud that covers the Pokémon can protect it from an attack.', 'disguise'),
(210, 7, 'fr', 'En battant un ennemi, ce Pokémon renforce ses liens avec son Dresseur. Il prend alors sa Forme Sacha et ses Sheauriken gagnent en puissance.', 'Synergie'),
(210, 7, 'en', 'Defeating an opposing Pokémon strengthens the Pokémon’s bond with its Trainer, and it becomes Ash-Greninja. Water Shuriken gets more powerful.', 'battle-bond'),
(211, 7, 'fr', 'Lorsque le Pokémon perd la moitié de ses PV, ses Cellules se rassemblent pour l’encourager, ce qui lui permet de prendre sa Forme Parfaite.', 'Rassemblement'),
(211, 7, 'en', 'Other Cells gather to aid when its HP becomes half or less. Then the Pokémon changes its form to Complete Forme.', 'power-construct'),
(212, 7, 'fr', 'Permet d’empoisonner les Pokémon de type Acier ou Poison.', 'Corrosion'),
(212, 7, 'en', 'The Pokémon can poison the target even if it’s a Steel or Poison type.', 'corrosion'),
(213, 7, 'fr', 'Le Pokémon rêve en permanence et ne se réveille jamais. Il est capable d’attaquer normalement tout en dormant.', 'Hypersommeil'),
(213, 7, 'en', 'It’s always drowsing and will never wake up. It can attack without waking up.', 'comatose'),
(214, 7, 'fr', 'L’adversaire est impressionné par la majesté du Pokémon et ne peut pas le viser avec une attaque prioritaire.', 'Prestance Royale'),
(214, 7, 'en', 'Its majesty pressures the opposing Pokémon, making it unable to attack using priority moves.', 'queenly-majesty'),
(215, 7, 'fr', 'Le Pokémon inflige à l’adversaire l’ayant mis K.O. des dégâts égaux au nombre de PV qu’il lui restait avant le coup de grâce.', 'Expuls’Organes'),
(215, 7, 'en', 'Damages the attacker landing the finishing hit by the amount equal to its last HP.', 'innards-out'),
(216, 7, 'fr', 'Si n’importe quel Pokémon utilise une capacité dansante, ce Pokémon peut se mettre aussi à danser.', 'Danseuse'),
(216, 7, 'en', 'When another Pokémon uses a dance move, it can use a dance move following it regardless of its Speed.', 'dancer'),
(217, 7, 'fr', 'Augmente la puissance des capacités spéciales des alliés.', 'Batterie'),
(217, 7, 'en', 'Powers up ally Pokémon’s special moves.', 'battery'),
(218, 7, 'fr', 'Divise par deux les dégâts des attaques directes subies par le Pokémon, mais double les dégâts des capacités de type Feu.', 'Boule de Poils'),
(218, 7, 'en', 'Halves the damage taken from moves that make direct contact, but doubles that of Fire-type moves.', 'fluffy'),
(219, 7, 'fr', 'L’adversaire est abasourdi par le Pokémon et ne peut pas le viser avec une capacité prioritaire.', 'Corps Coloré'),
(219, 7, 'en', 'Surprises the opposing Pokémon, making it unable to attack using priority moves.', 'dazzling'),
(220, 7, 'fr', 'Augmente l’Attaque Spéciale du Pokémon lorsqu’un autre Pokémon est mis K.O.', 'Animacœur'),
(220, 7, 'en', 'Boosts its Sp. Atk stat every time a Pokémon faints.', 'soul-heart'),
(221, 7, 'fr', 'Baisse la Vitesse de l’attaquant lorsque le Pokémon subit une attaque directe.', 'Mèche Rebelle'),
(221, 7, 'en', 'Contact with the Pokémon lowers the attacker’s Speed stat.', 'tangling-hair'),
(222, 7, 'fr', 'Le Pokémon reçoit le talent d’un allié mis K.O.', 'Receveur'),
(222, 7, 'en', 'The Pokémon copies the Ability of a defeated ally.', 'receiver'),
(223, 7, 'fr', 'Le Pokémon acquiert le talent d’un allié mis K.O.', 'Osmose'),
(223, 7, 'en', 'The Pokémon copies the Ability of a defeated ally.', 'power-of-alchemy'),
(224, 7, 'fr', 'Augmente la stat la plus élevée du Pokémon s’il met K.O. un autre Pokémon pendant son tour.', 'Boost Chimère'),
(224, 7, 'en', 'The Pokémon boosts its most proficient stat each time it knocks out a Pokémon.', 'beast-boost'),
(225, 7, 'fr', 'Change le type du Pokémon en fonction de la ROM équipée.', 'Système Alpha'),
(225, 7, 'en', 'Changes the Pokémon’s type to match the memory disc it holds.', 'rks-system'),
(226, 7, 'fr', 'Le Pokémon crée un Champ Électrifié au moment où il entre au combat.', 'Créa-Élec'),
(226, 7, 'en', 'Turns the ground into Electric Terrain when the Pokémon enters a battle.', 'electric-surge'),
(227, 7, 'fr', 'Le Pokémon crée un Champ Psychique au moment où il entre au combat.', 'Créa-Psy'),
(227, 7, 'en', 'Turns the ground into Psychic Terrain when the Pokémon enters a battle.', 'psychic-surge'),
(228, 7, 'fr', 'Le Pokémon crée un Champ Brumeux au moment où il entre au combat.', 'Créa-Brume'),
(228, 7, 'en', 'Turns the ground into Misty Terrain when the Pokémon enters a battle.', 'misty-surge'),
(229, 7, 'fr', 'Le Pokémon crée un Champ Herbu au moment où il entre au combat.', 'Créa-Herbe'),
(229, 7, 'en', 'Turns the ground into Grassy Terrain when the Pokémon enters a battle.', 'grassy-surge'),
(230, 7, 'fr', 'Empêche les stats du Pokémon de baisser à cause d’une capacité ou d’un talent.', 'Métallo-Garde'),
(230, 7, 'en', 'Prevents other Pokémon’s moves or Abilities from lowering the Pokémon’s stats.', 'full-metal-body'),
(231, 7, 'fr', 'Le Pokémon reçoit moins de dégâts quand ses PV sont au maximum.', 'Spectro-Bouclier'),
(231, 7, 'en', 'Reduces the amount of damage the Pokémon takes while its HP is full.', 'shadow-shield'),
(232, 7, 'fr', 'Réduit les dégâts subis lorsque le Pokémon est touché par une capacité super efficace.', 'Prisme-Armure'),
(232, 7, 'en', 'Reduces the power of supereffective attacks taken.', 'prism-armor'),
(233, 7, 'fr', 'Augmente encore plus les dégâts infligés par les attaques super efficaces.', 'Cérébro-Force'),
(233, 7, 'en', 'Powers up moves that are super effective.', 'neuroforce');

-- --------------------------------------------------------

--
-- Structure de la table `evolve`
--

CREATE TABLE `evolve` (
  `id` int(4) UNSIGNED DEFAULT NULL,
  `pokemon_id` int(4) UNSIGNED DEFAULT NULL,
  `level` int(1) UNSIGNED DEFAULT NULL,
  `to_id` int(4) UNSIGNED DEFAULT NULL
) ENGINE=InnoDB DEFAULT CHARSET=utf8mb4 COLLATE=utf8mb4_unicode_ci;

--
-- Déchargement des données de la table `evolve`
--

INSERT INTO `evolve` (`id`, `pokemon_id`, `level`, `to_id`) VALUES
(1, 1, 0, 2),
(1, 2, 1, 3),
(1, 3, 2, 0),
(2, 4, 0, 5),
(2, 5, 1, 6),
(2, 6, 2, 0),
(3, 7, 0, 8),
(3, 8, 1, 9),
(3, 9, 2, 0),
(4, 10, 0, 11),
(4, 11, 1, 12),
(4, 12, 2, 0),
(5, 13, 0, 14),
(5, 14, 1, 15),
(5, 15, 2, 0),
(6, 16, 0, 17),
(6, 17, 1, 18),
(6, 18, 2, 0),
(7, 19, 0, 20),
(7, 20, 1, 0),
(8, 21, 0, 22),
(8, 22, 1, 0),
(9, 23, 0, 24),
(9, 24, 1, 0),
(10, 172, 0, 25),
(10, 25, 1, 26),
(10, 26, 2, 0),
(11, 27, 0, 28),
(11, 28, 1, 0),
(12, 29, 0, 30),
(12, 30, 1, 31),
(12, 31, 2, 0),
(13, 32, 0, 33),
(13, 33, 1, 34),
(13, 34, 2, 0),
(14, 173, 0, 35),
(14, 35, 1, 36),
(14, 36, 2, 0),
(15, 37, 0, 38),
(15, 38, 1, 0),
(16, 174, 0, 39),
(16, 39, 1, 40),
(16, 40, 2, 0),
(17, 41, 0, 42),
(17, 42, 1, 169),
(17, 169, 2, 0),
(18, 43, 0, 44),
(18, 44, 1, 45),
(18, 44, 1, 182),
(18, 45, 2, 0),
(18, 182, 2, 0),
(19, 46, 0, 47),
(19, 47, 1, 0),
(20, 48, 0, 49),
(20, 49, 1, 0),
(21, 50, 0, 51),
(21, 51, 1, 0),
(22, 52, 0, 53),
(22, 53, 1, 0),
(23, 54, 0, 55),
(23, 55, 1, 0),
(24, 56, 0, 57),
(24, 57, 1, 0),
(26, 58, 0, 59),
(26, 59, 1, 0),
(27, 60, 0, 61),
(27, 61, 1, 62),
(27, 61, 1, 186),
(27, 186, 2, 0),
(27, 62, 2, 0),
(28, 63, 0, 64),
(28, 64, 1, 65),
(28, 65, 2, 0),
(29, 66, 0, 67),
(29, 67, 1, 68),
(29, 68, 2, 0),
(30, 69, 0, 70),
(30, 70, 1, 71),
(30, 71, 2, 0),
(31, 72, 0, 73),
(31, 73, 1, 0),
(32, 74, 0, 75),
(32, 75, 1, 76),
(32, 76, 2, 0),
(33, 77, 0, 78),
(33, 78, 1, 0),
(34, 79, 0, 80),
(34, 80, 1, 0),
(34, 79, 0, 199),
(34, 199, 1, 0),
(35, 81, 0, 82),
(35, 82, 1, 462),
(35, 462, 2, 0),
(36, 84, 0, 85),
(36, 85, 1, 0),
(37, 86, 0, 87),
(37, 87, 1, 0),
(38, 88, 0, 89),
(38, 89, 1, 0),
(39, 90, 0, 91),
(39, 91, 1, 0),
(40, 92, 0, 93),
(40, 93, 1, 94),
(40, 94, 2, 0),
(41, 95, 0, 208),
(41, 208, 1, 0),
(42, 96, 0, 97),
(42, 97, 1, 0),
(43, 98, 0, 99),
(43, 99, 1, 0),
(44, 100, 0, 101),
(44, 101, 1, 0),
(45, 102, 0, 103),
(45, 103, 1, 0),
(46, 104, 0, 105),
(46, 105, 1, 0),
(47, 236, 0, 106),
(47, 236, 0, 107),
(47, 236, 0, 237),
(47, 106, 1, 0),
(47, 107, 1, 0),
(47, 237, 1, 0),
(48, 108, 0, 463),
(48, 463, 1, 0),
(49, 109, 0, 110),
(49, 110, 1, 0),
(50, 111, 0, 112),
(50, 112, 1, 464),
(50, 464, 2, 0),
(51, 440, 0, 113),
(51, 113, 1, 242),
(51, 242, 2, 0),
(52, 114, 0, 465),
(52, 465, 1, 0),
(53, 116, 0, 117),
(53, 117, 1, 230),
(53, 230, 2, 0),
(54, 118, 0, 119),
(54, 119, 1, 0),
(55, 120, 0, 121),
(55, 121, 1, 0),
(56, 439, 0, 122),
(56, 122, 1, 0),
(57, 123, 0, 212),
(57, 212, 1, 0),
(58, 238, 0, 124),
(58, 124, 1, 0),
(59, 239, 0, 125),
(59, 125, 1, 466),
(59, 466, 2, 0),
(60, 240, 0, 126),
(60, 126, 1, 467),
(60, 467, 2, 0),
(61, 129, 0, 130),
(61, 130, 1, 0),
(62, 133, 0, 134),
(62, 133, 0, 135),
(62, 133, 0, 136),
(62, 133, 0, 196),
(62, 133, 0, 197),
(62, 133, 0, 470),
(62, 133, 0, 471),
(62, 133, 0, 700),
(62, 134, 1, 0),
(62, 135, 1, 0),
(62, 136, 1, 0),
(62, 196, 1, 0),
(62, 197, 1, 0),
(62, 470, 1, 0),
(62, 471, 1, 0),
(62, 700, 1, 0),
(63, 137, 0, 233),
(63, 233, 1, 474),
(63, 474, 2, 0),
(64, 138, 0, 139),
(64, 139, 1, 0),
(65, 140, 0, 141),
(65, 141, 1, 0),
(66, 446, 0, 143),
(66, 143, 1, 0),
(67, 147, 0, 148),
(67, 148, 1, 149),
(67, 149, 2, 0),
(68, 152, 0, 153),
(68, 153, 1, 154),
(68, 154, 2, 0),
(69, 155, 0, 156),
(69, 156, 1, 157),
(69, 157, 2, 0),
(70, 158, 0, 159),
(70, 159, 1, 160),
(70, 160, 2, 0),
(71, 161, 0, 162),
(71, 162, 1, 0),
(72, 163, 0, 164),
(72, 164, 1, 0),
(73, 165, 0, 166),
(73, 166, 1, 0),
(74, 167, 0, 168),
(74, 168, 1, 0),
(75, 170, 0, 171),
(75, 171, 1, 0),
(76, 175, 0, 176),
(76, 176, 1, 468),
(76, 468, 2, 0),
(77, 177, 0, 178),
(77, 178, 1, 0),
(78, 179, 0, 180),
(78, 180, 1, 181),
(78, 181, 2, 0),
(79, 298, 0, 183),
(79, 183, 1, 184),
(79, 184, 2, 0),
(80, 438, 0, 185),
(80, 185, 1, 0),
(81, 187, 0, 188),
(81, 188, 1, 189),
(81, 189, 2, 0),
(82, 190, 0, 424),
(82, 424, 1, 0),
(83, 191, 0, 192),
(83, 192, 1, 0),
(84, 193, 0, 469),
(84, 469, 1, 0),
(85, 194, 0, 195),
(85, 195, 1, 0),
(86, 198, 0, 430),
(86, 430, 1, 0),
(87, 200, 0, 429),
(87, 429, 1, 0),
(88, 360, 0, 202),
(88, 202, 1, 0),
(89, 204, 0, 205),
(89, 205, 1, 0),
(90, 207, 0, 472),
(90, 472, 1, 0),
(91, 209, 0, 210),
(91, 210, 1, 0),
(92, 215, 0, 461),
(92, 461, 1, 0),
(93, 216, 0, 217),
(93, 217, 1, 0),
(94, 218, 0, 219),
(94, 219, 1, 0),
(95, 220, 0, 221),
(95, 221, 1, 473),
(95, 473, 2, 0),
(96, 223, 0, 224),
(96, 224, 1, 0),
(97, 458, 0, 226),
(97, 226, 1, 0),
(98, 228, 0, 229),
(98, 229, 1, 0),
(99, 231, 0, 232),
(99, 232, 1, 0),
(100, 246, 0, 247),
(100, 247, 1, 248),
(100, 248, 2, 0),
(101, 252, 0, 253),
(101, 253, 1, 254),
(101, 254, 2, 0),
(102, 255, 0, 256),
(102, 256, 1, 257),
(102, 257, 2, 0),
(103, 258, 0, 259),
(103, 259, 1, 260),
(103, 260, 2, 0),
(104, 261, 0, 262),
(104, 262, 1, 0),
(105, 263, 0, 264),
(105, 264, 1, 0),
(106, 265, 0, 266),
(106, 266, 1, 267),
(106, 267, 2, 0),
(107, 265, 0, 268),
(107, 268, 1, 269),
(107, 269, 2, 0),
(108, 270, 0, 271),
(108, 271, 1, 272),
(108, 272, 2, 0),
(109, 273, 0, 274),
(109, 274, 1, 275),
(109, 275, 2, 0),
(110, 276, 0, 277),
(110, 277, 1, 0),
(111, 278, 0, 279),
(111, 279, 1, 0),
(112, 280, 0, 281),
(112, 281, 1, 282),
(112, 282, 2, 0),
(112, 281, 1, 475),
(112, 475, 2, 0),
(113, 283, 0, 284),
(113, 284, 1, 0),
(114, 285, 0, 286),
(114, 286, 1, 0),
(115, 287, 0, 288),
(115, 288, 1, 289),
(115, 289, 2, 0),
(116, 290, 0, 291),
(116, 291, 1, 0),
(116, 290, 0, 292),
(116, 291, 1, 0),
(116, 292, 1, 0),
(117, 293, 0, 294),
(117, 294, 1, 295),
(117, 295, 2, 0),
(118, 296, 0, 297),
(118, 297, 1, 0),
(119, 299, 0, 476),
(119, 476, 1, 0),
(120, 300, 0, 301),
(120, 301, 1, 0),
(121, 304, 0, 305),
(121, 305, 1, 306),
(121, 306, 2, 0),
(122, 307, 0, 308),
(122, 308, 1, 0),
(123, 309, 0, 310),
(123, 310, 1, 0),
(124, 406, 0, 315),
(124, 315, 1, 407),
(124, 407, 2, 0),
(125, 316, 0, 317),
(125, 317, 1, 0),
(126, 318, 0, 319),
(126, 319, 1, 0),
(127, 320, 0, 321),
(127, 321, 1, 0),
(128, 322, 0, 323),
(128, 323, 1, 0),
(129, 325, 0, 326),
(129, 326, 1, 0),
(130, 328, 0, 329),
(130, 329, 1, 330),
(130, 330, 2, 0),
(131, 331, 0, 332),
(131, 332, 1, 0),
(132, 333, 0, 334),
(132, 334, 1, 0),
(133, 339, 0, 340),
(133, 340, 1, 0),
(134, 341, 0, 342),
(134, 342, 1, 0),
(135, 343, 0, 344),
(135, 344, 1, 0),
(136, 345, 0, 346),
(136, 346, 1, 0),
(137, 347, 0, 348),
(137, 348, 1, 0),
(138, 349, 0, 350),
(138, 350, 1, 0),
(139, 353, 0, 354),
(139, 354, 1, 0),
(140, 355, 0, 356),
(140, 356, 1, 477),
(140, 477, 2, 0),
(141, 433, 0, 358),
(141, 358, 1, 0),
(142, 361, 0, 362),
(142, 361, 0, 478),
(142, 362, 1, 0),
(142, 478, 1, 0),
(143, 363, 0, 364),
(143, 364, 1, 365),
(143, 365, 2, 0),
(144, 366, 0, 367),
(144, 366, 0, 368),
(144, 367, 1, 0),
(144, 368, 1, 0),
(145, 371, 0, 372),
(145, 372, 1, 373),
(145, 373, 2, 0),
(146, 374, 0, 375),
(146, 375, 1, 376),
(146, 376, 2, 0),
(147, 387, 0, 388),
(147, 388, 1, 389),
(147, 389, 2, 0),
(148, 390, 0, 391),
(148, 391, 1, 392),
(148, 392, 2, 0),
(149, 393, 0, 394),
(149, 394, 1, 395),
(149, 395, 2, 0),
(150, 396, 0, 397),
(150, 397, 1, 398),
(150, 398, 2, 0),
(151, 399, 0, 400),
(151, 400, 1, 0),
(152, 401, 0, 402),
(152, 402, 1, 0),
(153, 403, 0, 404),
(153, 404, 1, 405),
(153, 405, 2, 0),
(154, 408, 0, 409),
(154, 409, 1, 0),
(155, 410, 0, 411),
(155, 411, 1, 0),
(156, 412, 0, 414),
(156, 414, 1, 0),
(157, 412, 0, 413),
(157, 413, 1, 0),
(158, 415, 0, 416),
(158, 416, 1, 0),
(159, 418, 0, 419),
(159, 419, 1, 0),
(160, 420, 0, 421),
(160, 421, 1, 0),
(161, 422, 0, 423),
(161, 423, 1, 0),
(162, 425, 0, 426),
(162, 426, 1, 0),
(163, 427, 0, 428),
(163, 428, 1, 0),
(164, 431, 0, 432),
(164, 432, 1, 0),
(165, 434, 0, 435),
(165, 435, 1, 0),
(166, 436, 0, 437),
(166, 437, 1, 0),
(167, 443, 0, 444),
(167, 444, 1, 445),
(167, 445, 2, 0),
(168, 447, 0, 448),
(168, 448, 1, 0),
(169, 449, 0, 450),
(169, 450, 1, 0),
(170, 451, 0, 452),
(170, 452, 1, 0),
(171, 453, 0, 454),
(171, 454, 1, 0),
(172, 456, 0, 457),
(172, 457, 1, 0),
(173, 459, 0, 460),
(173, 460, 1, 0),
(174, 495, 0, 496),
(174, 496, 1, 497),
(174, 497, 2, 0),
(175, 498, 0, 499),
(175, 499, 1, 500),
(175, 500, 2, 0),
(176, 501, 0, 502),
(176, 502, 1, 503),
(176, 503, 2, 0),
(177, 504, 0, 505),
(177, 505, 1, 0),
(178, 506, 0, 507),
(178, 507, 1, 508),
(178, 508, 2, 0),
(179, 509, 0, 510),
(179, 510, 1, 0),
(180, 511, 0, 512),
(180, 512, 1, 0),
(181, 513, 0, 514),
(181, 514, 1, 0),
(182, 515, 0, 516),
(182, 516, 1, 0),
(183, 517, 0, 518),
(183, 518, 1, 0),
(184, 519, 0, 520),
(184, 520, 1, 521),
(184, 521, 2, 0),
(185, 522, 0, 523),
(185, 523, 1, 0),
(186, 524, 0, 525),
(186, 525, 1, 526),
(186, 526, 2, 0),
(187, 527, 0, 528),
(187, 528, 1, 0),
(188, 529, 0, 530),
(188, 530, 1, 0),
(189, 532, 0, 533),
(189, 533, 1, 534),
(189, 534, 2, 0),
(190, 535, 0, 536),
(190, 536, 1, 537),
(190, 537, 2, 0),
(191, 540, 0, 541),
(191, 541, 1, 542),
(191, 542, 2, 0),
(192, 543, 0, 544),
(192, 544, 1, 545),
(192, 545, 2, 0),
(193, 546, 0, 547),
(193, 547, 1, 0),
(194, 548, 0, 549),
(194, 549, 1, 0),
(195, 551, 0, 552),
(195, 552, 1, 553),
(195, 553, 2, 0),
(196, 554, 0, 555),
(196, 555, 1, 0),
(197, 557, 0, 558),
(197, 558, 1, 0),
(198, 559, 0, 560),
(198, 560, 1, 0),
(199, 562, 0, 563),
(199, 563, 1, 0),
(200, 564, 0, 565),
(200, 565, 1, 0),
(201, 566, 0, 567),
(201, 567, 1, 0),
(202, 568, 0, 569),
(202, 569, 1, 0),
(203, 570, 0, 571),
(203, 571, 1, 0),
(204, 572, 0, 573),
(204, 573, 1, 0),
(205, 574, 0, 575),
(205, 575, 1, 576),
(205, 576, 2, 0),
(206, 577, 0, 578),
(206, 578, 1, 579),
(206, 579, 2, 0),
(207, 580, 0, 581),
(207, 581, 1, 0),
(208, 582, 0, 583),
(208, 583, 1, 584),
(208, 584, 2, 0),
(209, 585, 0, 586),
(209, 586, 1, 0),
(210, 588, 0, 589),
(210, 589, 1, 0),
(211, 590, 0, 591),
(211, 591, 1, 0),
(212, 592, 0, 593),
(212, 593, 1, 0),
(213, 595, 0, 596),
(213, 596, 1, 0),
(214, 597, 0, 598),
(214, 598, 1, 0),
(215, 599, 0, 600),
(215, 600, 1, 601),
(215, 601, 2, 0),
(216, 602, 0, 603),
(216, 603, 1, 604),
(216, 604, 2, 0),
(217, 605, 0, 606),
(217, 606, 1, 0),
(218, 607, 0, 608),
(218, 608, 1, 609),
(218, 609, 2, 0),
(219, 610, 0, 611),
(219, 611, 1, 612),
(219, 612, 2, 0),
(220, 613, 0, 614),
(220, 614, 1, 0),
(221, 616, 0, 617),
(221, 617, 1, 0),
(222, 619, 0, 620),
(222, 620, 1, 0),
(223, 622, 0, 623),
(223, 623, 1, 0),
(224, 624, 0, 625),
(224, 625, 1, 0),
(225, 627, 0, 628),
(225, 628, 1, 0),
(226, 629, 0, 630),
(226, 630, 1, 0),
(227, 633, 0, 634),
(227, 634, 1, 635),
(227, 635, 2, 0),
(228, 636, 0, 637),
(228, 637, 1, 0),
(229, 650, 0, 651),
(229, 651, 1, 652),
(229, 652, 2, 0),
(230, 653, 0, 654),
(230, 654, 1, 655),
(230, 655, 2, 0),
(231, 656, 0, 657),
(231, 657, 1, 658),
(231, 658, 2, 0),
(232, 659, 0, 660),
(232, 660, 1, 0),
(233, 661, 0, 662),
(233, 662, 1, 663),
(233, 663, 2, 0),
(234, 664, 0, 665),
(234, 665, 1, 666),
(234, 666, 2, 0),
(235, 667, 0, 668),
(235, 668, 1, 0),
(236, 669, 0, 670),
(236, 670, 1, 671),
(236, 671, 2, 0),
(237, 672, 0, 673),
(237, 673, 1, 0),
(238, 674, 0, 675),
(238, 675, 1, 0),
(239, 677, 0, 678),
(239, 678, 1, 0),
(240, 679, 0, 680),
(240, 680, 1, 681),
(240, 681, 2, 0),
(241, 682, 0, 683),
(241, 683, 1, 0),
(242, 684, 0, 685),
(242, 685, 1, 0),
(243, 686, 0, 687),
(243, 687, 1, 0),
(244, 688, 0, 689),
(244, 689, 1, 0),
(245, 690, 0, 691),
(245, 691, 1, 0),
(246, 692, 0, 693),
(246, 693, 1, 0),
(247, 694, 0, 695),
(247, 695, 1, 0),
(248, 696, 0, 697),
(248, 697, 1, 0),
(249, 698, 0, 699),
(249, 699, 1, 0),
(250, 704, 0, 705),
(250, 705, 1, 706),
(250, 706, 2, 0),
(251, 708, 0, 709),
(251, 709, 1, 0),
(252, 710, 0, 711),
(252, 711, 1, 0),
(253, 712, 0, 713),
(253, 713, 1, 0),
(254, 714, 0, 715),
(254, 715, 1, 0),
(255, 722, 0, 723),
(255, 723, 1, 724),
(255, 724, 2, 0),
(256, 725, 0, 726),
(256, 726, 1, 727),
(256, 727, 2, 0),
(257, 728, 0, 729),
(257, 729, 1, 730),
(257, 730, 2, 0),
(258, 731, 0, 732),
(258, 732, 1, 733),
(258, 733, 2, 0),
(259, 734, 0, 735),
(259, 735, 1, 0),
(260, 736, 0, 737),
(260, 737, 1, 738),
(260, 738, 2, 0),
(261, 739, 0, 740),
(261, 740, 1, 0),
(262, 742, 0, 743),
(262, 743, 1, 0),
(263, 744, 0, 745),
(263, 745, 1, 0),
(264, 747, 0, 748),
(264, 748, 1, 0),
(265, 749, 0, 750),
(265, 750, 1, 0),
(266, 751, 0, 752),
(266, 752, 1, 0),
(267, 753, 0, 754),
(267, 754, 1, 0),
(268, 755, 0, 756),
(268, 756, 1, 0),
(269, 757, 0, 758),
(269, 758, 1, 0),
(270, 759, 0, 760),
(270, 760, 1, 0),
(271, 761, 0, 762),
(271, 762, 1, 763),
(271, 763, 2, 0),
(272, 767, 0, 768),
(272, 768, 1, 0),
(273, 769, 0, 770),
(273, 770, 1, 0),
(274, 772, 0, 773),
(274, 773, 1, 0),
(275, 782, 0, 783),
(275, 783, 1, 784),
(275, 784, 2, 0),
(276, 789, 0, 790),
(276, 790, 1, 791),
(276, 790, 1, 792),
(276, 791, 2, 0),
(276, 792, 2, 0),
(277, 803, 0, 804),
(277, 804, 1, 0),
(278, 808, 0, 809),
(278, 809, 1, 0);

-- --------------------------------------------------------

--
-- Structure de la table `fastmove`
--

CREATE TABLE `fastmove` (
  `id` int(3) UNSIGNED NOT NULL,
  `damage` int(3) UNSIGNED DEFAULT NULL,
  `dps` decimal(3,1) UNSIGNED DEFAULT NULL,
  `energy` int(3) UNSIGNED DEFAULT NULL,
  `eps` decimal(3,1) UNSIGNED DEFAULT NULL,
  `move_duration` int(4) UNSIGNED DEFAULT NULL,
  `sound_fx` varchar(20) COLLATE utf8mb4_unicode_ci DEFAULT NULL,
  `type` int(4) UNSIGNED DEFAULT NULL
) ENGINE=InnoDB DEFAULT CHARSET=utf8mb4 COLLATE=utf8mb4_unicode_ci;

--
-- Déchargement des données de la table `fastmove`
--

INSERT INTO `fastmove` (`id`, `damage`, `dps`, `energy`, `eps`, `move_duration`, `sound_fx`, `type`) VALUES
(1, 35, '15.9', 0, '0.0', 2200, 'struggle.wav', 1),
(2, 11, '13.8', 6, '7.5', 800, 'steel_wing.wav', 9),
(3, 15, '13.6', 9, '8.2', 1100, 'dragon_tail.wav', 16),
(4, 15, '13.6', 7, '6.4', 1100, 'iron_tail.wav', 9),
(5, 12, '13.3', 7, '7.8', 900, 'rock_throw.wav', 6),
(6, 12, '13.3', 8, '8.9', 900, 'counter.wav', 2),
(7, 16, '13.3', 8, '6.7', 1200, 'waterfall.wav', 11),
(8, 16, '13.3', 8, '6.7', 1200, 'smack_down.wav', 6),
(9, 13, '13.0', 7, '7.0', 1000, 'razor_leaf.wav', 12),
(10, 9, '12.9', 6, '8.6', 700, 'shadow_claw.wav', 8),
(11, 14, '12.7', 10, '9.1', 1100, 'fire_spin.wav', 10),
(12, 10, '12.5', 7, '8.8', 800, 'poison_jab.wav', 4),
(13, 20, '12.5', 15, '9.4', 1600, 'confusion.wav', 14),
(14, 11, '12.2', 8, '8.9', 900, 'fire_fang.wav', 10),
(15, 6, '12.0', 4, '8.0', 500, 'bite.wav', 17),
(16, 6, '12.0', 4, '8.0', 500, 'dragon_breath.wav', 16),
(17, 6, '12.0', 4, '8.0', 500, 'scratch.wav', 1),
(18, 7, '11.7', 6, '10.0', 600, 'vine_wrap.wav', 12),
(19, 7, '11.7', 6, '10.0', 600, 'pound.wav', 1),
(20, 14, '11.7', 10, '8.3', 1200, 'air_slash.wav', 3),
(21, 15, '11.5', 10, '7.7', 1300, 'rock_smash.wav', 2),
(22, 8, '11.4', 7, '10.0', 700, 'metal_claw.wav', 9),
(23, 9, '11.3', 8, '10.0', 800, 'acid.wav', 4),
(24, 10, '11.1', 8, '8.9', 900, 'frost_breath.wav', 15),
(25, 10, '11.1', 9, '10.0', 900, 'feint_attack.wav', 17),
(26, 12, '10.9', 10, '9.1', 1100, 'zen_headbutt.wav', 14),
(27, 12, '10.9', 12, '10.9', 1100, 'extrasensory.wav', 14),
(28, 12, '10.9', 12, '10.9', 1100, 'snarl.wav', 17),
(29, 15, '10.7', 12, '8.6', 1400, 'mud_slap.wav', 5),
(30, 5, '10.0', 6, '12.0', 500, 'bug_bite.wav', 7),
(31, 7, '10.0', 8, '11.4', 700, 'sucker_punch.wav', 17),
(32, 6, '10.0', 6, '10.0', 600, 'low_kick.wav', 2),
(33, 8, '10.0', 10, '12.5', 800, 'karate_chop.wav', 2),
(34, 10, '10.0', 10, '10.0', 1000, 'ember.wav', 10),
(35, 8, '10.0', 9, '11.3', 800, 'wing_attack.wav', 3),
(36, 10, '10.0', 10, '10.0', 1000, 'peck.wav', 3),
(37, 5, '10.0', 6, '12.0', 500, 'lick.wav', 8),
(38, 12, '10.0', 12, '10.0', 1200, 'ice_shard.wav', 15),
(39, 8, '10.0', 10, '12.5', 800, 'quick_attack.wav', 1),
(40, 5, '10.0', 5, '10.0', 500, 'tackle.wav', 1),
(41, 5, '10.0', 5, '10.0', 500, 'cut.wav', 1),
(42, 9, '10.0', 10, '11.1', 900, 'bullet_punch.wav', 9),
(43, 5, '10.0', 5, '10.0', 500, 'water_gun.wav', 11),
(44, 12, '10.0', 14, '11.7', 1200, 'bubble.wav', 11),
(45, 15, '10.0', 15, '10.0', 1500, 'struggle_bug.wav', 7),
(46, 15, '10.0', 15, '10.0', 1500, 'hidden_power.wav', 1),
(47, 10, '9.1', 14, '12.7', 1100, 'infestation.wav', 7),
(48, 20, '8.7', 25, '10.9', 2300, 'volt_switch.wav', 13),
(49, 6, '8.6', 9, '12.9', 700, 'spark.wav', 13),
(50, 5, '8.3', 8, '13.3', 600, 'thunder_shock.wav', 13),
(51, 5, '8.3', 7, '11.7', 600, 'mud_shot.wav', 5),
(52, 5, '8.3', 8, '13.3', 600, 'psycho_cut.wav', 14),
(53, 5, '8.3', 7, '11.7', 600, 'poison_sting.wav', 4),
(54, 10, '8.3', 15, '12.5', 1200, 'hex.wav', 8),
(55, 3, '7.5', 6, '15.0', 400, 'fury_cutter.wav', 7),
(56, 8, '7.3', 15, '13.6', 1100, 'charge_beam.wav', 13),
(57, 8, '7.3', 14, '12.7', 1100, 'astonish.wav', 8),
(58, 8, '7.3', 14, '12.7', 1100, 'bullet_seed.wav', 12),
(59, 8, '6.7', 10, '8.3', 1200, 'take_down.wav', 1),
(60, 6, '6.0', 15, '15.0', 1000, 'powder_snow.wav', 15),
(61, 5, '3.8', 20, '15.4', 1300, 'present.wav', 1),
(62, 0, '0.0', 20, '11.6', 1730, 'splash.wav', 11),
(63, 0, '0.0', 0, '0.0', 2230, 'transform.wav', 1),
(64, 0, '0.0', 15, '8.8', 1700, 'yawn.wav', 1),
(65, 20, '13.3', 11, '7.3', 1500, 'dazzling_gleam.wav', 18);

-- --------------------------------------------------------

--
-- Structure de la table `fastmove_name`
--

CREATE TABLE `fastmove_name` (
  `fastmove_id` int(3) UNSIGNED DEFAULT NULL,
  `lang` varchar(3) COLLATE utf8mb4_unicode_ci DEFAULT NULL,
  `name` varchar(20) COLLATE utf8mb4_unicode_ci DEFAULT NULL
) ENGINE=InnoDB DEFAULT CHARSET=utf8mb4 COLLATE=utf8mb4_unicode_ci;

--
-- Déchargement des données de la table `fastmove_name`
--

INSERT INTO `fastmove_name` (`fastmove_id`, `lang`, `name`) VALUES
(1, 'fr', 'Lutte'),
(1, 'en', 'Struggle'),
(2, 'fr', 'Aile d\'Acier'),
(2, 'en', 'Steel Wing'),
(3, 'fr', 'Draco-Queue'),
(3, 'en', 'Dragon Tail'),
(4, 'fr', 'Queue de Fer'),
(4, 'en', 'Iron Tail'),
(5, 'fr', 'Jet-Pierres'),
(5, 'en', 'Rock Throw'),
(6, 'fr', 'Riposte'),
(6, 'en', 'Counter'),
(7, 'fr', 'Cascade'),
(7, 'en', 'Waterfall'),
(8, 'fr', 'Anti-Air'),
(8, 'en', 'Smack Down'),
(9, 'fr', 'Tranch\'Herbe'),
(9, 'en', 'Razor Leaf'),
(10, 'fr', 'Griffe Ombre'),
(10, 'en', 'Shadow Claw'),
(11, 'fr', 'Danse Flamme'),
(11, 'en', 'Fire Spin'),
(12, 'fr', 'Direct Toxik'),
(12, 'en', 'Poison Jab'),
(13, 'fr', 'Choc Mental'),
(13, 'en', 'Confusion'),
(14, 'fr', 'Crocs Feu'),
(14, 'en', 'Fire Fang'),
(15, 'fr', 'Morsure'),
(15, 'en', 'Bite'),
(16, 'fr', 'DracoSouffle'),
(16, 'en', 'Dragon Breath'),
(17, 'fr', 'Griffe'),
(17, 'en', 'Scratch'),
(18, 'fr', 'Fouet Lianes'),
(18, 'en', 'Vine Whip'),
(19, 'fr', 'écras\'Face'),
(19, 'en', 'Pound'),
(20, 'fr', 'Lame d\'Air'),
(20, 'en', 'Air Slash'),
(21, 'fr', 'éclate-Roc'),
(21, 'en', 'Rock Smash'),
(22, 'fr', 'Griffe Acier'),
(22, 'en', 'Metal Claw'),
(23, 'fr', 'Acide'),
(23, 'en', 'Acid'),
(24, 'fr', 'Souffle Glacé'),
(24, 'en', 'Frost Breath'),
(25, 'fr', 'Feinte'),
(25, 'en', 'Feint Attack'),
(26, 'fr', 'Psykoud\'Boul'),
(26, 'en', 'Zen Headbutt'),
(27, 'fr', 'Extrasenseur'),
(27, 'en', 'Extrasensory'),
(28, 'fr', 'Aboiement'),
(28, 'en', 'Snarl'),
(29, 'fr', 'Coud\'Boue'),
(29, 'en', 'Mud-Slap'),
(30, 'fr', 'Piqûre'),
(30, 'en', 'Bug Bite'),
(31, 'fr', 'Coup Bas'),
(31, 'en', 'Sucker Punch'),
(32, 'fr', 'Balayage'),
(32, 'en', 'Low Kick'),
(33, 'fr', 'Poing-Karaté'),
(33, 'en', 'Karate Chop'),
(34, 'fr', 'Flammèche'),
(34, 'en', 'Ember'),
(35, 'fr', 'Cru-Aile'),
(35, 'en', 'Wing Attack'),
(36, 'fr', 'Picpic'),
(36, 'en', 'Peck'),
(37, 'fr', 'Léchouille'),
(37, 'en', 'Lick'),
(38, 'fr', 'éclats Glace'),
(38, 'en', 'Ice Shard'),
(39, 'fr', 'Vive-Attaque'),
(39, 'en', 'Quick Attack'),
(40, 'fr', 'Charge'),
(40, 'en', 'Tackle'),
(41, 'fr', 'Coupe'),
(41, 'en', 'Cut'),
(42, 'fr', 'Pisto-Poing'),
(42, 'en', 'Bullet Punch'),
(43, 'fr', 'Pistolet à Eau'),
(43, 'en', 'Water Gun'),
(44, 'fr', 'écume'),
(44, 'en', 'Bubble'),
(45, 'fr', 'Survinsecte'),
(45, 'en', 'Struggle Bug'),
(46, 'fr', 'Puissance Cachée'),
(46, 'en', 'Hidden Power'),
(47, 'fr', 'Harcèlement'),
(47, 'en', 'Infestation'),
(48, 'fr', 'Change éclair'),
(48, 'en', 'Volt Switch'),
(49, 'fr', 'étincelle'),
(49, 'en', 'Spark'),
(50, 'fr', 'éclair'),
(50, 'en', 'Thunder Shock'),
(51, 'fr', 'Tir de Boue'),
(51, 'en', 'Mud Shot'),
(52, 'fr', 'Coupe Psycho'),
(52, 'en', 'Psycho Cut'),
(53, 'fr', 'Dard-Venin'),
(53, 'en', 'Poison Sting'),
(54, 'fr', 'Châtiment'),
(54, 'en', 'Hex'),
(55, 'fr', 'Taillade'),
(55, 'en', 'Fury Cutter'),
(56, 'fr', 'Rayon Chargé'),
(56, 'en', 'Charge Beam'),
(57, 'fr', 'étonnement'),
(57, 'en', 'Astonish'),
(58, 'fr', 'Balle Graine'),
(58, 'en', 'Bullet Seed'),
(59, 'fr', 'Bélier'),
(59, 'en', 'Take Down'),
(60, 'fr', 'Poudreuse'),
(60, 'en', 'Powder Snow'),
(61, 'fr', 'Cadeau'),
(61, 'en', 'Present'),
(62, 'fr', 'Trempette'),
(62, 'en', 'Splash'),
(63, 'fr', 'Morphing'),
(63, 'en', 'Transform'),
(64, 'fr', 'Bâillement'),
(64, 'en', 'Yawn'),
(65, 'fr', 'Charme Rapide'),
(65, 'en', 'Charm Fast');

-- --------------------------------------------------------

--
-- Structure de la table `mainmove`
--

CREATE TABLE `mainmove` (
  `id` int(3) UNSIGNED NOT NULL,
  `damage` int(3) UNSIGNED DEFAULT NULL,
  `dps` decimal(3,1) UNSIGNED DEFAULT NULL,
  `energy` int(3) UNSIGNED DEFAULT NULL,
  `move_duration` int(4) UNSIGNED DEFAULT NULL,
  `slot` int(1) UNSIGNED DEFAULT NULL,
  `sound_fx` varchar(20) COLLATE utf8mb4_unicode_ci DEFAULT NULL,
  `type` int(4) UNSIGNED DEFAULT NULL
) ENGINE=InnoDB DEFAULT CHARSET=utf8mb4 COLLATE=utf8mb4_unicode_ci;

--
-- Déchargement des données de la table `mainmove`
--

INSERT INTO `mainmove` (`id`, `damage`, `dps`, `energy`, `move_duration`, `slot`, `sound_fx`, `type`) VALUES
(1, 130, '76.5', 100, 1700, 1, 'origin_pulse.wav', 11),
(2, 130, '76.5', 100, 1700, 1, 'precipice_blades.wav', 6),
(3, 90, '47.4', 50, 1900, 2, 'hydro_cannon.wav', 11),
(4, 80, '47.1', 50, 1700, 2, 'doom_desire.wav', 9),
(5, 90, '45.0', 100, 2000, 1, 'brave_bird.wav', 3),
(6, 120, '44.4', 100, 2700, 1, 'future_sight.wav', 14),
(7, 100, '43.5', 100, 2300, 1, 'stone_edge.wav', 6),
(8, 100, '43.5', 100, 2300, 1, 'close_combat.wav', 2),
(9, 110, '42.3', 100, 2600, 1, 'petal_blizzard.wav', 12),
(10, 130, '41.9', 100, 3100, 1, 'blizzard.wav', 15),
(11, 130, '41.9', 100, 3100, 1, 'gunk_shot.wav', 4),
(12, 100, '41.7', 100, 2400, 1, 'thunder.wav', 13),
(13, 150, '41.7', 100, 3600, 1, 'draco_meteor.wav', 16),
(14, 90, '40.9', 100, 2200, 1, 'megahorn.wav', 7),
(15, 110, '40.7', 100, 2700, 1, 'hurricane.wav', 3),
(16, 140, '40.0', 100, 3500, 1, 'focus_blast.wav', 2),
(17, 80, '40.0', 50, 2000, 2, 'sky_attack.wav', 3),
(18, 160, '40.0', 100, 4000, 1, 'overheat.wav', 10),
(19, 150, '39.5', 100, 3800, 1, 'hyper_beam.wav', 1),
(20, 130, '39.4', 100, 3300, 1, 'hydro_pump.wav', 11),
(21, 100, '38.5', 50, 2600, 2, 'frenzy_plant.wav', 12),
(22, 100, '38.5', 50, 2600, 2, 'meteor_mash.wav', 9),
(23, 65, '38.2', 50, 1700, 2, 'surf.wav', 11),
(24, 140, '37.8', 100, 3700, 1, 'zap_cannon.wav', 13),
(25, 60, '37.5', 33, 1600, 3, 'weather_ball.wav', 10),
(26, 60, '37.5', 33, 1600, 3, 'weather_ball.wav', 15),
(27, 60, '37.5', 33, 1600, 3, 'weather_ball.wav', 6),
(28, 60, '37.5', 33, 1600, 3, 'weather_ball.wav', 11),
(29, 45, '37.5', 33, 1200, 3, 'blaze_kick.wav', 10),
(30, 100, '37.0', 100, 2700, 1, 'flash_cannon.wav', 9),
(31, 180, '36.7', 100, 4900, 1, 'solar_beam.wav', 12),
(32, 100, '35.7', 100, 2800, 1, 'psychic.wav', 14),
(33, 70, '35.0', 50, 2000, 2, 'foul_play.wav', 17),
(34, 80, '34.8', 50, 2300, 2, 'sludge_bomb.wav', 4),
(35, 90, '34.6', 50, 2600, 2, 'power_hip.wav', 12),
(36, 90, '34.6', 50, 2600, 2, 'wild_charge.wav', 13),
(37, 90, '34.6', 50, 2600, 2, 'grass_knot.wav', 12),
(38, 110, '34.4', 100, 3200, 1, 'sludge_wave.wav', 4),
(39, 50, '33.3', 50, 1500, 2, 'cross_chop.wav', 2),
(40, 120, '33.3', 100, 3600, 1, 'earthquake.wav', 5),
(41, 100, '33.3', 50, 3000, 2, 'shadow_ball.wav', 8),
(42, 130, '33.3', 100, 3900, 1, 'moonblast.wav', 18),
(43, 140, '33.3', 100, 4200, 1, 'fire_blast.wav', 10),
(44, 90, '33.3', 50, 2700, 2, 'dynamic_punch.wav', 2),
(45, 90, '33.3', 50, 2700, 2, 'avalanche.wav', 15),
(46, 70, '33.3', 50, 2100, 2, 'heavy_slam.wav', 9),
(47, 110, '33.3', 50, 3300, 2, 'blast_burn.wav', 10),
(48, 55, '32.4', 50, 1700, 2, 'stomp.wav', 1),
(49, 80, '32.0', 50, 2500, 2, 'thunderbolt.wav', 13),
(50, 80, '32.0', 50, 2500, 2, 'hyper_fang.wav', 1),
(51, 70, '31.8', 50, 2200, 2, 'flamethrower.wav', 10),
(52, 95, '31.7', 100, 3000, 1, 'heat_wave.wav', 10),
(53, 60, '31.6', 50, 1900, 2, 'iron_head.wav', 9),
(54, 90, '31.0', 50, 2900, 2, 'play_rough.wav', 18),
(55, 90, '31.0', 50, 2900, 2, 'last_resort.wav', 1),
(56, 80, '29.6', 50, 2700, 2, 'rock_slide.wav', 6),
(57, 50, '29.4', 33, 1700, 3, 'dragon_claw.wav', 16),
(58, 70, '29.2', 33, 2400, 3, 'leaf_blade.wav', 12),
(59, 80, '28.6', 50, 2800, 2, 'drill_run.wav', 5),
(60, 100, '28.6', 50, 3500, 2, 'dazzling_gleam.wav', 18),
(61, 110, '28.2', 50, 3900, 2, 'outrage.wav', 16),
(62, 45, '28.1', 33, 1600, 3, 'x_scissor.wav', 7),
(63, 100, '27.8', 50, 3600, 2, 'earth_power.wav', 5),
(64, 80, '27.6', 50, 2900, 2, 'power_gem.wav', 6),
(65, 80, '27.3', 50, 3300, 2, 'ice_beam.wav', 6),
(66, 60, '27.3', 50, 2200, 2, 'submission.wav', 2),
(67, 70, '26.9', 50, 2600, 2, 'flame_burst.wav', 10),
(68, 80, '26.7', 50, 3000, 2, 'dark_pulse.wav', 17),
(69, 40, '26.7', 33, 1500, 3, 'cross_poison.wav', 4),
(70, 50, '26.3', 33, 1900, 3, 'ice_punch.wav', 15),
(71, 50, '26.3', 33, 1900, 3, 'aqua_tail.wav', 11),
(72, 50, '26.3', 33, 1900, 3, 'body_slam.wav', 1),
(73, 55, '26.2', 33, 2100, 3, 'seed_bomb.wav', 12),
(74, 60, '26.1', 33, 2300, 3, 'drill_peck.wav', 3),
(75, 60, '26.1', 50, 2300, 2, 'brine.wav', 11),
(76, 65, '26.0', 33, 2500, 3, 'discharge.wav', 13),
(77, 75, '25.9', 50, 2900, 2, 'signal_beam.wav', 7),
(78, 70, '25.0', 33, 2800, 3, 'magnet_bomb.wav', 9),
(79, 45, '25.0', 33, 1800, 3, 'thunder_punch.wav', 13),
(80, 90, '25.0', 50, 3600, 2, 'dragon_pulse.wav', 16),
(81, 40, '25.0', 33, 1600, 3, 'bone_club.wav', 5),
(82, 55, '25.0', 33, 2200, 3, 'fire_punch.wav', 10),
(83, 40, '25.0', 33, 1600, 3, 'brick_break.wav', 2),
(84, 50, '25.0', 33, 2000, 3, 'power_up_punch.wav', 2),
(85, 90, '24.3', 50, 3700, 2, 'bug_buzz.wav', 7),
(86, 80, '24.2', 50, 3300, 2, 'gyro_ball.wav', 9),
(87, 65, '24.1', 33, 2700, 3, 'psyshock.wav', 14),
(88, 55, '23.9', 33, 2300, 3, 'mud_bomb.wav', 5),
(89, 50, '23.8', 33, 2100, 3, 'sludge.wav', 4),
(90, 50, '23.8', 33, 2100, 3, 'rock_blast.wav', 6),
(91, 45, '23.7', 33, 1900, 3, 'bubble_beam.wav', 11),
(92, 40, '23.5', 33, 1700, 3, 'shadow_punch.wav', 8),
(93, 60, '23.1', 50, 2600, 2, 'draining_kiss.wav', 18),
(94, 60, '23.1', 50, 2600, 2, 'night_shade.wav', 8),
(95, 90, '23.1', 50, 3900, 2, 'energy_ball.wav', 12),
(96, 60, '23.1', 50, 2600, 2, 'mirror_coat.wav', 14),
(97, 55, '22.9', 33, 2400, 3, 'aerial_ace.wav', 3),
(98, 80, '22.9', 50, 3600, 2, 'bulldoze.wav', 5),
(99, 50, '22.7', 33, 2200, 3, 'night_slash.wav', 17),
(100, 80, '22.5', 50, 3550, 2, 'aurora_beam.wav', 15),
(101, 60, '22.2', 50, 2700, 2, 'flame_wheel.wav', 10),
(102, 60, '22.2', 50, 2700, 2, 'air_cutter.wav', 3),
(103, 70, '21.9', 50, 3200, 2, 'psybeam.wav', 14),
(104, 70, '21.9', 50, 3200, 2, 'rock_tomb.wav', 6),
(105, 70, '21.9', 50, 3200, 2, 'water_pulse.wav', 11),
(106, 70, '21.9', 33, 3200, 3, 'crunch.wav', 17),
(107, 50, '21.7', 33, 2300, 3, 'ominus_wind.wav', 8),
(108, 80, '21.6', 50, 3700, 2, 'scald.wav', 11),
(109, 40, '21.6', 33, 1850, 3, 'horn_attack.wav', 1),
(110, 60, '21.4', 50, 2800, 2, 'swift.wav', 1),
(111, 100, '21.3', 50, 4700, 2, 'dig.wav', 5),
(112, 40, '21.1', 33, 1900, 3, 'low_sweep.wav', 2),
(113, 60, '20.7', 33, 2900, 3, 'wrap.wav', 1),
(114, 35, '20.6', 33, 1700, 3, 'poison_fang.wav', 4),
(115, 70, '20.0', 33, 3500, 3, 'ancient_power.wav', 6),
(116, 80, '20.0', 50, 4000, 2, 'sand_tomb.wav', 5),
(117, 70, '18.9', 33, 3700, 3, 'silver_wind.wav', 7),
(118, 35, '18.4', 33, 1900, 3, 'vice_grip.wav', 1),
(119, 70, '18.4', 33, 3800, 3, 'flame_charge.wav', 10),
(120, 60, '18.2', 33, 3300, 3, 'icy_wind.wav', 15),
(121, 70, '17.9', 33, 3900, 3, 'disarming_voice.wav', 18),
(122, 70, '17.5', 50, 4000, 2, 'psycho_boost.wav', 14),
(123, 45, '17.3', 33, 2600, 3, 'aqua_jet.wav', 11),
(124, 50, '17.2', 33, 2900, 3, 'shadow_sneak.wav', 8),
(125, 45, '16.1', 33, 2800, 3, 'twister.wav', 16),
(126, 35, '15.9', 33, 2200, 3, 'struggle.wav', 1),
(127, 45, '14.5', 33, 3100, 3, 'leaf_tornado.wav', 12),
(128, 20, '6.7', 50, 3000, 2, 'acid_spray.wav', 4),
(129, 0, '0.0', 0, 0, 0, 'morphing.wav', 1),
(130, 50, '22.7', 33, 2200, 3, 'muddy_water.wav', 11),
(131, 130, '41.9', 100, 3100, 1, 'skull_bash.wav', 1);

-- --------------------------------------------------------

--
-- Structure de la table `mainmove_name`
--

CREATE TABLE `mainmove_name` (
  `mainmove_id` int(3) UNSIGNED DEFAULT NULL,
  `lang` varchar(3) COLLATE utf8mb4_unicode_ci DEFAULT NULL,
  `name` varchar(20) COLLATE utf8mb4_unicode_ci DEFAULT NULL
) ENGINE=InnoDB DEFAULT CHARSET=utf8mb4 COLLATE=utf8mb4_unicode_ci;

--
-- Déchargement des données de la table `mainmove_name`
--

INSERT INTO `mainmove_name` (`mainmove_id`, `lang`, `name`) VALUES
(1, 'fr', 'Onde Originelle'),
(1, 'en', 'Origin Pulse'),
(2, 'fr', 'Lame Pangéenne'),
(2, 'en', 'Precipice Blades'),
(3, 'fr', 'Hydroblast'),
(3, 'en', 'Hydro Cannon'),
(4, 'fr', 'Carnareket'),
(4, 'en', 'Doom Desire'),
(5, 'fr', 'Rapace'),
(5, 'en', 'Brave Bird'),
(6, 'fr', 'Prescience'),
(6, 'en', 'Future Sight'),
(7, 'fr', 'Lame de Roc'),
(7, 'en', 'Stone Edge'),
(8, 'fr', 'Close Combat'),
(8, 'en', 'Close Combat'),
(9, 'fr', 'Tempête Florale'),
(9, 'en', 'Petal Blizzard'),
(10, 'fr', 'Blizzard'),
(10, 'en', 'Blizzard'),
(11, 'fr', 'Détricanon'),
(11, 'en', 'Gunk Shot'),
(12, 'fr', 'Fatal-Foudre'),
(12, 'en', 'Thunder'),
(13, 'fr', 'Draco Météore'),
(13, 'en', 'Draco Meteor'),
(14, 'fr', 'Mégacorne'),
(14, 'en', 'Megahorn'),
(15, 'fr', 'Vent Violent'),
(15, 'en', 'Hurricane'),
(16, 'fr', 'Exploforce'),
(16, 'en', 'Focus Blast'),
(17, 'fr', 'Piqué'),
(17, 'en', 'Sky Attack'),
(18, 'fr', 'Surchauffe'),
(18, 'en', 'Overheat'),
(19, 'fr', 'Ultralaser'),
(19, 'en', 'Hyper Beam'),
(20, 'fr', 'Hydrocanon'),
(20, 'en', 'Hydro Pump'),
(21, 'fr', 'Végé-Attack'),
(21, 'en', 'Frenzy Plant'),
(22, 'fr', 'Poing Météore'),
(22, 'en', 'Meteor Mash'),
(23, 'fr', 'Surf'),
(23, 'en', 'Surf'),
(24, 'fr', 'élecanon'),
(24, 'en', 'Zap Cannon'),
(25, 'fr', 'Ball\'Météo'),
(25, 'en', 'Weather Ball'),
(26, 'fr', 'Ball\'Météo'),
(26, 'en', 'Weather Ball'),
(27, 'fr', 'Ball\'Météo'),
(27, 'en', 'Weather Ball'),
(28, 'fr', 'Ball\'Météo'),
(28, 'en', 'Weather Ball'),
(29, 'fr', 'Blaze Kick'),
(29, 'en', 'Blaze Kick'),
(30, 'fr', 'Luminocanon'),
(30, 'en', 'Flash Cannon'),
(31, 'fr', 'Lance-Soleil'),
(31, 'en', 'Solar Beam'),
(32, 'fr', 'Psyko'),
(32, 'en', 'Psychic'),
(33, 'fr', 'Tricherie'),
(33, 'en', 'Foul Play'),
(34, 'fr', 'Bomb-Beurk'),
(34, 'en', 'Sludge Bomb'),
(35, 'fr', 'Mégafouet'),
(35, 'en', 'Power Whip'),
(36, 'fr', 'éclair Fou'),
(36, 'en', 'Wild Charge'),
(37, 'fr', 'Noeud Herbe'),
(37, 'en', 'Grass Knot'),
(38, 'fr', 'Cradovague'),
(38, 'en', 'Sludge Wave'),
(39, 'fr', 'Coup-Croix'),
(39, 'en', 'Cross Chop'),
(40, 'fr', 'Séisme'),
(40, 'en', 'Earthquake'),
(41, 'fr', 'Ball\'Ombre'),
(41, 'en', 'Shadow Ball'),
(42, 'fr', 'Pouvoir Lunaire'),
(42, 'en', 'Moonblast'),
(43, 'fr', 'Déflagration'),
(43, 'en', 'Fire Blast'),
(44, 'fr', 'Dynamopoing'),
(44, 'en', 'Dynamic Punch'),
(45, 'fr', 'Avalanche'),
(45, 'en', 'Avalanche'),
(46, 'fr', 'Tacle Lourd'),
(46, 'en', 'Heavy Slam'),
(47, 'fr', 'Rafale Feu'),
(47, 'en', 'Blast Burn'),
(48, 'fr', 'écrasement'),
(48, 'en', 'Stomp'),
(49, 'fr', 'Tonnerre'),
(49, 'en', 'Thunderbolt'),
(50, 'fr', 'Croc de Mort'),
(50, 'en', 'Hyper Fang'),
(51, 'fr', 'Lance-Flammes'),
(51, 'en', 'Flamethrower'),
(52, 'fr', 'Canicule'),
(52, 'en', 'Heat Wave'),
(53, 'fr', 'Tête de fer'),
(53, 'en', 'Iron Head'),
(54, 'fr', 'Câlinerie'),
(54, 'en', 'Play Rough'),
(55, 'fr', 'Dernier Recours'),
(55, 'en', 'Last Resort'),
(56, 'fr', 'éboulement'),
(56, 'en', 'Rock Slide'),
(57, 'fr', 'Dracogriffe'),
(57, 'en', 'Dragon Claw'),
(58, 'fr', 'Lame-Feuille'),
(58, 'en', 'Leaf Blade'),
(59, 'fr', 'Tunnelier'),
(59, 'en', 'Drill Run'),
(60, 'fr', 'éclat Magique'),
(60, 'en', 'Dazzling Gleam'),
(61, 'fr', 'Colère'),
(61, 'en', 'Outrage'),
(62, 'fr', 'Plaie-Croix'),
(62, 'en', 'X-Scissor'),
(63, 'fr', 'Telluriforce'),
(63, 'en', 'Earth Power'),
(64, 'fr', 'Rayon Gemme'),
(64, 'en', 'Power Gem'),
(65, 'fr', 'Laser Glace'),
(65, 'en', 'Ice Beam'),
(66, 'fr', 'Sacrifice'),
(66, 'en', 'Submission'),
(67, 'fr', 'Rebondifeu'),
(67, 'en', 'Flame Burst'),
(68, 'fr', 'Vibroscur'),
(68, 'en', 'Dark Pulse'),
(69, 'fr', 'Poison-Croix'),
(69, 'en', 'Cross Poison'),
(70, 'fr', 'Poing-Glace'),
(70, 'en', 'Ice Punch'),
(71, 'fr', 'Hydroqueue'),
(71, 'en', 'Aqua Tail'),
(72, 'fr', 'Plaquage'),
(72, 'en', 'Body Slam'),
(73, 'fr', 'Canon Graine'),
(73, 'en', 'Seed Bomb'),
(74, 'fr', 'Bec Vrille'),
(74, 'en', 'Drill Peck'),
(75, 'fr', 'Saumure'),
(75, 'en', 'Brine'),
(76, 'fr', 'Coup d\'Jus'),
(76, 'en', 'Discharge'),
(77, 'fr', 'Rayon Signal'),
(77, 'en', 'Signal Beam'),
(78, 'fr', 'Bombaimant'),
(78, 'en', 'Magnet Bomb'),
(79, 'fr', 'Poing-éclair'),
(79, 'en', 'Thunder Punch'),
(80, 'fr', 'Dracochoc'),
(80, 'en', 'Dragon Pulse'),
(81, 'fr', 'Massd\'Os'),
(81, 'en', 'Bone Club'),
(82, 'fr', 'Poing de Feu'),
(82, 'en', 'Fire Punch'),
(83, 'fr', 'Casse-Brique'),
(83, 'en', 'Brick Break'),
(84, 'fr', 'Poing Boost'),
(84, 'en', 'Power Up Punch'),
(85, 'fr', 'Bourdon'),
(85, 'en', 'Bug Buzz'),
(86, 'fr', 'Gyroballe'),
(86, 'en', 'Gyro Ball'),
(87, 'fr', 'Choc Psy'),
(87, 'en', 'Psyshock'),
(88, 'fr', 'Boue-Bombe'),
(88, 'en', 'Mud Bomb'),
(89, 'fr', 'Détritus'),
(89, 'en', 'Sludge'),
(90, 'fr', 'Boule Roc'),
(90, 'en', 'Rock Blast'),
(91, 'fr', 'Bulles d\'O'),
(91, 'en', 'Bubble Beam'),
(92, 'fr', 'Poing Ombre'),
(92, 'en', 'Shadow Punch'),
(93, 'fr', 'Vampibaiser'),
(93, 'en', 'Draining Kiss'),
(94, 'fr', 'Ombre Nocturne'),
(94, 'en', 'Night Shade'),
(95, 'fr', 'éco-Sphère'),
(95, 'en', 'Energy Ball'),
(96, 'fr', 'Voile Miroir'),
(96, 'en', 'Mirror Coat'),
(97, 'fr', 'Aéropique'),
(97, 'en', 'Aerial Ace'),
(98, 'fr', 'Piétisol'),
(98, 'en', 'Bulldoze'),
(99, 'fr', 'Tranche-Nuit'),
(99, 'en', 'Night Slash'),
(100, 'fr', 'Onde Boréale'),
(100, 'en', 'Aurora Beam'),
(101, 'fr', 'Roue de Feu'),
(101, 'en', 'Flame Wheel'),
(102, 'fr', 'Tranch\'Air'),
(102, 'en', 'Air Cutter'),
(103, 'fr', 'Rafale Psy'),
(103, 'en', 'Psybeam'),
(104, 'fr', 'Tomberoche'),
(104, 'en', 'Rock Tomb'),
(105, 'fr', 'Vibraqua'),
(105, 'en', 'Water Pulse'),
(106, 'fr', 'Mâchouille'),
(106, 'en', 'Crunch'),
(107, 'fr', 'Vent Mauvais'),
(107, 'en', 'Ominous Wind'),
(108, 'fr', 'ébulition'),
(108, 'en', 'Scald'),
(109, 'fr', 'Koud\'Korne'),
(109, 'en', 'Horn Attack'),
(110, 'fr', 'Météores'),
(110, 'en', 'Swift'),
(111, 'fr', 'Tunnel'),
(111, 'en', 'Dig'),
(112, 'fr', 'Balayette'),
(112, 'en', 'Low Sweep'),
(113, 'fr', 'Ligotage'),
(113, 'en', 'Wrap'),
(114, 'fr', 'Crochet Venin'),
(114, 'en', 'Poison Fang'),
(115, 'fr', 'Pouvoir Antique'),
(115, 'en', 'Ancient Power'),
(116, 'fr', 'Tourbi-Sable'),
(116, 'en', 'Sand Tomb'),
(117, 'fr', 'Vent Argenté'),
(117, 'en', 'Silver Wind'),
(118, 'fr', 'Force Poigne'),
(118, 'en', 'Vice Grip'),
(119, 'fr', 'Nitrocharge'),
(119, 'en', 'Flame Charge'),
(120, 'fr', 'Vent Glace'),
(120, 'en', 'Icy Wind'),
(121, 'fr', 'Voix Enjôleuse'),
(121, 'en', 'Disarming Voice'),
(122, 'fr', 'Psycho Boost'),
(122, 'en', 'Psycho Boost'),
(123, 'fr', 'Aqua-Jet'),
(123, 'en', 'Aqua Jet'),
(124, 'fr', 'Ombre Portée'),
(124, 'en', 'Shadow Sneak'),
(125, 'fr', 'Ouragan'),
(125, 'en', 'Twister'),
(126, 'fr', 'Lutte'),
(126, 'en', 'Struggle'),
(127, 'fr', 'Phytomixeur'),
(127, 'en', 'Leaf Tornado'),
(128, 'fr', 'Bombe Acide'),
(128, 'en', 'Acid Spray'),
(129, 'fr', 'Morphing'),
(129, 'en', 'Transform'),
(130, 'fr', 'Ocroupi'),
(130, 'en', 'Muddy Water'),
(131, 'fr', 'Coud\'Krâne'),
(131, 'en', 'Skull Bash');

-- --------------------------------------------------------

--
-- Structure de la table `pokeball`
--

CREATE TABLE `pokeball` (
  `id` int(3) UNSIGNED NOT NULL,
  `generation` int(2) UNSIGNED DEFAULT NULL,
  `name` varchar(20) COLLATE utf8mb4_unicode_ci DEFAULT NULL,
  `img` varchar(20) COLLATE utf8mb4_unicode_ci DEFAULT NULL
) ENGINE=InnoDB DEFAULT CHARSET=utf8mb4 COLLATE=utf8mb4_unicode_ci;

--
-- Déchargement des données de la table `pokeball`
--

INSERT INTO `pokeball` (`id`, `generation`, `name`, `img`) VALUES
(1, 1, 'poke ball', 'pokeball.png'),
(2, 1, 'super ball', 'superball.png'),
(3, 1, 'hyper ball', 'hyperball.png'),
(4, 1, 'master ball', 'masterball.png'),
(5, 1, 'safari ball', 'safariball.png'),
(6, 2, 'speed ball', 'speedball.png'),
(7, 2, 'lure ball', 'lureball.png'),
(8, 2, 'level ball', 'levelball.png'),
(9, 2, 'heavy ball', 'heavyball.png'),
(10, 2, 'love ball', 'loveball.png'),
(11, 2, 'friend ball', 'friendball.png'),
(12, 2, 'moon ball', 'moonball.png'),
(13, 2, 'sport ball', 'sportball.png'),
(14, 3, 'honor ball', 'honorball.png'),
(15, 3, 'net ball', 'netball.png'),
(16, 3, 'repeat ball', 'repeatball.png'),
(17, 3, 'dive ball', 'diveball.png'),
(18, 3, 'luxury ball', 'luxuryball.png'),
(19, 3, 'timer ball', 'timerball.png'),
(20, 3, 'nestball', 'nestball.png'),
(21, 4, 'heal ball', 'healball.png'),
(22, 4, 'dusk ball', 'duskball.png'),
(23, 4, 'quick ball', 'quickball.png'),
(24, 4, 'park ball', 'parkball.png'),
(25, 4, 'cherish ball', 'cherishball.png'),
(26, 5, 'dream ball', 'dreamball.png'),
(27, 7, 'ultra ball', 'ultraball.png');

-- --------------------------------------------------------

--
-- Structure de la table `pokedex`
--

CREATE TABLE `pokedex` (
  `id` int(2) UNSIGNED NOT NULL,
  `name` varchar(10) COLLATE utf8mb4_unicode_ci DEFAULT NULL
) ENGINE=InnoDB DEFAULT CHARSET=utf8mb4 COLLATE=utf8mb4_unicode_ci;

--
-- Déchargement des données de la table `pokedex`
--

INSERT INTO `pokedex` (`id`, `name`) VALUES
(1, 'Kanto'),
(2, 'Johto'),
(3, 'Hoenn'),
(4, 'Sinnoh'),
(5, 'unys'),
(6, 'kalos'),
(7, 'alola');

-- --------------------------------------------------------

--
-- Structure de la table `pokemon`
--

CREATE TABLE `pokemon` (
  `id` int(4) UNSIGNED NOT NULL,
  `attack` int(3) UNSIGNED DEFAULT NULL,
  `attack_spe` int(3) UNSIGNED DEFAULT NULL,
  `base_experience` int(3) UNSIGNED DEFAULT NULL,
  `base_happiness` int(3) UNSIGNED DEFAULT NULL,
  `buddy_walk` int(2) UNSIGNED DEFAULT NULL,
  `capture_rate` int(5) UNSIGNED DEFAULT NULL,
  `defense` int(3) UNSIGNED DEFAULT NULL,
  `defense_spe` int(3) UNSIGNED DEFAULT NULL,
  `escape_rate` int(4) UNSIGNED DEFAULT NULL,
  `evolve` int(4) UNSIGNED DEFAULT NULL,
  `go_attack` int(3) UNSIGNED DEFAULT NULL,
  `go_defense` int(3) UNSIGNED DEFAULT NULL,
  `go_hp` int(4) UNSIGNED DEFAULT NULL,
  `go_pc` int(4) UNSIGNED DEFAULT NULL,
  `go_stamina` int(4) UNSIGNED DEFAULT NULL,
  `height` decimal(5,2) UNSIGNED DEFAULT NULL,
  `hp` int(4) UNSIGNED DEFAULT NULL,
  `image` varchar(20) COLLATE utf8mb4_unicode_ci DEFAULT NULL,
  `order` int(4) UNSIGNED DEFAULT NULL,
  `pokedex` int(2) UNSIGNED DEFAULT NULL,
  `scream` varchar(20) COLLATE utf8mb4_unicode_ci DEFAULT NULL,
  `speed` int(4) UNSIGNED DEFAULT NULL,
  `weight` decimal(5,2) UNSIGNED DEFAULT NULL
) ENGINE=InnoDB DEFAULT CHARSET=utf8mb4 COLLATE=utf8mb4_unicode_ci;

--
-- Déchargement des données de la table `pokemon`
--

INSERT INTO `pokemon` (`id`, `attack`, `attack_spe`, `base_experience`, `base_happiness`, `buddy_walk`, `capture_rate`, `defense`, `defense_spe`, `escape_rate`, `evolve`, `go_attack`, `go_defense`, `go_hp`, `go_pc`, `go_stamina`, `height`, `hp`, `image`, `order`, `pokedex`, `scream`, `speed`, `weight`) VALUES
(1, 49, 65, 64, 70, 3, 20, 49, 65, 10, 1, 118, 111, 111, 1115, 128, '0.70', 45, '001.png', 1, 1, 'pv001.wav', 45, '6.90'),
(2, 62, 80, 142, 70, 3, 10, 63, 80, 7, 1, 151, 143, 132, 1699, 155, '1.00', 60, '002.png', 2, 1, 'pv002.wav', 60, '13.00'),
(3, 82, 100, 236, 70, 3, 5, 83, 100, 5, 1, 198, 189, 160, 2720, 190, '2.00', 80, '003.png', 3, 1, 'pv003.wav', 80, '100.00'),
(4, 52, 60, 62, 70, 3, 20, 43, 50, 10, 2, 116, 93, 103, 980, 118, '0.60', 39, '004.png', 4, 1, 'pv004.wav', 65, '8.50'),
(5, 64, 80, 142, 70, 3, 10, 58, 65, 7, 2, 158, 126, 129, 1653, 151, '1.10', 58, '005.png', 5, 1, 'pv005.wav', 80, '19.00'),
(6, 84, 109, 240, 70, 3, 5, 78, 85, 5, 2, 223, 173, 157, 2889, 186, '1.70', 78, '006.png', 6, 1, 'pv006.wav', 100, '90.50'),
(7, 48, 50, 63, 70, 3, 20, 65, 64, 10, 3, 94, 121, 111, 946, 127, '0.50', 44, '007.png', 7, 1, 'pv007.wav', 43, '9.00'),
(8, 63, 65, 142, 70, 3, 10, 80, 80, 7, 3, 126, 155, 131, 1488, 153, '1.00', 59, '008.png', 8, 1, 'pv008.wav', 58, '22.50'),
(9, 83, 85, 239, 70, 3, 5, 100, 105, 5, 3, 171, 207, 158, 2466, 188, '1.60', 79, '009.png', 9, 1, 'pv009.wav', 78, '85.50'),
(10, 30, 20, 39, 70, 1, 50, 35, 20, 20, 4, 55, 55, 111, 437, 128, '0.30', 45, '010.png', 10, 1, 'pv010.wav', 45, '2.90'),
(11, 20, 25, 72, 70, 1, 25, 55, 25, 9, 4, 45, 80, 118, 450, 137, '0.70', 50, '011.png', 11, 1, 'pv011.wav', 30, '9.90'),
(12, 45, 90, 178, 70, 1, 13, 50, 80, 6, 4, 167, 137, 132, 1827, 155, '1.10', 60, '012.png', 12, 1, 'pv012.wav', 70, '32.00'),
(13, 35, 20, 39, 70, 1, 50, 30, 20, 20, 5, 63, 50, 105, 456, 120, '0.30', 40, '013.png', 13, 1, 'pv013.wav', 50, '3.20'),
(14, 25, 25, 72, 70, 1, 25, 50, 25, 29, 5, 46, 75, 111, 432, 128, '0.60', 45, '014.png', 14, 1, 'pv014.wav', 35, '10.00'),
(15, 90, 45, 178, 70, 1, 13, 40, 80, 6, 5, 169, 130, 139, 1846, 163, '1.00', 65, '015.png', 15, 1, 'pv015.wav', 75, '29.50'),
(16, 45, 35, 50, 70, 1, 50, 40, 35, 20, 6, 85, 73, 105, 680, 120, '0.30', 40, '016.png', 16, 1, 'pv016.wav', 56, '1.80'),
(17, 60, 50, 122, 70, 1, 25, 55, 50, 9, 6, 117, 105, 136, 1194, 160, '1.10', 63, '017.png', 17, 1, 'pv017.wav', 71, '30.00'),
(18, 80, 70, 216, 70, 1, 13, 75, 70, 6, 6, 166, 154, 164, 2129, 195, '1.50', 83, '018.png', 18, 1, 'pv018.wav', 101, '39.50'),
(19, 56, 25, 51, 70, 1, 50, 35, 35, 20, 7, 103, 70, 91, 734, 102, '0.30', 30, '019.png', 19, 1, 'pv019.wav', 72, '3.50'),
(20, 81, 50, 145, 70, 1, 20, 60, 70, 7, 7, 161, 139, 125, 1730, 146, '0.70', 55, '020.png', 20, 1, 'pv020.wav', 97, '18.50'),
(21, 60, 31, 52, 70, 1, 50, 30, 31, 15, 8, 112, 60, 105, 798, 120, '0.30', 40, '021.png', 21, 1, 'pv021.wav', 70, '2.00'),
(22, 90, 61, 155, 70, 1, 20, 65, 61, 7, 8, 182, 133, 139, 1997, 163, '1.20', 65, '022.png', 22, 1, 'pv022.wav', 100, '38.00'),
(23, 60, 40, 58, 70, 3, 50, 44, 54, 15, 9, 110, 97, 98, 927, 111, '2.00', 35, '023.png', 23, 1, 'pv023.wav', 55, '6.90'),
(24, 95, 65, 157, 70, 3, 20, 69, 79, 7, 9, 167, 153, 132, 1921, 155, '3.50', 60, '024.png', 24, 1, 'pv024.wav', 80, '65.00'),
(25, 55, 50, 112, 70, 1, 20, 40, 50, 10, 10, 112, 96, 98, 938, 111, '0.40', 35, '025.png', 26, 1, 'pv025.wav', 90, '6.00'),
(26, 90, 90, 218, 70, 1, 10, 55, 80, 6, 10, 193, 151, 132, 2182, 155, '0.80', 60, '026.png', 27, 1, 'pv026.wav', 110, '30.00'),
(27, 75, 20, 60, 70, 3, 50, 85, 30, 10, 11, 126, 120, 118, 1261, 137, '0.60', 50, '027.png', 28, 1, 'pv027.wav', 40, '12.00'),
(28, 100, 45, 158, 70, 3, 20, 110, 55, 6, 11, 182, 175, 153, 2374, 181, '1.00', 75, '028.png', 29, 1, 'pv028.wav', 65, '29.50'),
(29, 47, 40, 55, 70, 3, 50, 52, 40, 15, 12, 86, 89, 125, 816, 146, '0.40', 55, '029.png', 30, 1, 'pv029.wav', 41, '7.00'),
(30, 62, 55, 128, 70, 3, 25, 67, 55, 7, 12, 117, 120, 146, 1309, 172, '0.80', 70, '030.png', 31, 1, 'pv030.wav', 56, '20.00'),
(31, 92, 75, 227, 70, 3, 13, 87, 85, 5, 12, 180, 173, 173, 2488, 207, '1.30', 90, '031.png', 32, 1, 'pv031.wav', 76, '60.00'),
(32, 57, 40, 55, 70, 3, 50, 40, 40, 15, 13, 105, 76, 113, 860, 130, '0.50', 46, '032.png', 33, 1, 'pv032.wav', 50, '9.00'),
(33, 72, 55, 128, 70, 3, 25, 57, 55, 7, 13, 137, 111, 133, 1393, 156, '0.90', 61, '033.png', 34, 1, 'pv033.wav', 65, '19.50'),
(34, 102, 85, 227, 70, 3, 13, 77, 75, 5, 13, 204, 156, 161, 2567, 191, '1.40', 81, '034.png', 35, 1, 'pv034.wav', 85, '62.00'),
(35, 45, 60, 113, 140, 1, 30, 48, 65, 10, 14, 107, 108, 146, 1155, 172, '0.60', 70, '035.png', 37, 1, 'pv035.wav', 35, '7.50'),
(36, 70, 95, 217, 140, 1, 10, 73, 90, 6, 14, 178, 162, 180, 2437, 216, '1.30', 95, '036.png', 38, 1, 'pv036.wav', 60, '40.00'),
(37, 41, 50, 60, 70, 3, 30, 40, 65, 10, 15, 96, 109, 102, 883, 116, '0.60', 38, '037.png', 39, 1, 'pv037.wav', 65, '9.90'),
(38, 76, 81, 177, 70, 3, 10, 75, 100, 6, 15, 169, 190, 150, 2279, 177, '1.10', 73, '038.png', 40, 1, 'pv038.wav', 100, '19.90'),
(39, 45, 45, 95, 70, 1, 50, 20, 25, 10, 16, 80, 41, 207, 724, 251, '0.50', 115, '039.png', 42, 1, 'pv039.wav', 20, '5.50'),
(40, 70, 85, 196, 70, 1, 20, 45, 50, 6, 16, 156, 90, 242, 1926, 295, '1.00', 140, '040.png', 43, 1, 'pv040.wav', 45, '12.00'),
(41, 45, 30, 49, 70, 1, 50, 35, 40, 20, 17, 83, 73, 105, 667, 120, '0.80', 40, '041.png', 44, 1, 'pv041.wav', 55, '7.50'),
(42, 80, 65, 159, 70, 1, 20, 70, 75, 7, 17, 161, 150, 153, 1976, 181, '1.60', 75, '042.png', 45, 1, 'pv042.wav', 90, '55.00'),
(43, 50, 75, 64, 70, 3, 60, 55, 65, 15, 18, 131, 112, 111, 1228, 128, '0.50', 45, '043.png', 47, 1, 'pv043.wav', 30, '5.40'),
(44, 65, 85, 138, 70, 3, 30, 70, 75, 7, 18, 153, 136, 132, 1681, 155, '0.80', 60, '044.png', 48, 1, 'pv044.wav', 40, '8.60'),
(45, 80, 110, 221, 70, 3, 15, 85, 90, 5, 18, 202, 167, 153, 2559, 181, '1.20', 75, '045.png', 49, 1, 'pv045.wav', 50, '18.60'),
(46, 70, 45, 57, 70, 3, 40, 55, 55, 15, 19, 121, 99, 98, 1018, 111, '0.30', 35, '046.png', 51, 1, 'pv046.wav', 25, '5.40'),
(47, 95, 60, 142, 70, 3, 20, 80, 80, 7, 19, 165, 146, 132, 1859, 155, '1.00', 60, '047.png', 52, 1, 'pv047.wav', 30, '29.50'),
(48, 55, 40, 61, 70, 3, 50, 50, 55, 15, 20, 100, 100, 132, 1004, 155, '1.00', 60, '048.png', 53, 1, 'pv048.wav', 45, '30.00'),
(49, 65, 90, 158, 70, 3, 20, 60, 75, 7, 20, 179, 143, 146, 2082, 172, '1.50', 70, '049.png', 54, 1, 'pv049.wav', 90, '12.50'),
(50, 55, 35, 53, 70, 3, 50, 25, 45, 10, 21, 109, 78, 64, 676, 67, '0.20', 10, '050.png', 55, 1, 'pv050.wav', 95, '0.80'),
(51, 100, 50, 149, 70, 3, 20, 50, 70, 6, 21, 167, 134, 98, 1557, 111, '0.70', 35, '051.png', 56, 1, 'pv051.wav', 120, '33.30'),
(52, 45, 40, 58, 70, 3, 50, 35, 40, 15, 22, 92, 78, 105, 748, 120, '0.40', 40, '052.png', 57, 1, 'pv052.wav', 90, '4.20'),
(53, 70, 65, 154, 70, 3, 20, 60, 65, 7, 22, 150, 136, 139, 1689, 163, '1.00', 65, '053.png', 58, 1, 'pv053.wav', 115, '32.00'),
(54, 52, 65, 64, 70, 3, 50, 48, 50, 10, 23, 122, 95, 118, 1106, 137, '0.80', 50, '054.png', 59, 1, 'pv054.wav', 55, '19.60'),
(55, 82, 95, 175, 70, 3, 20, 78, 80, 6, 23, 191, 162, 160, 2450, 190, '1.70', 80, '055.png', 60, 1, 'pv055.wav', 85, '76.60'),
(56, 80, 35, 61, 70, 3, 50, 35, 45, 10, 24, 148, 82, 105, 1164, 120, '0.50', 40, '056.png', 61, 1, 'pv056.wav', 70, '28.00'),
(57, 105, 60, 159, 70, 3, 20, 60, 70, 6, 24, 207, 138, 139, 2288, 163, '1.00', 65, '057.png', 62, 1, 'pv057.wav', 95, '32.00'),
(58, 70, 70, 70, 70, 3, 30, 45, 50, 10, 26, 136, 93, 125, 1243, 146, '0.70', 55, '058.png', 63, 1, 'pv058.wav', 60, '19.00'),
(59, 110, 100, 194, 70, 3, 10, 80, 80, 6, 26, 227, 166, 173, 2029, 207, '1.90', 90, '059.png', 64, 1, 'pv059.wav', 95, '155.00'),
(60, 50, 40, 60, 70, 3, 50, 40, 40, 15, 27, 101, 82, 105, 829, 120, '0.60', 40, '060.png', 65, 1, 'pv060.wav', 90, '12.40'),
(61, 65, 50, 135, 70, 3, 25, 65, 50, 7, 27, 130, 123, 139, 1419, 163, '1.00', 65, '061.png', 66, 1, 'pv061.wav', 90, '20.00'),
(62, 95, 70, 230, 70, 3, 13, 95, 90, 5, 27, 182, 184, 173, 2586, 207, '1.30', 90, '062.png', 67, 1, 'pv062.wav', 70, '54.00'),
(63, 20, 105, 62, 70, 3, 50, 15, 55, 99, 28, 195, 82, 84, 1342, 93, '0.90', 25, '063.png', 69, 1, 'pv063.wav', 90, '19.50'),
(64, 35, 120, 140, 70, 3, 25, 30, 70, 7, 28, 232, 117, 105, 2059, 120, '1.30', 40, '064.png', 70, 1, 'pv064.wav', 105, '56.50'),
(65, 50, 135, 225, 70, 3, 10, 45, 95, 5, 28, 271, 167, 125, 3057, 146, '1.50', 55, '065.png', 71, 1, 'pv065.wav', 120, '48.00'),
(66, 80, 35, 61, 70, 3, 50, 50, 35, 10, 29, 137, 82, 146, 1278, 172, '0.80', 70, '066.png', 72, 1, 'pv066.wav', 35, '19.50'),
(67, 100, 50, 142, 70, 3, 25, 70, 60, 7, 29, 177, 125, 160, 2031, 190, '1.50', 80, '067.png', 73, 1, 'pv067.wav', 45, '70.50'),
(68, 130, 65, 227, 70, 3, 10, 80, 85, 5, 29, 234, 159, 173, 3056, 207, '1.60', 90, '068.png', 74, 1, 'pv068.wav', 55, '130.00'),
(69, 75, 70, 60, 70, 3, 50, 35, 30, 15, 30, 139, 61, 118, 1033, 137, '0.70', 50, '069.png', 75, 1, 'pv069.wav', 40, '4.00'),
(70, 90, 85, 137, 70, 3, 25, 50, 45, 7, 30, 172, 92, 139, 1611, 163, '1.00', 65, '070.png', 76, 1, 'pv070.wav', 55, '6.40'),
(71, 105, 100, 221, 70, 3, 13, 65, 70, 5, 30, 207, 135, 160, 2431, 190, '1.70', 80, '071.png', 77, 1, 'pv071.wav', 70, '15.50'),
(72, 40, 50, 67, 70, 3, 50, 35, 100, 15, 31, 97, 149, 105, 1040, 120, '0.90', 40, '072.png', 78, 1, 'pv072.wav', 70, '45.50'),
(73, 70, 80, 180, 70, 3, 20, 65, 120, 7, 31, 166, 209, 160, 2422, 190, '1.60', 80, '073.png', 79, 1, 'pv073.wav', 100, '55.00'),
(74, 80, 30, 60, 70, 1, 50, 100, 30, 10, 32, 132, 132, 105, 1293, 120, '0.40', 40, '074.png', 80, 1, 'pv074.wav', 20, '20.00'),
(75, 95, 45, 137, 70, 1, 25, 115, 45, 7, 32, 164, 164, 125, 1897, 146, '1.00', 55, '075.png', 81, 1, 'pv075.wav', 35, '105.00'),
(76, 120, 55, 223, 70, 1, 13, 130, 65, 5, 32, 211, 198, 160, 2949, 190, '1.40', 80, '076.png', 82, 1, 'pv076.wav', 45, '300.00'),
(77, 85, 65, 82, 70, 3, 40, 55, 65, 10, 33, 170, 127, 118, 1697, 137, '1.00', 50, '077.png', 83, 1, 'pv077.wav', 90, '30.00'),
(78, 100, 80, 175, 70, 3, 15, 70, 80, 6, 33, 207, 162, 139, 2461, 163, '1.70', 65, '078.png', 84, 1, 'pv078.wav', 105, '95.00'),
(79, 65, 40, 63, 70, 3, 50, 65, 40, 10, 34, 109, 98, 173, 1226, 207, '1.20', 90, '079.png', 85, 1, 'pv079.wav', 15, '36.00'),
(80, 75, 100, 172, 70, 3, 20, 110, 80, 6, 34, 177, 180, 180, 2545, 216, '1.60', 95, '080.png', 86, 1, 'pv080.wav', 30, '78.50'),
(81, 35, 95, 65, 70, 3, 50, 70, 55, 10, 35, 165, 121, 84, 1362, 93, '0.30', 25, '081.png', 88, 1, 'pv081.wav', 45, '6.00'),
(82, 60, 120, 163, 70, 3, 20, 95, 70, 6, 35, 223, 169, 118, 2485, 137, '1.00', 50, '082.png', 89, 1, 'pv082.wav', 70, '60.00'),
(83, 90, 58, 132, 70, 3, 30, 55, 62, 9, NULL, 124, 115, 121, 1236, 141, '0.80', 52, '083.png', 91, 1, 'pv083.wav', 60, '15.00'),
(84, 85, 35, 62, 70, 3, 50, 45, 35, 10, 36, 158, 83, 98, 1200, 111, '1.40', 35, '084.png', 92, 1, 'pv084.wav', 75, '39.20'),
(85, 110, 60, 165, 70, 3, 20, 70, 60, 6, 36, 218, 140, 132, 2362, 155, '1.80', 60, '085.png', 93, 1, 'pv085.wav', 110, '85.20'),
(86, 45, 45, 65, 70, 3, 50, 55, 70, 9, 37, 85, 121, 139, 971, 163, '1.10', 65, '086.png', 94, 1, 'pv086.wav', 45, '90.00'),
(87, 70, 70, 166, 70, 3, 20, 80, 95, 6, 37, 139, 177, 173, 1985, 207, '1.70', 90, '087.png', 95, 1, 'pv087.wav', 70, '120.00'),
(88, 80, 40, 65, 70, 3, 50, 50, 50, 10, 38, 135, 90, 160, 1374, 190, '0.90', 80, '088.png', 96, 1, 'pv088.wav', 25, '30.00'),
(89, 105, 65, 175, 70, 3, 20, 75, 100, 6, 38, 190, 172, 193, 2757, 233, '1.20', 105, '089.png', 97, 1, 'pv089.wav', 50, '30.00'),
(90, 65, 45, 61, 70, 3, 50, 100, 25, 10, 39, 116, 134, 91, 1080, 102, '0.30', 30, '090.png', 98, 1, 'pv090.wav', 40, '4.00'),
(91, 95, 85, 184, 70, 3, 20, 180, 45, 6, 39, 186, 256, 118, 2547, 137, '1.50', 50, '091.png', 99, 1, 'pv091.wav', 70, '132.50'),
(92, 35, 100, 62, 70, 5, 20, 30, 35, 9, 40, 186, 67, 91, 1229, 102, '8.80', 30, '092.png', 100, 1, 'pv092.wav', 80, '210.00'),
(93, 50, 115, 142, 70, 3, 20, 45, 55, 7, 40, 223, 107, 111, 1963, 128, '1.60', 45, '093.png', 101, 1, 'pv093.wav', 95, '0.10'),
(94, 65, 130, 225, 70, 3, 10, 60, 75, 5, 40, 261, 149, 132, 2878, 155, '1.50', 60, '094.png', 102, 1, 'pv094.wav', 110, '40.50'),
(95, 45, 30, 77, 70, 5, 20, 160, 45, 9, 41, 85, 232, 98, 1101, 111, '8.80', 35, '095.png', 103, 1, 'pv095.wav', 70, '210.00'),
(96, 48, 43, 66, 70, 3, 50, 45, 90, 10, 42, 89, 136, 132, 1040, 155, '1.00', 60, '096.png', 105, 1, 'pv096.wav', 42, '32.40'),
(97, 73, 73, 169, 70, 3, 20, 70, 115, 6, 42, 144, 193, 166, 2090, 198, '1.60', 85, '097.png', 106, 1, 'pv097.wav', 67, '75.60'),
(98, 105, 25, 65, 70, 3, 50, 90, 25, 15, 43, 181, 124, 91, 1561, 102, '0.40', 30, '098.png', 107, 1, 'pv098.wav', 50, '6.50'),
(99, 130, 50, 166, 70, 3, 20, 115, 50, 7, 43, 240, 181, 125, 2829, 146, '1.30', 55, '099.png', 108, 1, 'pv099.wav', 75, '60.00'),
(100, 30, 55, 66, 70, 3, 50, 50, 55, 10, 44, 109, 111, 105, 1010, 120, '0.50', 40, '100.png', 109, 1, 'pv100.wav', 100, '10.40'),
(101, 50, 80, 172, 70, 3, 20, 70, 80, 6, 44, 173, 173, 132, 2099, 155, '1.20', 60, '101.png', 110, 1, 'pv101.wav', 150, '66.60'),
(102, 40, 60, 65, 70, 3, 50, 80, 45, 10, 45, 107, 125, 132, 1175, 155, '0.40', 60, '102.png', 111, 1, 'pv102.wav', 40, '2.50'),
(103, 95, 125, 186, 70, 3, 20, 85, 75, 6, 45, 233, 149, 180, 3014, 216, '2.00', 95, '103.png', 112, 1, 'pv103.wav', 55, '120.00'),
(104, 50, 40, 64, 70, 3, 40, 95, 50, 10, 46, 90, 144, 118, 1019, 137, '0.40', 50, '104.png', 113, 1, 'pv104.wav', 35, '6.50'),
(105, 80, 50, 149, 70, 3, 15, 110, 80, 6, 46, 144, 186, 132, 1835, 155, '1.00', 60, '105.png', 114, 1, 'pv105.wav', 45, '45.00'),
(106, 120, 35, 159, 70, 5, 20, 53, 110, 9, 47, 224, 181, 118, 2576, 137, '1.50', 50, '106.png', 116, 1, 'pv106.wav', 87, '49.80'),
(107, 105, 35, 159, 70, 5, 20, 79, 110, 9, 47, 193, 197, 118, 2332, 137, '1.40', 50, '107.png', 117, 1, 'pv107.wav', 76, '50.20'),
(108, 55, 60, 77, 70, 3, 20, 75, 75, 9, 48, 108, 137, 173, 1411, 207, '1.20', 90, '108.png', 119, 1, 'pv108.wav', 30, '65.50'),
(109, 65, 60, 68, 70, 3, 50, 95, 45, 10, 49, 119, 141, 105, 1214, 120, '0.60', 40, '109.png', 121, 1, 'pv109.wav', 35, '1.00'),
(110, 90, 85, 172, 70, 3, 20, 120, 70, 6, 49, 174, 197, 139, 2293, 163, '1.20', 65, '110.png', 122, 1, 'pv110.wav', 60, '9.50'),
(111, 85, 30, 69, 70, 3, 50, 95, 30, 10, 50, 140, 127, 160, 1651, 190, '1.00', 80, '111.png', 123, 1, 'pv111.wav', 25, '115.00'),
(112, 130, 45, 170, 70, 3, 5, 120, 45, 6, 50, 222, 171, 193, 3179, 233, '1.90', 105, '112.png', 124, 1, 'pv112.wav', 40, '120.00'),
(113, 5, 35, 395, 140, 5, 20, 5, 105, 9, 51, 60, 128, 392, 1255, 487, '1.10', 250, '113.png', 127, 1, 'pv113.wav', 50, '34.60'),
(114, 55, 100, 87, 70, 3, 40, 115, 40, 9, 52, 183, 169, 139, 2238, 163, '1.00', 65, '114.png', 129, 1, 'pv114.wav', 60, '35.00'),
(115, 95, 40, 172, 70, 3, 20, 80, 80, 9, NULL, 181, 165, 193, 2586, 233, '2.20', 105, '115.png', 131, 1, 'pv115.wav', 90, '80.00'),
(116, 40, 70, 59, 70, 3, 50, 70, 25, 10, 53, 129, 103, 91, 1056, 102, '0.40', 30, '116.png', 132, 1, 'pv116.wav', 60, '8.00'),
(117, 65, 95, 154, 70, 3, 20, 95, 45, 6, 53, 187, 156, 125, 2093, 146, '1.20', 55, '117.png', 133, 1, 'pv117.wav', 85, '25.00'),
(118, 67, 35, 64, 70, 3, 50, 60, 50, 15, 54, 123, 110, 111, 1152, 128, '0.60', 45, '118.png', 135, 1, 'pv118.wav', 63, '15.00'),
(119, 92, 65, 158, 70, 3, 20, 65, 80, 7, 54, 175, 147, 160, 2162, 190, '1.30', 80, '119.png', 136, 1, 'pv119.wav', 68, '39.00'),
(120, 45, 70, 68, 70, 3, 50, 55, 55, 15, 55, 137, 112, 91, 1157, 102, '0.80', 30, '120.png', 137, 1, 'pv120.wav', 85, '34.50'),
(121, 75, 100, 182, 70, 3, 20, 85, 85, 6, 55, 210, 184, 132, 2584, 155, '1.10', 60, '121.png', 138, 1, 'pv121.wav', 115, '80.00'),
(122, 45, 100, 161, 70, 5, 30, 65, 120, 9, 56, 192, 205, 105, 2228, 120, '1.30', 40, '122.png', 140, 1, 'pv122.wav', 90, '54.50'),
(123, 110, 55, 100, 70, 5, 30, 80, 80, 9, 57, 218, 170, 146, 2706, 172, '1.50', 70, '123.png', 141, 1, 'pv123.wav', 105, '56.00'),
(124, 50, 115, 159, 70, 5, 30, 35, 95, 9, 58, 223, 151, 139, 2555, 163, '1.40', 65, '124.png', 144, 1, 'pv124.wav', 95, '40.60'),
(125, 83, 95, 172, 70, 5, 20, 57, 85, 9, 59, 198, 158, 139, 2334, 163, '1.10', 65, '125.png', 146, 1, 'pv125.wav', 105, '30.00'),
(126, 95, 100, 173, 70, 5, 20, 57, 85, 9, 60, 206, 154, 139, 2394, 163, '1.30', 65, '126.png', 149, 1, 'pv126.wav', 93, '44.50'),
(127, 125, 55, 175, 70, 5, 30, 100, 70, 9, NULL, 238, 182, 139, 2959, 163, '1.50', 65, '127.png', 151, 1, 'pv127.wav', 85, '55.00'),
(128, 100, 40, 172, 70, 3, 30, 95, 70, 9, NULL, 198, 183, 153, 2620, 181, '1.40', 75, '128.png', 152, 1, 'pv128.wav', 110, '88.40'),
(129, 10, 15, 40, 70, 1, 70, 55, 20, 15, 61, 29, 85, 78, 274, 85, '0.90', 20, '129.png', 153, 1, 'pv129.wav', 80, '10.00'),
(130, 125, 60, 189, 70, 1, 10, 79, 100, 7, 61, 237, 186, 180, 3391, 216, '6.50', 95, '130.png', 154, 1, 'pv130.wav', 81, '235.00'),
(131, 85, 85, 187, 70, 5, 5, 80, 95, 9, NULL, 165, 174, 228, 2641, 277, '2.50', 130, '131.png', 155, 1, 'pv131.wav', 60, '220.00'),
(132, 48, 48, 101, 70, 3, 20, 48, 48, 10, NULL, 91, 91, 116, 832, 134, '0.30', 48, '132.png', 156, 1, 'pv132.wav', 48, '4.00'),
(133, 55, 45, 65, 70, 5, 40, 50, 65, 10, 62, 104, 114, 125, 1071, 146, '0.30', 55, '133.png', 157, 1, 'pv133.wav', 55, '6.50'),
(134, 65, 110, 184, 70, 5, 13, 60, 95, 6, 62, 205, 161, 228, 3114, 277, '1.00', 130, '134.png', 158, 1, 'pv134.wav', 65, '29.00'),
(135, 65, 110, 184, 70, 5, 13, 60, 95, 6, 62, 232, 182, 139, 2888, 163, '0.80', 65, '135.png', 159, 1, 'pv135.wav', 130, '24.50'),
(136, 130, 95, 184, 70, 5, 13, 60, 110, 6, 62, 246, 179, 139, 3029, 163, '0.90', 65, '136.png', 160, 1, 'pv136.wav', 65, '25.00'),
(137, 60, 85, 79, 70, 3, 40, 70, 75, 9, 63, 153, 136, 139, 1720, 163, '0.80', 65, '137.png', 166, 1, 'pv137.wav', 40, '36.50'),
(138, 40, 90, 71, 70, 5, 40, 100, 55, 9, 64, 155, 153, 98, 1544, 111, '0.40', 35, '138.png', 169, 1, 'pv138.wav', 35, '7.50'),
(139, 60, 115, 173, 70, 5, 15, 125, 70, 5, 64, 207, 201, 146, 2786, 172, '1.00', 70, '139.png', 170, 1, 'pv139.wav', 55, '35.00'),
(140, 80, 55, 71, 70, 5, 40, 90, 45, 9, 65, 148, 140, 91, 1370, 102, '0.50', 30, '140.png', 171, 1, 'pv140.wav', 55, '11.50'),
(141, 115, 65, 173, 70, 5, 15, 105, 70, 5, 65, 220, 186, 132, 2713, 155, '1.30', 60, '141.png', 172, 1, 'pv141.wav', 80, '40.50'),
(142, 105, 60, 180, 70, 5, 20, 65, 75, 9, NULL, 221, 159, 160, 2783, 190, '1.80', 80, '142.png', 173, 1, 'pv142.wav', 130, '59.00'),
(143, 110, 65, 189, 70, 5, 5, 65, 110, 9, 66, 190, 169, 269, 3225, 330, '2.10', 160, '143.png', 175, 1, 'pv143.wav', 30, '460.00'),
(144, 85, 95, 261, 35, 20, 3, 100, 125, 10, NULL, 192, 236, 173, 3051, 207, '1.70', 90, '144.png', 176, 1, 'pv144.wav', 85, '55.40'),
(145, 90, 125, 261, 35, 20, 3, 85, 90, 10, NULL, 253, 185, 173, 3527, 207, '1.60', 90, '145.png', 177, 1, 'pv145.wav', 100, '52.60'),
(146, 100, 125, 261, 35, 20, 3, 90, 85, 10, NULL, 251, 181, 173, 3465, 207, '2.00', 90, '146.png', 178, 1, 'pv146.wav', 90, '60.00'),
(147, 64, 50, 60, 35, 5, 40, 45, 50, 9, 67, 119, 91, 106, 1004, 121, '1.80', 41, '147.png', 179, 1, 'pv147.wav', 50, '3.30'),
(148, 84, 70, 147, 35, 5, 10, 65, 70, 6, 67, 163, 135, 133, 1780, 156, '4.00', 61, '148.png', 180, 1, 'pv148.wav', 70, '16.50'),
(149, 134, 100, 270, 35, 5, 5, 95, 100, 5, 67, 263, 198, 175, 3792, 209, '2.20', 91, '149.png', 181, 1, 'pv149.wav', 80, '210.00'),
(150, 110, 154, 306, 0, 20, 6, 90, 90, 10, NULL, 300, 182, 179, 4178, 214, '2.00', 106, '150.png', 182, 1, 'pv150.wav', 130, '122.00'),
(151, 100, 100, 270, 100, 20, 10000, 100, 100, 0, NULL, 210, 210, 187, 3265, 225, '0.40', 100, '151.png', 183, 1, 'pv151.wav', 100, '4.00'),
(152, 49, 49, 64, 70, 3, 20, 65, 65, 10, 68, 92, 122, 111, 935, 128, '0.89', 45, '152.png', 184, 2, 'pv152.wav', 45, '6.40'),
(153, 62, 63, 142, 70, 3, 13, 80, 80, 7, 68, 122, 155, 132, 1454, 155, '1.19', 60, '153.png', 185, 2, 'pv153.wav', 60, '15.80'),
(154, 82, 83, 236, 70, 3, 5, 100, 100, 5, 68, 168, 202, 160, 2410, 190, '1.80', 80, '154.png', 186, 2, 'pv154.wav', 80, '100.50'),
(155, 52, 60, 62, 70, 3, 20, 43, 50, 10, 69, 116, 93, 103, 980, 118, '0.51', 39, '155.png', 187, 2, 'pv155.wav', 65, '7.90'),
(156, 64, 80, 142, 70, 3, 13, 58, 65, 7, 69, 158, 126, 129, 1653, 151, '0.89', 58, '156.png', 188, 2, 'pv156.wav', 80, '19.00'),
(157, 84, 109, 240, 70, 3, 5, 78, 85, 5, 69, 223, 173, 157, 2889, 186, '1.70', 78, '157.png', 189, 2, 'pv157.wav', 100, '79.50'),
(158, 65, 44, 63, 70, 3, 20, 64, 48, 10, 70, 117, 109, 118, 1131, 137, '0.61', 50, '158.png', 190, 2, 'pv158.wav', 43, '9.50'),
(159, 80, 59, 142, 70, 3, 13, 80, 63, 7, 70, 150, 142, 139, 1722, 163, '1.09', 65, '159.png', 191, 2, 'pv159.wav', 58, '25.00'),
(160, 105, 79, 239, 70, 3, 5, 100, 83, 5, 70, 205, 188, 166, 2857, 198, '2.31', 85, '160.png', 192, 2, 'pv160.wav', 78, '88.80'),
(161, 46, 35, 43, 70, 1, 50, 34, 45, 20, 71, 79, 73, 98, 618, 111, '0.79', 35, '161.png', 193, 2, 'pv161.wav', 20, '6.00'),
(162, 76, 45, 145, 70, 1, 15, 64, 55, 7, 71, 148, 125, 166, 1758, 198, '1.80', 85, '162.png', 194, 2, 'pv162.wav', 90, '32.50'),
(163, 30, 36, 52, 70, 1, 50, 30, 56, 15, 72, 67, 88, 132, 677, 155, '0.71', 60, '163.png', 195, 2, 'pv163.wav', 50, '21.20'),
(164, 50, 86, 158, 70, 1, 15, 50, 96, 7, 72, 145, 156, 187, 2024, 225, '1.60', 100, '164.png', 196, 2, 'pv164.wav', 70, '40.80'),
(165, 20, 40, 53, 70, 1, 50, 30, 80, 20, 73, 72, 118, 105, 728, 120, '0.99', 40, '165.png', 197, 2, 'pv165.wav', 55, '10.80'),
(166, 35, 55, 137, 70, 1, 15, 50, 110, 7, 73, 107, 179, 125, 1346, 146, '1.40', 55, '166.png', 198, 2, 'pv166.wav', 85, '35.60'),
(167, 60, 40, 50, 70, 1, 50, 40, 40, 20, 74, 105, 73, 105, 816, 120, '0.51', 40, '167.png', 199, 2, 'pv167.wav', 30, '8.50'),
(168, 90, 60, 140, 70, 1, 15, 70, 70, 7, 74, 161, 124, 146, 1772, 172, '1.09', 70, '168.png', 200, 2, 'pv168.wav', 40, '33.50'),
(169, 90, 70, 241, 70, 1, 10, 80, 80, 5, 17, 194, 178, 166, 2646, 198, '1.80', 85, '169.png', 46, 2, 'pv169.wav', 130, '75.00'),
(170, 38, 56, 66, 70, 3, 40, 38, 56, 10, 75, 106, 97, 153, 1119, 181, '0.51', 75, '170.png', 201, 2, 'pv170.wav', 67, '12.00'),
(171, 58, 76, 161, 70, 3, 15, 58, 76, 7, 75, 146, 137, 221, 2085, 268, '1.19', 125, '171.png', 202, 2, 'pv171.wav', 67, '22.50'),
(172, 40, 35, 41, 70, 1, 0, 15, 35, 5, 10, 77, 53, 78, 473, 85, '0.30', 20, '172.png', 25, 2, 'pv172.wav', 60, '2.00'),
(173, 25, 45, 44, 140, 1, 0, 28, 55, 5, 14, 75, 79, 118, 671, 137, '0.30', 50, '173.png', 36, 2, 'pv173.wav', 15, '3.00'),
(174, 30, 40, 42, 70, 1, 0, 15, 20, 5, 16, 69, 32, 173, 535, 207, '0.30', 90, '174.png', 41, 2, 'pv174.wav', 15, '1.00'),
(175, 20, 40, 49, 70, 3, 0, 65, 65, 5, 76, 67, 116, 98, 657, 111, '0.30', 35, '175.png', 203, 2, 'pv175.wav', 20, '1.50'),
(176, 40, 80, 142, 70, 3, 5, 85, 105, 5, 76, 139, 181, 125, 1708, 146, '0.61', 55, '176.png', 204, 2, 'pv176.wav', 40, '3.20'),
(177, 50, 70, 64, 70, 3, 40, 45, 45, 15, 77, 134, 89, 105, 1102, 120, '0.20', 40, '177.png', 206, 2, 'pv177.wav', 70, '2.00'),
(178, 75, 95, 165, 70, 3, 15, 70, 70, 7, 77, 192, 146, 139, 2188, 163, '1.50', 65, '178.png', 207, 2, 'pv178.wav', 95, '15.00'),
(179, 40, 65, 56, 70, 5, 50, 40, 45, 10, 78, 114, 79, 125, 991, 146, '0.61', 55, '179.png', 208, 2, 'pv179.wav', 35, '7.80'),
(180, 55, 80, 128, 70, 5, 25, 55, 60, 7, 78, 145, 109, 146, 1521, 172, '0.79', 70, '180.png', 209, 2, 'pv180.wav', 45, '13.30'),
(181, 75, 115, 230, 70, 5, 13, 85, 90, 5, 78, 211, 169, 173, 2852, 207, '1.40', 90, '181.png', 210, 2, 'pv181.wav', 55, '61.50'),
(182, 80, 90, 221, 70, 3, 5, 95, 100, 5, 18, 169, 186, 153, 2281, 181, '0.41', 75, '182.png', 50, 2, 'pv182.wav', 50, '5.80'),
(183, 20, 20, 88, 70, 3, 50, 50, 50, 10, 79, 37, 93, 146, 461, 172, '0.41', 70, '183.png', 212, 2, 'pv183.wav', 40, '8.50'),
(184, 50, 60, 189, 70, 3, 15, 80, 80, 7, 79, 112, 152, 187, 1588, 225, '0.79', 100, '184.png', 213, 2, 'pv184.wav', 50, '28.50'),
(185, 100, 30, 144, 70, 5, 13, 115, 65, 5, 80, 167, 176, 146, 2148, 172, '1.19', 70, '185.png', 215, 2, 'pv185.wav', 30, '38.00'),
(186, 75, 90, 225, 70, 3, 10, 75, 100, 5, 27, 174, 179, 173, 2449, 207, '1.09', 90, '186.png', 68, 2, 'pv186.wav', 70, '33.90'),
(187, 35, 35, 50, 70, 3, 50, 40, 55, 12, 81, 67, 94, 98, 600, 111, '0.41', 35, '187.png', 216, 2, 'pv187.wav', 50, '0.50'),
(188, 45, 45, 119, 70, 3, 25, 50, 65, 7, 81, 91, 120, 125, 976, 146, '0.61', 55, '188.png', 217, 2, 'pv188.wav', 80, '1.00'),
(189, 55, 55, 207, 70, 3, 13, 70, 95, 5, 81, 118, 183, 153, 1636, 181, '0.79', 75, '189.png', 218, 2, 'pv189.wav', 110, '3.00'),
(190, 70, 40, 72, 70, 3, 20, 55, 55, 9, 82, 136, 112, 125, 1348, 146, '0.79', 55, '190.png', 219, 2, 'pv190.wav', 85, '11.50'),
(191, 30, 30, 36, 70, 3, 50, 30, 30, 9, 83, 55, 55, 91, 395, 102, '0.30', 30, '191.png', 221, 2, 'pv191.wav', 30, '1.80'),
(192, 75, 105, 149, 70, 3, 10, 55, 85, 7, 83, 185, 135, 153, 2141, 181, '0.79', 75, '192.png', 222, 2, 'pv192.wav', 30, '8.50'),
(193, 65, 75, 78, 70, 3, 30, 45, 45, 10, 84, 154, 94, 139, 1470, 163, '1.19', 65, '193.png', 223, 2, 'pv193.wav', 95, '38.00'),
(194, 45, 25, 42, 70, 3, 40, 45, 25, 10, 85, 75, 66, 125, 641, 146, '0.41', 55, '194.png', 225, 2, 'pv194.wav', 15, '8.50'),
(195, 85, 65, 151, 70, 3, 15, 85, 65, 7, 85, 152, 143, 180, 1992, 216, '1.40', 95, '195.png', 226, 2, 'pv195.wav', 35, '75.00'),
(196, 65, 130, 184, 70, 5, 13, 60, 95, 5, 62, 261, 175, 139, 3170, 163, '0.89', 65, '196.png', 161, 2, 'pv196.wav', 110, '26.50'),
(197, 65, 60, 184, 35, 5, 13, 110, 130, 5, 62, 126, 240, 180, 2137, 216, '0.99', 95, '197.png', 162, 2, 'pv197.wav', 65, '27.00'),
(198, 85, 85, 81, 35, 3, 20, 42, 42, 10, 86, 175, 87, 132, 1562, 155, '0.51', 60, '198.png', 227, 2, 'pv198.wav', 91, '2.10'),
(199, 75, 100, 172, 70, 3, 10, 80, 110, 5, 34, 177, 180, 180, 2545, 216, '2.01', 95, '199.png', 87, 2, 'pv199.wav', 30, '79.50'),
(200, 60, 85, 87, 35, 3, 30, 60, 85, 7, 87, 167, 154, 132, 1926, 155, '0.71', 60, '200.png', 229, 2, 'pv200.wav', 85, '1.00'),
(201, 72, 72, 118, 70, 5, 30, 48, 48, 10, NULL, 136, 91, 116, 1185, 134, '0.51', 48, '201.png', 231, 2, 'pv201.wav', 48, '5.00'),
(202, 33, 33, 142, 70, 3, 25, 58, 58, 7, 88, 60, 106, 310, 1026, 382, '1.30', 190, '202.png', 233, 2, 'pv202.wav', 33, '28.50'),
(203, 80, 90, 159, 70, 3, 30, 65, 65, 7, NULL, 182, 133, 146, 2046, 172, '1.50', 70, '203.png', 234, 2, 'pv203.wav', 85, '41.50'),
(204, 65, 35, 58, 70, 5, 40, 90, 35, 12, 89, 108, 122, 118, 1108, 137, '0.61', 50, '204.png', 235, 2, 'pv204.wav', 15, '7.20'),
(205, 90, 60, 163, 70, 5, 15, 140, 60, 7, 89, 161, 205, 153, 2282, 181, '1.19', 75, '205.png', 236, 2, 'pv205.wav', 40, '125.80'),
(206, 70, 65, 145, 70, 3, 30, 70, 65, 20, NULL, 131, 128, 187, 1689, 225, '1.50', 100, '206.png', 237, 2, 'pv206.wav', 45, '14.00'),
(207, 75, 35, 86, 70, 5, 20, 105, 65, 7, 90, 143, 184, 139, 1857, 163, '1.09', 65, '207.png', 238, 2, 'pv207.wav', 85, '64.80'),
(208, 85, 55, 179, 70, 5, 10, 200, 65, 5, 41, 148, 272, 153, 2414, 181, '9.19', 75, '208.png', 104, 2, 'pv208.wav', 30, '400.00'),
(209, 80, 40, 60, 70, 3, 40, 50, 40, 10, 91, 137, 85, 132, 1237, 155, '0.61', 60, '209.png', 240, 2, 'pv209.wav', 30, '7.80'),
(210, 120, 60, 158, 70, 3, 15, 75, 60, 8, 91, 212, 131, 173, 2552, 207, '1.40', 90, '210.png', 241, 2, 'pv210.wav', 45, '48.70'),
(211, 95, 55, 88, 70, 3, 30, 85, 55, 8, NULL, 184, 138, 139, 2051, 163, '0.51', 65, '211.png', 242, 2, 'pv211.wav', 85, '3.90'),
(212, 130, 55, 175, 70, 5, 5, 100, 80, 5, 57, 236, 181, 146, 3001, 172, '2.01', 70, '212.png', 142, 2, 'pv212.wav', 65, '125.00'),
(213, 10, 10, 177, 70, 3, 30, 230, 230, 7, NULL, 17, 396, 78, 405, 85, '0.61', 20, '213.png', 243, 2, 'pv213.wav', 5, '20.50'),
(214, 125, 40, 175, 70, 3, 30, 75, 95, 9, NULL, 234, 179, 160, 3101, 190, '1.50', 80, '214.png', 244, 2, 'pv214.wav', 85, '54.00'),
(215, 95, 35, 86, 35, 3, 20, 55, 75, 7, 92, 189, 146, 125, 2051, 146, '0.89', 55, '215.png', 245, 2, 'pv215.wav', 115, '28.00'),
(216, 80, 50, 66, 70, 3, 50, 50, 50, 20, 93, 142, 93, 132, 1328, 155, '0.61', 60, '216.png', 247, 2, 'pv216.wav', 40, '8.80'),
(217, 130, 75, 175, 70, 3, 15, 75, 75, 7, 93, 236, 144, 173, 2945, 207, '1.80', 90, '217.png', 248, 2, 'pv217.wav', 55, '125.80'),
(218, 40, 70, 50, 70, 1, 30, 40, 40, 10, 94, 118, 71, 105, 895, 120, '0.71', 40, '218.png', 249, 2, 'pv218.wav', 20, '35.00'),
(219, 50, 90, 151, 70, 1, 13, 120, 80, 6, 94, 139, 191, 118, 1702, 137, '0.79', 60, '219.png', 250, 2, 'pv219.wav', 30, '55.00'),
(220, 50, 30, 50, 70, 3, 30, 40, 30, 10, 95, 90, 69, 118, 741, 137, '0.41', 50, '220.png', 251, 2, 'pv220.wav', 50, '6.50'),
(221, 100, 60, 158, 70, 3, 13, 80, 60, 6, 95, 181, 138, 187, 2345, 225, '1.09', 100, '221.png', 252, 2, 'pv221.wav', 50, '55.80'),
(222, 55, 65, 144, 70, 3, 30, 95, 95, 12, NULL, 118, 156, 125, 1378, 146, '0.61', 65, '222.png', 254, 2, 'pv222.wav', 35, '5.00'),
(223, 65, 65, 60, 70, 1, 50, 35, 35, 10, 96, 127, 69, 98, 912, 111, '0.61', 35, '223.png', 255, 2, 'pv223.wav', 65, '12.00'),
(224, 105, 105, 168, 70, 1, 15, 75, 75, 7, 96, 197, 141, 153, 2315, 181, '0.89', 75, '224.png', 256, 2, 'pv224.wav', 45, '28.50'),
(225, 55, 65, 116, 70, 5, 20, 45, 45, 20, NULL, 128, 90, 111, 1094, 128, '0.89', 45, '225.png', 257, 2, 'pv225.wav', 75, '16.00'),
(226, 40, 80, 170, 70, 5, 30, 70, 140, 7, 97, 148, 226, 139, 2108, 163, '2.11', 85, '226.png', 259, 2, 'pv226.wav', 70, '220.00'),
(227, 80, 40, 163, 70, 5, 20, 140, 70, 9, NULL, 148, 226, 139, 2108, 163, '1.70', 65, '227.png', 260, 2, 'pv227.wav', 70, '50.50'),
(228, 60, 80, 66, 35, 3, 40, 30, 50, 10, 98, 152, 83, 111, 1234, 128, '0.61', 45, '228.png', 261, 2, 'pv228.wav', 65, '10.80'),
(229, 90, 110, 175, 35, 3, 15, 50, 80, 6, 98, 224, 144, 153, 2635, 181, '1.40', 75, '229.png', 262, 2, 'pv229.wav', 95, '35.00'),
(230, 95, 95, 243, 70, 3, 10, 95, 95, 5, 53, 194, 194, 153, 2641, 181, '1.80', 75, '230.png', 134, 2, 'pv230.wav', 85, '152.00'),
(231, 60, 40, 66, 70, 3, 50, 60, 40, 20, 99, 107, 98, 173, 1206, 207, '0.51', 90, '231.png', 263, 2, 'pv231.wav', 40, '33.50'),
(232, 120, 60, 175, 70, 3, 13, 120, 60, 7, 99, 214, 185, 173, 3013, 207, '1.09', 90, '232.png', 264, 2, 'pv232.wav', 50, '120.00'),
(233, 80, 105, 180, 70, 3, 5, 90, 95, 5, 63, 198, 180, 166, 2711, 198, '0.61', 85, '233.png', 167, 2, 'pv233.wav', 60, '32.50'),
(234, 95, 85, 163, 70, 3, 30, 62, 65, 8, NULL, 192, 131, 150, 2164, 177, '1.40', 73, '234.png', 265, 2, 'pv234.wav', 85, '71.20'),
(235, 20, 20, 88, 70, 3, 25, 35, 45, 7, NULL, 64, 64, 98, 492, 111, '1.19', 55, '235.png', 266, 2, 'pv235.wav', 75, '58.00'),
(236, 35, 35, 42, 70, 5, 0, 35, 35, 20, 47, 40, 83, 127, 431, 146, '0.71', 35, '236.png', 115, 2, 'pv236.wav', 35, '21.00'),
(237, 95, 35, 159, 70, 5, 10, 95, 110, 5, 47, 173, 207, 118, 2156, 137, '1.40', 50, '237.png', 118, 2, 'pv237.wav', 70, '48.00'),
(238, 30, 85, 61, 70, 5, 0, 15, 65, 20, 58, 153, 91, 111, 1291, 128, '0.41', 45, '238.png', 143, 2, 'pv238.wav', 65, '6.00'),
(239, 63, 65, 72, 70, 5, 0, 37, 55, 20, 59, 135, 101, 111, 1206, 128, '0.61', 45, '239.png', 145, 2, 'pv239.wav', 95, '23.50'),
(240, 75, 70, 73, 70, 5, 0, 37, 55, 20, 60, 151, 99, 111, 1323, 128, '0.71', 45, '240.png', 148, 2, 'pv240.wav', 83, '21.40'),
(241, 80, 40, 172, 70, 5, 20, 105, 70, 8, NULL, 157, 193, 180, 2354, 216, '1.19', 95, '241.png', 267, 2, 'pv241.wav', 100, '75.50'),
(242, 10, 75, 608, 140, 5, 5, 10, 135, 5, 51, 129, 169, 399, 2757, 496, '1.50', 255, '242.png', 128, 2, 'pv242.wav', 55, '46.80'),
(243, 85, 115, 261, 35, 20, 2, 75, 100, 4, NULL, 241, 195, 173, 3452, 207, '1.91', 90, '243.png', 268, 2, 'pv243.wav', 115, '178.00'),
(244, 115, 90, 261, 35, 20, 2, 85, 75, 4, NULL, 235, 171, 207, 3473, 251, '2.11', 115, '244.png', 269, 2, 'pv244.wav', 100, '198.00'),
(245, 75, 90, 261, 35, 20, 2, 115, 115, 4, NULL, 180, 235, 187, 2983, 225, '2.01', 100, '245.png', 270, 2, 'pv245.wav', 85, '187.00'),
(246, 64, 45, 60, 35, 5, 40, 50, 50, 10, 100, 115, 93, 118, 1040, 137, '0.61', 50, '246.png', 271, 2, 'pv246.wav', 41, '72.00'),
(247, 84, 65, 144, 35, 5, 10, 70, 70, 7, 100, 155, 133, 146, 1766, 172, '1.19', 70, '247.png', 272, 2, 'pv247.wav', 51, '152.00'),
(248, 134, 95, 270, 35, 5, 5, 110, 100, 4, 100, 251, 207, 187, 3834, 225, '2.01', 100, '248.png', 273, 2, 'pv248.wav', 61, '202.00'),
(249, 90, 90, 306, 0, 20, 2, 130, 154, 4, NULL, 193, 310, 195, 3703, 235, '5.21', 106, '249.png', 274, 2, 'pv249.wav', 110, '216.00'),
(250, 130, 110, 306, 0, 20, 2, 90, 154, 4, NULL, 239, 244, 179, 3863, 214, '3.81', 106, '250.png', 275, 2, 'pv250.wav', 90, '199.00'),
(251, 100, 100, 270, 100, 20, 10000, 100, 100, 0, NULL, 210, 210, 187, 3265, 225, '0.61', 100, '251.png', 276, 2, 'pv251.wav', 100, '5.00'),
(252, 45, 65, 62, 70, 3, 20, 35, 55, 10, 101, 124, 94, 105, 1053, 120, '0.51', 40, '252.png', 277, 3, 'pv252.wav', 70, '5.00'),
(253, 65, 85, 142, 70, 3, 10, 45, 65, 7, 101, 172, 120, 118, 1673, 137, '0.89', 50, '253.png', 278, 3, 'pv253.wav', 95, '21.60'),
(254, 85, 105, 239, 70, 3, 5, 65, 85, 5, 101, 223, 169, 146, 2757, 172, '1.70', 70, '254.png', 279, 3, 'pv254.wav', 120, '52.20'),
(255, 60, 70, 62, 70, 3, 20, 40, 50, 10, 102, 130, 87, 111, 1093, 128, '0.41', 45, '255.png', 280, 3, 'pv255.wav', 45, '2.50'),
(256, 85, 85, 142, 70, 3, 10, 60, 60, 7, 102, 163, 115, 132, 1652, 155, '0.89', 60, '256.png', 281, 3, 'pv256.wav', 55, '19.50'),
(257, 120, 110, 239, 70, 3, 5, 70, 70, 5, 102, 240, 141, 160, 2848, 190, '1.91', 80, '257.png', 282, 3, 'pv257.wav', 80, '52.00'),
(258, 70, 50, 62, 70, 3, 20, 50, 50, 10, 103, 126, 93, 118, 1128, 137, '0.41', 50, '258.png', 283, 3, 'pv258.wav', 40, '7.60'),
(259, 85, 60, 142, 70, 3, 10, 70, 70, 7, 103, 156, 133, 146, 1776, 172, '0.71', 70, '259.png', 284, 3, 'pv259.wav', 50, '28.00'),
(260, 110, 85, 241, 70, 3, 5, 90, 90, 5, 103, 208, 175, 187, 2974, 225, '1.50', 100, '260.png', 285, 3, 'pv260.wav', 60, '81.90'),
(261, 55, 30, 56, 70, 1, 50, 35, 30, 20, 104, 96, 61, 98, 678, 111, '0.51', 35, '261.png', 286, 3, 'pv261.wav', 35, '13.60'),
(262, 90, 60, 147, 70, 1, 20, 70, 60, 7, 104, 171, 132, 146, 1926, 172, '0.99', 70, '262.png', 287, 3, 'pv262.wav', 70, '37.00'),
(263, 30, 30, 56, 70, 1, 50, 41, 41, 20, 105, 58, 80, 102, 508, 116, '0.41', 38, '263.png', 288, 3, 'pv263.wav', 60, '17.50'),
(264, 70, 50, 147, 70, 1, 20, 61, 61, 7, 105, 142, 128, 157, 1662, 186, '0.51', 78, '264.png', 289, 3, 'pv264.wav', 100, '32.50'),
(265, 45, 20, 56, 70, 1, 50, 35, 30, 20, 107, 75, 59, 111, 578, 128, '0.30', 45, '265.png', 290, 3, 'pv265.wav', 20, '3.60'),
(266, 35, 25, 72, 70, 1, 25, 55, 25, 9, 106, 60, 77, 118, 553, 137, '0.61', 50, '266.png', 291, 3, 'pv266.wav', 15, '10.00'),
(267, 70, 100, 178, 70, 1, 13, 50, 50, 6, 106, 189, 98, 132, 1765, 155, '0.99', 60, '267.png', 292, 3, 'pv267.wav', 65, '28.40'),
(268, 35, 25, 72, 70, 1, 25, 55, 25, 9, 107, 60, 77, 118, 553, 137, '0.71', 50, '268.png', 293, 3, 'pv268.wav', 15, '11.50'),
(269, 50, 50, 173, 70, 1, 13, 70, 90, 6, 107, 98, 162, 132, 1224, 155, '1.19', 60, '269.png', 294, 3, 'pv269.wav', 65, '31.60'),
(270, 30, 40, 44, 70, 3, 50, 30, 50, 20, 108, 71, 77, 105, 598, 120, '0.51', 40, '270.png', 295, 3, 'pv270.wav', 30, '2.60'),
(271, 50, 60, 119, 70, 3, 25, 50, 70, 9, 108, 112, 119, 132, 1197, 155, '1.19', 60, '271.png', 296, 3, 'pv271.wav', 50, '32.50'),
(272, 70, 90, 216, 70, 3, 13, 70, 100, 6, 108, 173, 176, 160, 2323, 190, '1.50', 80, '272.png', 297, 3, 'pv272.wav', 70, '55.00'),
(273, 40, 30, 44, 70, 3, 50, 50, 30, 20, 109, 71, 77, 105, 598, 120, '0.51', 40, '273.png', 298, 3, 'pv273.wav', 30, '4.00'),
(274, 70, 60, 119, 70, 3, 25, 40, 40, 9, 109, 134, 78, 146, 1227, 172, '0.99', 70, '274.png', 299, 3, 'pv274.wav', 60, '28.00'),
(275, 100, 90, 216, 70, 3, 13, 60, 60, 6, 109, 200, 121, 173, 2333, 207, '1.30', 90, '275.png', 300, 3, 'pv275.wav', 80, '59.60'),
(276, 55, 30, 54, 70, 1, 50, 30, 30, 20, 110, 106, 61, 105, 765, 120, '0.30', 40, '276.png', 301, 3, 'pv276.wav', 85, '2.30'),
(277, 85, 75, 159, 70, 1, 20, 60, 50, 7, 110, 185, 124, 132, 1920, 155, '0.71', 60, '277.png', 302, 3, 'pv277.wav', 125, '19.80'),
(278, 30, 55, 54, 70, 3, 50, 30, 30, 20, 111, 106, 61, 105, 765, 120, '0.61', 40, '278.png', 303, 3, 'pv278.wav', 85, '9.50'),
(279, 50, 95, 154, 70, 3, 20, 100, 70, 7, 111, 175, 174, 132, 2127, 155, '1.19', 60, '279.png', 304, 3, 'pv279.wav', 65, '28.00'),
(280, 25, 45, 40, 35, 5, 40, 25, 35, 9, 112, 79, 59, 89, 539, 99, '0.41', 28, '280.png', 305, 3, 'pv280.wav', 40, '6.60'),
(281, 35, 65, 97, 35, 5, 10, 35, 55, 6, 112, 117, 90, 102, 966, 116, '0.79', 38, '281.png', 306, 3, 'pv281.wav', 50, '20.20'),
(282, 65, 125, 233, 35, 5, 5, 65, 115, 5, 112, 237, 195, 143, 3093, 169, '1.60', 68, '282.png', 307, 3, 'pv282.wav', 80, '48.40'),
(283, 30, 50, 54, 70, 1, 50, 32, 52, 20, 113, 93, 87, 105, 791, 120, '0.51', 40, '283.png', 309, 3, 'pv283.wav', 65, '1.70'),
(284, 60, 100, 159, 70, 1, 20, 62, 82, 7, 113, 192, 150, 146, 2270, 172, '0.79', 70, '284.png', 310, 3, 'pv284.wav', 80, '3.60'),
(285, 40, 40, 59, 70, 3, 50, 60, 60, 20, 114, 74, 110, 132, 810, 155, '0.41', 60, '285.png', 311, 3, 'pv285.wav', 35, '4.50'),
(286, 130, 60, 161, 70, 3, 20, 80, 60, 7, 114, 241, 144, 132, 2628, 155, '1.19', 60, '286.png', 312, 3, 'pv286.wav', 70, '39.20'),
(287, 60, 35, 56, 70, 5, 40, 60, 35, 9, 115, 104, 92, 132, 1002, 155, '0.79', 60, '287.png', 313, 3, 'pv287.wav', 30, '24.00'),
(288, 80, 55, 154, 70, 5, 10, 80, 55, 6, 115, 159, 145, 160, 1968, 190, '1.40', 80, '288.png', 314, 3, 'pv288.wav', 90, '46.50'),
(289, 160, 95, 252, 70, 5, 5, 100, 65, 5, 115, 290, 166, 233, 4431, 284, '2.01', 150, '289.png', 315, 3, 'pv289.wav', 100, '130.50'),
(290, 45, 30, 53, 70, 5, 20, 90, 30, 10, 116, 80, 126, 94, 768, 104, '0.51', 31, '290.png', 316, 3, 'pv290.wav', 40, '5.50'),
(291, 90, 50, 160, 70, 5, 10, 45, 50, 7, 116, 199, 112, 135, 1969, 156, '0.79', 61, '291.png', 317, 3, 'pv291.wav', 160, '12.00'),
(292, 90, 30, 83, 70, 5, 5, 45, 30, 5, 116, 153, 73, 12, 393, 1, '0.79', 1, '292.png', 318, 3, 'pv292.wav', 40, '1.20'),
(293, 51, 51, 48, 70, 1, 50, 23, 23, 20, 117, 92, 42, 138, 671, 162, '0.61', 64, '293.png', 319, 3, 'pv293.wav', 28, '16.30'),
(294, 71, 71, 126, 70, 1, 25, 43, 43, 9, 117, 134, 81, 165, 1327, 197, '0.99', 84, '294.png', 320, 3, 'pv294.wav', 48, '40.50'),
(295, 91, 91, 221, 70, 1, 13, 63, 73, 6, 117, 179, 137, 193, 2347, 232, '1.50', 104, '295.png', 321, 3, 'pv295.wav', 68, '84.00'),
(296, 60, 20, 47, 70, 3, 50, 30, 30, 10, 118, 99, 54, 149, 817, 176, '0.99', 72, '296.png', 322, 3, 'pv296.wav', 25, '86.40'),
(297, 120, 40, 166, 70, 3, 20, 60, 60, 6, 118, 209, 114, 247, 2829, 302, '2.31', 144, '297.png', 323, 3, 'pv297.wav', 50, '253.80'),
(298, 20, 20, 38, 70, 3, 10, 40, 40, 4, 79, 36, 71, 118, 364, 137, '0.20', 50, '298.png', 211, 3, 'pv298.wav', 20, '2.00'),
(299, 45, 45, 75, 70, 3, 20, 135, 90, 9, 119, 82, 215, 91, 993, 102, '0.99', 30, '299.png', 324, 3, 'pv299.wav', 30, '97.00'),
(300, 45, 35, 52, 70, 3, 50, 45, 35, 10, 120, 84, 79, 118, 739, 137, '0.61', 50, '300.png', 326, 3, 'pv300.wav', 50, '11.00'),
(301, 65, 55, 140, 70, 3, 20, 65, 55, 6, 120, 132, 127, 146, 1496, 172, '1.09', 70, '301.png', 327, 3, 'pv301.wav', 90, '32.60'),
(302, 75, 65, 133, 35, 5, 20, 75, 65, 7, NULL, 141, 136, 118, 1476, 137, '0.51', 50, '302.png', 328, 3, 'pv302.wav', 50, '11.00'),
(303, 85, 55, 133, 70, 5, 50, 85, 55, 9, NULL, 155, 141, 118, 1634, 137, '0.61', 50, '303.png', 329, 3, 'pv303.wav', 50, '11.50'),
(304, 70, 40, 66, 35, 1, 50, 100, 40, 20, 121, 121, 141, 118, 1307, 137, '0.41', 50, '304.png', 330, 3, 'pv304.wav', 30, '60.00'),
(305, 90, 50, 151, 35, 1, 25, 140, 50, 9, 121, 158, 198, 132, 2056, 155, '0.89', 60, '305.png', 331, 3, 'pv305.wav', 40, '120.00'),
(306, 110, 60, 239, 35, 1, 13, 180, 60, 6, 121, 198, 257, 146, 3000, 172, '2.11', 70, '306.png', 332, 3, 'pv306.wav', 50, '360.00'),
(307, 40, 40, 56, 70, 3, 50, 55, 55, 10, 122, 78, 107, 91, 693, 102, '0.61', 30, '307.png', 333, 3, 'pv307.wav', 60, '11.20'),
(308, 60, 60, 144, 70, 3, 20, 75, 75, 6, 122, 121, 152, 132, 1431, 155, '1.30', 60, '308.png', 334, 3, 'pv308.wav', 80, '31.50'),
(309, 45, 65, 59, 70, 3, 50, 40, 40, 10, 123, 123, 78, 105, 965, 120, '0.61', 40, '309.png', 335, 3, 'pv309.wav', 65, '15.20'),
(310, 75, 105, 166, 70, 3, 20, 60, 60, 6, 123, 215, 127, 146, 2340, 172, '1.50', 70, '310.png', 336, 3, 'pv310.wav', 105, '40.20'),
(311, 50, 85, 142, 70, 3, 30, 40, 75, 9, NULL, 167, 129, 132, 1778, 155, '0.41', 60, '311.png', 337, 3, 'pv311.wav', 95, '4.20'),
(312, 40, 75, 142, 70, 3, 30, 50, 85, 9, NULL, 147, 150, 132, 1694, 155, '0.41', 60, '312.png', 338, 3, 'pv312.wav', 95, '4.20'),
(313, 73, 47, 151, 70, 3, 30, 75, 85, 9, NULL, 143, 166, 139, 1771, 163, '0.71', 65, '313.png', 339, 3, 'pv313.wav', 85, '17.70'),
(314, 47, 73, 151, 70, 3, 30, 75, 85, 9, NULL, 143, 166, 139, 1771, 163, '0.71', 65, '314.png', 340, 3, 'pv314.wav', 85, '17.70'),
(315, 60, 100, 140, 70, 3, 30, 45, 80, 9, 124, 186, 131, 118, 1870, 137, '0.30', 50, '315.png', 342, 3, 'pv315.wav', 65, '2.00'),
(316, 43, 43, 60, 70, 1, 50, 53, 53, 10, 125, 80, 99, 146, 866, 172, '0.41', 70, '316.png', 344, 3, 'pv316.wav', 40, '10.30'),
(317, 73, 73, 163, 70, 1, 20, 83, 83, 6, 125, 140, 159, 187, 1978, 225, '1.70', 100, '317.png', 345, 3, 'pv317.wav', 55, '80.00'),
(318, 90, 65, 61, 35, 3, 50, 20, 20, 10, 126, 171, 39, 111, 1020, 128, '0.79', 45, '318.png', 346, 3, 'pv318.wav', 65, '20.80'),
(319, 120, 95, 161, 35, 3, 20, 40, 40, 6, 126, 243, 83, 146, 2181, 172, '1.80', 70, '319.png', 347, 3, 'pv319.wav', 95, '88.80'),
(320, 70, 70, 80, 70, 1, 50, 35, 35, 10, 127, 136, 68, 228, 1468, 277, '2.01', 130, '320.png', 348, 3, 'pv320.wav', 60, '130.00'),
(321, 90, 90, 175, 70, 1, 20, 45, 45, 6, 127, 175, 87, 283, 2280, 347, '14.50', 170, '321.png', 349, 3, 'pv321.wav', 60, '398.00'),
(322, 60, 65, 61, 70, 3, 50, 40, 45, 10, 128, 119, 79, 132, 1057, 155, '0.71', 60, '322.png', 350, 3, 'pv322.wav', 35, '24.00'),
(323, 100, 105, 161, 70, 3, 20, 70, 75, 6, 128, 194, 136, 146, 2193, 172, '1.91', 70, '323.png', 351, 3, 'pv323.wav', 40, '220.00'),
(324, 85, 85, 165, 70, 3, 30, 140, 70, 9, NULL, 151, 203, 146, 2093, 172, '0.51', 70, '324.png', 352, 3, 'pv324.wav', 20, '80.40'),
(325, 25, 70, 66, 70, 1, 50, 35, 80, 10, 129, 125, 122, 132, 1334, 155, '0.71', 60, '325.png', 353, 3, 'pv325.wav', 60, '30.60'),
(326, 45, 90, 165, 70, 1, 20, 65, 110, 6, 129, 171, 188, 160, 2369, 190, '0.89', 80, '326.png', 354, 3, 'pv326.wav', 80, '71.50'),
(327, 60, 60, 126, 70, 3, 30, 60, 60, 9, NULL, 116, 116, 132, 1220, 155, '1.09', 60, '327.png', 355, 3, 'pv327.wav', 60, '5.00'),
(328, 100, 45, 58, 70, 5, 40, 45, 45, 9, 130, 162, 78, 111, 1274, 128, '0.71', 45, '328.png', 356, 3, 'pv328.wav', 10, '15.00'),
(329, 70, 50, 119, 70, 5, 10, 50, 50, 6, 130, 134, 99, 118, 1225, 137, '1.09', 50, '329.png', 357, 3, 'pv329.wav', 70, '15.30'),
(330, 100, 80, 234, 70, 5, 5, 80, 80, 5, 130, 205, 168, 160, 2661, 190, '2.01', 80, '330.png', 358, 3, 'pv330.wav', 100, '82.00'),
(331, 85, 85, 67, 35, 3, 50, 40, 40, 10, 131, 156, 74, 118, 1242, 137, '0.41', 50, '331.png', 359, 3, 'pv331.wav', 35, '51.30'),
(332, 115, 115, 166, 35, 3, 20, 60, 60, 6, 131, 221, 115, 146, 2298, 172, '1.30', 70, '332.png', 360, 3, 'pv332.wav', 55, '77.40'),
(333, 40, 40, 62, 70, 1, 50, 60, 75, 10, 132, 76, 132, 111, 824, 128, '0.41', 45, '333.png', 361, 3, 'pv333.wav', 50, '1.20'),
(334, 70, 70, 172, 70, 1, 20, 90, 105, 6, 132, 141, 201, 153, 2004, 181, '1.09', 75, '334.png', 362, 3, 'pv334.wav', 80, '20.60'),
(335, 115, 60, 160, 70, 3, 30, 60, 60, 9, NULL, 222, 124, 150, 2418, 177, '1.30', 73, '335.png', 363, 3, 'pv335.wav', 90, '40.30'),
(336, 100, 100, 160, 70, 3, 30, 60, 60, 9, NULL, 196, 118, 150, 2105, 177, '2.69', 73, '336.png', 364, 3, 'pv336.wav', 65, '52.50'),
(337, 55, 95, 161, 70, 3, 30, 65, 85, 9, NULL, 178, 153, 173, 2327, 207, '0.99', 90, '337.png', 365, 3, 'pv337.wav', 70, '168.00'),
(338, 95, 55, 161, 70, 3, 30, 85, 65, 9, NULL, 178, 153, 173, 2327, 207, '1.19', 90, '338.png', 366, 3, 'pv338.wav', 70, '154.00'),
(339, 48, 46, 58, 70, 1, 50, 43, 41, 10, 133, 93, 82, 118, 819, 137, '0.41', 50, '339.png', 367, 3, 'pv339.wav', 60, '1.90'),
(340, 78, 76, 164, 70, 1, 20, 73, 71, 6, 133, 151, 141, 200, 2075, 242, '0.89', 110, '340.png', 368, 3, 'pv340.wav', 60, '23.60'),
(341, 80, 50, 62, 70, 3, 50, 65, 35, 10, 134, 141, 99, 109, 1230, 125, '0.61', 43, '341.png', 369, 3, 'pv341.wav', 35, '11.50'),
(342, 120, 90, 164, 70, 3, 20, 85, 55, 6, 134, 224, 142, 136, 2474, 160, '1.09', 63, '342.png', 370, 3, 'pv342.wav', 55, '32.80'),
(343, 40, 40, 60, 70, 3, 50, 55, 70, 10, 135, 77, 124, 105, 787, 120, '0.51', 40, '343.png', 371, 3, 'pv343.wav', 55, '21.50'),
(344, 70, 70, 175, 70, 3, 20, 105, 120, 6, 135, 140, 229, 132, 1971, 155, '1.50', 60, '344.png', 372, 3, 'pv344.wav', 75, '108.00'),
(345, 41, 61, 71, 70, 3, 50, 77, 87, 10, 136, 105, 150, 140, 1291, 165, '0.99', 66, '345.png', 373, 3, 'pv345.wav', 23, '23.80'),
(346, 81, 81, 173, 70, 3, 20, 97, 107, 6, 136, 152, 194, 168, 2211, 200, '1.50', 86, '346.png', 374, 3, 'pv346.wav', 43, '60.40'),
(347, 95, 40, 71, 70, 3, 50, 50, 50, 10, 137, 176, 100, 111, 1529, 128, '0.71', 45, '347.png', 375, 3, 'pv347.wav', 75, '12.50'),
(348, 125, 70, 173, 70, 3, 20, 100, 80, 6, 137, 222, 174, 153, 2848, 181, '1.50', 75, '348.png', 376, 3, 'pv348.wav', 45, '68.20'),
(349, 15, 10, 40, 70, 5, 70, 20, 55, 15, 138, 29, 85, 78, 274, 85, '0.61', 20, '349.png', 377, 3, 'pv349.wav', 80, '7.40'),
(350, 60, 100, 189, 70, 5, 10, 79, 125, 7, 138, 192, 219, 180, 3005, 216, '6.20', 95, '350.png', 378, 3, 'pv350.wav', 81, '162.00'),
(351, 70, 70, 147, 70, 5, 30, 70, 70, 10, NULL, 139, 139, 146, 1632, 172, '0.30', 70, '351.png', 379, 3, 'pv351.wav', 70, '0.80'),
(352, 90, 60, 154, 70, 5, 30, 70, 120, 10, NULL, 161, 189, 134, 2047, 155, '0.99', 60, '352.png', 380, 3, 'pv352.wav', 40, '22.00'),
(353, 75, 63, 59, 35, 3, 40, 35, 33, 10, 139, 138, 65, 111, 1018, 127, '0.61', 44, '353.png', 381, 3, 'pv353.wav', 45, '2.30'),
(354, 115, 83, 159, 35, 7, 20, 65, 63, 7, 139, 218, 126, 138, 2298, 162, '1.09', 64, '354.png', 382, 3, 'pv354.wav', 65, '12.50'),
(355, 40, 30, 59, 35, 3, 40, 90, 90, 10, 140, 70, 162, 78, 706, 85, '0.79', 20, '355.png', 383, 3, 'pv355.wav', 25, '15.00'),
(356, 70, 60, 159, 35, 3, 20, 130, 130, 7, 140, 124, 234, 105, 1591, 120, '1.60', 40, '356.png', 384, 3, 'pv356.wav', 25, '30.60'),
(357, 68, 72, 161, 70, 5, 30, 83, 87, 10, NULL, 136, 163, 186, 1941, 223, '2.01', 99, '357.png', 386, 3, 'pv357.wav', 51, '100.00'),
(358, 50, 95, 159, 70, 5, 30, 80, 90, 10, 141, 175, 170, 153, 2259, 181, '0.61', 75, '358.png', 388, 3, 'pv358.wav', 65, '1.00'),
(359, 130, 75, 163, 35, 5, 50, 60, 60, 10, NULL, 246, 120, 139, 2526, 163, '1.19', 65, '359.png', 389, 3, 'pv359.wav', 75, '47.00'),
(360, 23, 23, 52, 70, 3, 30, 48, 48, 10, 88, 41, 86, 180, 534, 216, '0.61', 95, '360.png', 232, 3, 'pv360.wav', 23, '14.00'),
(361, 50, 50, 60, 70, 3, 50, 50, 50, 10, 142, 95, 95, 118, 888, 137, '0.71', 50, '361.png', 390, 3, 'pv361.wav', 50, '16.80'),
(362, 80, 80, 168, 70, 3, 20, 80, 80, 6, 142, 162, 162, 160, 2105, 190, '1.50', 80, '362.png', 391, 3, 'pv362.wav', 80, '256.50'),
(363, 40, 55, 58, 70, 3, 50, 50, 50, 10, 143, 95, 90, 146, 962, 172, '0.79', 70, '363.png', 393, 3, 'pv363.wav', 25, '39.50'),
(364, 60, 75, 144, 70, 3, 25, 70, 70, 7, 143, 137, 132, 173, 1714, 207, '1.09', 90, '364.png', 394, 3, 'pv364.wav', 45, '87.60'),
(365, 80, 95, 239, 70, 3, 13, 90, 90, 5, 143, 182, 176, 200, 2726, 242, '1.40', 110, '365.png', 395, 3, 'pv365.wav', 65, '150.60'),
(366, 64, 74, 69, 70, 3, 50, 85, 55, 10, 144, 133, 135, 99, 1270, 111, '0.41', 35, '366.png', 396, 3, 'pv366.wav', 32, '52.50'),
(367, 104, 94, 170, 70, 3, 20, 105, 75, 6, 144, 197, 179, 127, 2340, 146, '1.70', 55, '367.png', 397, 3, 'pv367.wav', 52, '27.00'),
(368, 84, 114, 170, 70, 3, 20, 105, 75, 6, 144, 211, 179, 127, 2494, 146, '1.80', 55, '368.png', 398, 3, 'pv368.wav', 52, '22.60'),
(369, 90, 45, 170, 70, 5, 90, 130, 65, 1, NULL, 162, 203, 187, 2528, 225, '0.99', 100, '369.png', 399, 3, 'pv369.wav', 55, '23.40'),
(370, 30, 40, 116, 70, 3, 30, 55, 65, 10, NULL, 81, 128, 109, 848, 125, '0.61', 43, '370.png', 400, 3, 'pv370.wav', 97, '8.70'),
(371, 75, 40, 60, 35, 5, 40, 60, 30, 9, 145, 134, 93, 111, 1156, 128, '0.61', 45, '371.png', 401, 3, 'pv371.wav', 50, '42.10'),
(372, 95, 60, 147, 35, 5, 10, 100, 50, 6, 145, 172, 155, 139, 2031, 163, '1.09', 65, '372.png', 402, 3, 'pv372.wav', 50, '110.50'),
(373, 135, 110, 270, 35, 5, 5, 80, 80, 5, 145, 277, 168, 180, 3749, 216, '1.50', 95, '373.png', 403, 3, 'pv373.wav', 100, '102.60'),
(374, 55, 35, 60, 35, 5, 40, 80, 60, 9, 146, 96, 132, 105, 976, 120, '0.61', 40, '374.png', 404, 3, 'pv374.wav', 30, '95.20'),
(375, 75, 55, 147, 35, 5, 10, 100, 80, 6, 146, 138, 176, 132, 1721, 155, '1.19', 60, '375.png', 405, 3, 'pv375.wav', 50, '202.50'),
(376, 135, 95, 270, 35, 5, 5, 130, 90, 5, 146, 257, 228, 160, 3791, 190, '1.60', 80, '376.png', 406, 3, 'pv376.wav', 70, '550.00'),
(377, 100, 50, 261, 35, 20, 2, 200, 100, 1, NULL, 179, 309, 160, 3122, 190, '1.70', 80, '377.png', 407, 3, 'pv377.wav', 50, '230.00'),
(378, 50, 100, 261, 35, 20, 2, 100, 200, 1, NULL, 179, 309, 160, 3122, 190, '1.80', 80, '378.png', 408, 3, 'pv378.wav', 50, '175.00'),
(379, 75, 75, 261, 35, 20, 2, 150, 150, 1, NULL, 143, 285, 162, 2447, 190, '1.91', 80, '379.png', 409, 3, 'pv379.wav', 50, '205.00'),
(380, 80, 110, 270, 90, 20, 2, 90, 130, 1, NULL, 228, 246, 160, 3510, 190, '1.40', 80, '380.png', 410, 3, 'pv380.wav', 110, '40.00'),
(381, 90, 130, 270, 90, 20, 2, 80, 110, 1, NULL, 268, 212, 160, 3812, 190, '2.01', 80, '381.png', 411, 3, 'pv381.wav', 110, '60.00'),
(382, 100, 150, 302, 0, 20, 2, 90, 140, 1, NULL, 270, 228, 171, 4115, 205, '4.50', 100, '382.png', 412, 3, 'pv382.wav', 90, '352.00'),
(383, 150, 100, 302, 0, 20, 2, 140, 90, 1, NULL, 270, 228, 171, 4115, 205, '3.51', 100, '383.png', 413, 3, 'pv383.wav', 90, '950.00'),
(384, 150, 150, 306, 0, 20, 2, 90, 90, 1, NULL, 284, 170, 178, 3835, 213, '7.01', 105, '384.png', 414, 3, 'pv384.wav', 95, '206.50'),
(385, 100, 100, 270, 100, 20, 2, 100, 100, 0, NULL, 210, 210, 189, 3265, 225, '0.30', 100, '385.png', 415, 3, 'pv385.wav', 100, '1.10'),
(386, 150, 150, 270, 0, 20, 6, 50, 50, 1, NULL, 345, 115, 118, 3160, 137, '1.70', 50, '386.png', 416, 3, 'pv386.wav', 150, '60.80'),
(387, 68, 45, 64, 70, 3, 20, 64, 55, 10, 147, 119, 110, 125, 1187, 146, '0.40', 55, '387.png', 417, 4, 'pv387.wav', 31, '10.20'),
(388, 89, 55, 142, 70, 3, 10, 85, 65, 7, 147, 157, 143, 153, 1890, 181, '1.10', 75, '388.png', 418, 4, 'pv388.wav', 36, '97.00'),
(389, 109, 75, 236, 70, 3, 5, 105, 85, 5, 147, 202, 188, 180, 2934, 216, '2.20', 95, '389.png', 419, 4, 'pv389.wav', 56, '310.00'),
(390, 58, 58, 62, 70, 3, 20, 44, 44, 10, 148, 113, 86, 111, 957, 127, '0.50', 44, '390.png', 420, 4, 'pv390.wav', 61, '6.20'),
(391, 78, 78, 142, 70, 3, 10, 52, 52, 7, 148, 158, 105, 138, 1574, 162, '0.90', 64, '391.png', 421, 4, 'pv391.wav', 81, '22.00');
INSERT INTO `pokemon` (`id`, `attack`, `attack_spe`, `base_experience`, `base_happiness`, `buddy_walk`, `capture_rate`, `defense`, `defense_spe`, `escape_rate`, `evolve`, `go_attack`, `go_defense`, `go_hp`, `go_pc`, `go_stamina`, `height`, `hp`, `image`, `order`, `pokedex`, `scream`, `speed`, `weight`) VALUES
(392, 104, 104, 240, 70, 3, 5, 71, 71, 5, 148, 222, 151, 154, 2683, 183, '1.20', 76, '392.png', 422, 4, 'pv392.wav', 108, '55.00'),
(393, 51, 61, 63, 70, 3, 20, 53, 56, 10, 149, 112, 102, 122, 1075, 142, '0.40', 53, '393.png', 423, 4, 'pv393.wav', 40, '5.20'),
(394, 66, 81, 142, 70, 3, 10, 68, 76, 7, 149, 150, 139, 138, 1701, 162, '0.80', 64, '394.png', 424, 4, 'pv394.wav', 50, '23.00'),
(395, 86, 111, 239, 70, 3, 5, 88, 101, 5, 149, 210, 186, 165, 2900, 197, '1.70', 84, '395.png', 425, 4, 'pv395.wav', 60, '84.50'),
(396, 55, 30, 49, 70, 1, 50, 30, 30, 20, 150, 101, 58, 105, 719, 120, '0.30', 40, '396.png', 426, 4, 'pv396.wav', 60, '2.00'),
(397, 75, 40, 119, 70, 1, 25, 50, 40, 9, 150, 142, 94, 125, 1299, 146, '0.60', 55, '397.png', 427, 4, 'pv397.wav', 80, '15.50'),
(398, 120, 50, 218, 70, 1, 13, 70, 60, 6, 150, 234, 140, 166, 2825, 198, '1.20', 85, '398.png', 428, 4, 'pv398.wav', 100, '24.90'),
(399, 45, 35, 50, 70, 1, 50, 40, 40, 20, 151, 80, 73, 131, 721, 153, '0.50', 59, '399.png', 429, 4, 'pv399.wav', 31, '20.00'),
(400, 85, 55, 144, 70, 1, 20, 60, 60, 7, 151, 162, 119, 158, 1823, 188, '1.00', 79, '400.png', 430, 4, 'pv400.wav', 71, '31.50'),
(401, 25, 25, 39, 70, 1, 50, 41, 41, 20, 152, 45, 74, 100, 401, 114, '0.30', 37, '401.png', 431, 4, 'pv401.wav', 25, '2.20'),
(402, 85, 55, 134, 70, 1, 20, 51, 51, 7, 152, 160, 100, 155, 1653, 184, '1.00', 77, '402.png', 432, 4, 'pv402.wav', 65, '25.50'),
(403, 65, 40, 53, 70, 5, 50, 34, 34, 10, 153, 117, 64, 111, 876, 128, '0.50', 45, '403.png', 433, 4, 'pv403.wav', 45, '9.50'),
(404, 85, 60, 127, 100, 5, 25, 49, 49, 7, 153, 159, 95, 132, 1486, 155, '0.90', 60, '404.png', 434, 4, 'pv404.wav', 60, '30.50'),
(405, 120, 95, 235, 70, 5, 13, 79, 79, 5, 153, 232, 156, 160, 2888, 190, '1.40', 80, '405.png', 435, 4, 'pv405.wav', 70, '42.00'),
(406, 30, 50, 56, 70, 3, 10, 35, 70, 4, 124, 91, 109, 105, 856, 120, '0.20', 40, '406.png', 341, 4, 'pv406.wav', 55, '1.20'),
(407, 70, 125, 232, 70, 3, 15, 65, 105, 7, 124, 243, 185, 132, 2971, 155, '0.90', 60, '407.png', 343, 4, 'pv407.wav', 90, '14.50'),
(408, 125, 30, 70, 70, 5, 50, 40, 30, 10, 154, 218, 71, 142, 1820, 167, '0.90', 67, '408.png', 436, 4, 'pv408.wav', 58, '31.50'),
(409, 165, 65, 173, 70, 5, 20, 60, 50, 6, 154, 295, 109, 182, 3298, 219, '1.60', 97, '409.png', 437, 4, 'pv409.wav', 58, '102.50'),
(410, 42, 42, 70, 70, 5, 50, 118, 88, 10, 155, 76, 195, 91, 890, 102, '0.50', 30, '410.png', 438, 4, 'pv410.wav', 30, '57.00'),
(411, 52, 47, 173, 70, 5, 20, 168, 138, 6, 155, 94, 286, 132, 1539, 155, '1.30', 60, '411.png', 439, 4, 'pv411.wav', 30, '149.50'),
(412, 29, 29, 45, 70, 1, 50, 45, 45, 20, 157, 53, 83, 105, 488, 120, '0.20', 40, '412.png', 440, 4, 'pv412.wav', 36, '3.40'),
(413, 59, 79, 148, 70, 1, 15, 85, 105, 7, 157, 141, 180, 132, 1773, 155, '0.50', 60, '413.png', 441, 4, 'pv413.wav', 36, '6.50'),
(414, 94, 94, 148, 70, 1, 15, 50, 50, 7, 156, 185, 98, 146, 1815, 172, '0.90', 70, '414.png', 442, 4, 'pv414.wav', 66, '23.30'),
(415, 30, 30, 49, 70, 3, 15, 42, 42, 7, 158, 59, 83, 91, 494, 102, '0.30', 30, '415.png', 443, 4, 'pv415.wav', 70, '5.50'),
(416, 80, 80, 166, 70, 3, 15, 102, 102, 7, 158, 149, 190, 146, 2005, 172, '1.20', 70, '416.png', 444, 4, 'pv416.wav', 40, '38.50'),
(417, 45, 45, 142, 100, 5, 30, 70, 90, 9, NULL, 94, 172, 132, 1213, 155, '0.40', 60, '417.png', 445, 4, 'pv417.wav', 95, '3.90'),
(418, 65, 60, 66, 70, 3, 50, 35, 30, 10, 159, 132, 67, 125, 1054, 146, '0.70', 55, '418.png', 446, 4, 'pv418.wav', 85, '29.50'),
(419, 105, 85, 173, 70, 3, 20, 55, 50, 6, 159, 221, 114, 166, 2443, 198, '1.10', 85, '419.png', 447, 4, 'pv419.wav', 115, '33.50'),
(420, 35, 62, 55, 70, 1, 50, 45, 53, 9, 160, 108, 92, 111, 950, 128, '0.40', 45, '420.png', 448, 4, 'pv420.wav', 35, '3.30'),
(421, 60, 87, 158, 70, 1, 10, 70, 78, 7, 160, 170, 153, 146, 2048, 172, '0.50', 70, '421.png', 449, 4, 'pv421.wav', 85, '9.30'),
(422, 48, 57, 65, 70, 3, 50, 48, 62, 10, 161, 103, 105, 154, 1136, 183, '0.30', 76, '422.png', 450, 4, 'pv422.wav', 34, '6.30'),
(423, 83, 92, 166, 70, 3, 20, 68, 82, 6, 161, 169, 143, 202, 2324, 244, '0.90', 111, '423.png', 451, 4, 'pv423.wav', 39, '29.90'),
(424, 100, 60, 169, 100, 3, 20, 66, 66, 6, 82, 205, 143, 153, 2418, 181, '1.20', 75, '424.png', 220, 4, 'pv424.wav', 115, '20.30'),
(425, 50, 60, 70, 70, 5, 40, 34, 44, 10, 162, 117, 80, 173, 1197, 207, '0.40', 90, '425.png', 452, 4, 'pv425.wav', 70, '1.20'),
(426, 80, 90, 174, 70, 5, 20, 44, 54, 7, 162, 180, 102, 255, 2382, 312, '1.20', 150, '426.png', 453, 4, 'pv426.wav', 80, '15.00'),
(427, 66, 44, 70, 0, 3, 50, 44, 56, 10, 163, 130, 105, 125, 1258, 146, '0.40', 55, '427.png', 454, 4, 'pv427.wav', 85, '5.50'),
(428, 76, 54, 168, 140, 3, 20, 84, 96, 6, 163, 156, 194, 139, 2059, 163, '1.20', 65, '428.png', 455, 4, 'pv428.wav', 105, '33.30'),
(429, 60, 105, 173, 35, 3, 10, 60, 105, 7, 87, 211, 187, 132, 2615, 155, '0.90', 60, '429.png', 230, 4, 'pv429.wav', 105, '4.40'),
(430, 125, 105, 177, 35, 3, 10, 52, 52, 7, 86, 243, 103, 187, 2711, 225, '0.90', 100, '430.png', 228, 4, 'pv430.wav', 71, '27.30'),
(431, 55, 42, 62, 70, 3, 40, 42, 37, 10, 164, 109, 82, 117, 934, 135, '0.50', 49, '431.png', 456, 4, 'pv431.wav', 85, '3.90'),
(432, 82, 64, 158, 70, 3, 15, 64, 59, 8, 164, 172, 133, 147, 1953, 174, '1.00', 71, '432.png', 457, 4, 'pv432.wav', 112, '43.80'),
(433, 30, 65, 57, 70, 5, 10, 50, 50, 4, 141, 114, 94, 111, 1005, 128, '0.20', 45, '433.png', 387, 4, 'pv433.wav', 45, '0.60'),
(434, 63, 41, 66, 70, 3, 50, 47, 41, 10, 165, 121, 90, 136, 1151, 160, '0.40', 63, '434.png', 458, 4, 'pv434.wav', 74, '19.20'),
(435, 93, 71, 168, 70, 3, 20, 67, 61, 6, 165, 184, 132, 191, 2358, 230, '1.00', 103, '435.png', 459, 4, 'pv435.wav', 84, '38.00'),
(436, 24, 24, 60, 70, 3, 50, 86, 86, 10, 166, 43, 154, 128, 603, 149, '0.50', 57, '436.png', 460, 4, 'pv436.wav', 23, '60.50'),
(437, 89, 79, 175, 70, 3, 20, 116, 116, 6, 166, 161, 213, 142, 2239, 167, '1.30', 67, '437.png', 461, 4, 'pv437.wav', 33, '187.00'),
(438, 80, 10, 58, 70, 5, 10, 95, 45, 4, 80, 124, 133, 118, 1302, 137, '0.50', 50, '438.png', 214, 4, 'pv438.wav', 10, '15.00'),
(439, 25, 70, 62, 70, 5, 10, 45, 90, 4, 56, 125, 142, 78, 1095, 85, '0.60', 20, '439.png', 139, 4, 'pv439.wav', 60, '13.00'),
(440, 5, 15, 110, 140, 5, 10, 5, 65, 4, 51, 25, 77, 187, 371, 225, '0.60', 100, '440.png', 126, 4, 'pv440.wav', 30, '24.40'),
(441, 65, 92, 144, 35, 5, 30, 45, 42, 9, NULL, 183, 91, 154, 1791, 183, '0.50', 76, '441.png', 462, 4, 'pv441.wav', 91, '1.90'),
(442, 92, 92, 170, 70, 5, 10, 108, 108, 4, NULL, 169, 199, 118, 2072, 137, '1.00', 50, '442.png', 463, 4, 'pv442.wav', 35, '108.00'),
(443, 70, 40, 60, 70, 5, 40, 45, 45, 9, 167, 124, 84, 129, 1112, 151, '0.70', 58, '443.png', 464, 4, 'pv443.wav', 42, '20.50'),
(444, 90, 50, 144, 70, 5, 10, 65, 55, 6, 167, 172, 125, 143, 1874, 169, '1.40', 68, '444.png', 465, 4, 'pv444.wav', 82, '56.00'),
(445, 130, 80, 270, 70, 5, 5, 95, 85, 5, 167, 261, 193, 198, 3962, 239, '1.90', 108, '445.png', 466, 4, 'pv445.wav', 102, '95.00'),
(446, 85, 40, 78, 70, 5, 10, 40, 85, 4, 66, 137, 117, 235, 1892, 286, '0.60', 135, '446.png', 174, 4, 'pv446.wav', 5, '105.00'),
(447, 70, 35, 57, 70, 5, 0, 40, 40, 20, 168, 127, 78, 105, 993, 120, '0.70', 40, '447.png', 467, 4, 'pv447.wav', 60, '20.20'),
(448, 110, 115, 184, 70, 5, 10, 70, 70, 5, 168, 236, 144, 146, 2703, 172, '1.20', 70, '448.png', 468, 4, 'pv448.wav', 90, '54.00'),
(449, 72, 38, 66, 70, 3, 40, 78, 42, 10, 169, 124, 118, 143, 1358, 169, '0.80', 68, '449.png', 469, 4, 'pv449.wav', 32, '49.50'),
(450, 112, 68, 184, 70, 3, 15, 118, 72, 8, 169, 201, 191, 198, 3085, 239, '2.00', 108, '450.png', 470, 4, 'pv450.wav', 47, '300.00'),
(451, 50, 30, 66, 70, 5, 40, 90, 55, 10, 170, 93, 151, 105, 1009, 120, '0.80', 40, '451.png', 471, 4, 'pv451.wav', 65, '12.00'),
(452, 90, 60, 175, 70, 5, 15, 110, 75, 8, 170, 180, 202, 146, 2453, 172, '1.30', 70, '452.png', 472, 4, 'pv452.wav', 95, '61.50'),
(453, 61, 61, 60, 100, 3, 40, 40, 40, 12, 171, 116, 76, 116, 952, 134, '0.70', 48, '453.png', 473, 4, 'pv453.wav', 50, '23.00'),
(454, 106, 86, 172, 70, 3, 15, 65, 65, 7, 171, 211, 133, 164, 2488, 195, '1.30', 83, '454.png', 474, 4, 'pv454.wav', 85, '44.40'),
(455, 100, 90, 159, 70, 5, 90, 72, 72, 1, NULL, 187, 136, 151, 2159, 179, '1.40', 74, '455.png', 475, 4, 'pv455.wav', 46, '27.00'),
(456, 49, 49, 66, 70, 3, 50, 56, 61, 10, 172, 96, 116, 117, 971, 135, '0.40', 49, '456.png', 476, 4, 'pv456.wav', 66, '7.00'),
(457, 69, 69, 161, 70, 3, 20, 76, 86, 6, 172, 142, 170, 144, 1814, 170, '1.20', 69, '457.png', 477, 4, 'pv457.wav', 91, '24.00'),
(458, 20, 60, 69, 70, 5, 10, 50, 120, 4, 97, 105, 179, 111, 1248, 128, '1.00', 45, '458.png', 258, 4, 'pv458.wav', 50, '65.00'),
(459, 62, 62, 67, 70, 3, 30, 50, 60, 10, 173, 115, 105, 132, 1159, 155, '1.00', 60, '459.png', 478, 4, 'pv459.wav', 40, '50.50'),
(460, 92, 92, 173, 70, 3, 13, 75, 85, 6, 173, 178, 158, 173, 2362, 207, '2.20', 90, '460.png', 479, 4, 'pv460.wav', 60, '135.50'),
(461, 120, 45, 179, 35, 3, 15, 65, 85, 9, 92, 243, 171, 146, 3005, 172, '1.10', 70, '461.png', 246, 4, 'pv461.wav', 125, '34.00'),
(462, 70, 130, 241, 70, 3, 13, 115, 90, 5, 35, 238, 205, 146, 3205, 172, '1.20', 70, '462.png', 90, 4, 'pv462.wav', 60, '180.00'),
(463, 85, 80, 180, 70, 3, 15, 95, 95, 9, 48, 161, 181, 200, 2467, 242, '1.70', 110, '463.png', 120, 4, 'pv463.wav', 50, '240.00'),
(464, 140, 55, 241, 70, 3, 5, 130, 55, 5, 50, 241, 190, 207, 3733, 251, '2.40', 115, '464.png', 125, 4, 'pv464.wav', 40, '282.80'),
(465, 100, 110, 187, 70, 3, 15, 125, 50, 10, 52, 207, 184, 187, 3030, 225, '2.00', 100, '465.png', 130, 4, 'pv465.wav', 50, '128.60'),
(466, 123, 95, 243, 70, 5, 15, 67, 85, 10, 59, 249, 163, 153, 3079, 181, '1.80', 75, '466.png', 147, 4, 'pv466.wav', 95, '138.60'),
(467, 95, 125, 243, 70, 5, 15, 67, 95, 10, 60, 247, 172, 153, 3132, 181, '1.60', 75, '467.png', 150, 4, 'pv467.wav', 83, '68.00'),
(468, 50, 120, 245, 70, 3, 1, 95, 115, 5, 76, 225, 217, 166, 3332, 198, '1.50', 85, '468.png', 205, 4, 'pv468.wav', 80, '38.00'),
(469, 76, 116, 180, 70, 3, 18, 86, 56, 5, 84, 231, 156, 168, 2946, 200, '1.90', 86, '469.png', 224, 4, 'pv469.wav', 95, '51.50'),
(470, 110, 60, 184, 35, 5, 13, 130, 65, 6, 62, 216, 219, 139, 2944, 163, '1.00', 65, '470.png', 163, 4, 'pv470.wav', 95, '25.50'),
(471, 60, 130, 184, 35, 5, 13, 110, 95, 6, 62, 238, 205, 139, 3126, 163, '0.80', 65, '471.png', 164, 4, 'pv471.wav', 65, '25.90'),
(472, 95, 45, 179, 70, 5, 13, 125, 75, 9, 90, 185, 222, 153, 2692, 181, '2.00', 75, '472.png', 239, 4, 'pv472.wav', 95, '42.50'),
(473, 130, 70, 239, 70, 3, 5, 80, 60, 5, 95, 247, 146, 200, 3328, 242, '2.50', 110, '473.png', 253, 4, 'pv473.wav', 80, '291.00'),
(474, 80, 135, 241, 70, 3, 5, 70, 75, 5, 63, 264, 150, 166, 3266, 198, '0.90', 85, '474.png', 168, 4, 'pv474.wav', 90, '34.00'),
(475, 125, 65, 233, 35, 5, 50, 65, 115, 5, 112, 237, 195, 143, 3093, 169, '1.60', 68, '475.png', 308, 4, 'pv475.wav', 80, '52.00'),
(476, 55, 75, 184, 70, 3, 10, 145, 150, 7, 119, 135, 275, 132, 2080, 155, '1.40', 60, '476.png', 325, 4, 'pv476.wav', 40, '340.00'),
(477, 100, 65, 236, 35, 3, 10, 135, 135, 5, 140, 180, 254, 111, 2388, 128, '2.20', 45, '477.png', 385, 4, 'pv477.wav', 45, '106.60'),
(478, 80, 80, 168, 70, 3, 20, 70, 70, 7, 142, 171, 150, 146, 2040, 172, '1.30', 70, '478.png', 392, 4, 'pv478.wav', 110, '26.60'),
(479, 50, 95, 154, 70, 5, 30, 77, 77, 10, NULL, 185, 159, 118, 2031, 137, '0.30', 50, '479.png', 480, 4, 'pv479.wav', 91, '0.30'),
(480, 75, 75, 261, 140, 20, 2, 130, 130, 0, NULL, 156, 270, 154, 2524, 181, '0.30', 75, '480.png', 481, 4, 'pv480.wav', 95, '0.30'),
(481, 105, 105, 261, 140, 20, 2, 105, 105, 0, NULL, 212, 212, 162, 3058, 190, '0.30', 80, '481.png', 482, 4, 'pv481.wav', 80, '0.30'),
(482, 125, 125, 261, 140, 20, 2, 70, 70, 0, NULL, 270, 151, 154, 3210, 181, '0.30', 75, '482.png', 483, 4, 'pv482.wav', 115, '0.30'),
(483, 120, 150, 306, 0, 20, 2, 120, 100, 4, NULL, 275, 211, 171, 4038, 205, '5.40', 100, '483.png', 484, 4, 'pv483.wav', 90, '683.00'),
(484, 120, 150, 306, 0, 20, 2, 100, 120, 4, NULL, 280, 215, 161, 3991, 189, '4.20', 90, '484.png', 485, 4, 'pv484.wav', 100, '336.00'),
(485, 90, 130, 270, 100, 20, 2, 106, 106, 4, NULL, 251, 213, 177, 3754, 209, '1.70', 91, '485.png', 486, 4, 'pv485.wav', 77, '430.00'),
(486, 160, 80, 302, 0, 20, 2, 110, 110, 4, NULL, 287, 210, 186, 4346, 221, '3.70', 110, '486.png', 487, 4, 'pv486.wav', 100, '420.00'),
(487, 100, 100, 306, 0, 20, 2, 120, 120, 4, NULL, 187, 225, 233, 3379, 284, '4.50', 150, '487.png', 488, 4, 'pv487.wav', 90, '750.00'),
(488, 70, 75, 270, 100, 20, 2, 120, 130, 4, NULL, 152, 258, 214, 2857, 260, '1.50', 120, '488.png', 489, 4, 'pv488.wav', 85, '85.60'),
(489, 80, 80, 216, 70, 20, 2, 80, 80, 0, NULL, 162, 162, 162, 2105, 190, '0.40', 80, '489.png', 490, 4, 'pv489.wav', 80, '3.10'),
(490, 100, 100, 270, 70, 20, 2, 100, 100, 0, NULL, 210, 210, 189, 3265, 225, '0.30', 100, '490.png', 491, 4, 'pv490.wav', 100, '1.40'),
(491, 90, 135, 270, 0, 20, 2, 90, 90, 0, NULL, 285, 198, 147, 3739, 172, '1.50', 70, '491.png', 492, 4, 'pv491.wav', 125, '50.50'),
(492, 100, 100, 270, 100, 20, 2, 100, 100, 0, NULL, 210, 210, 189, 3265, 225, '0.20', 100, '492.png', 493, 4, 'pv492.wav', 100, '2.10'),
(493, 120, 120, 324, 0, 20, 2, 120, 120, 0, NULL, 238, 238, 199, 3989, 237, '3.20', 120, '493.png', 494, 4, 'pv493.wav', 120, '320.00'),
(494, 100, 100, 270, 100, 20, 2, 100, 100, 0, NULL, 238, 238, 199, 3989, 237, '3.20', 100, '494.png', 495, 5, 'pv494.wav', 100, '320.00'),
(495, 45, 45, 62, 70, 3, 20, 55, 55, 10, 174, 88, 107, 113, 849, 128, '0.60', 45, '495.png', 496, 5, 'pv495.wav', 63, '8.10'),
(496, 60, 60, 145, 70, 3, 10, 75, 75, 10, 174, 122, 152, 134, 1441, 155, '0.80', 60, '496.png', 497, 5, 'pv496.wav', 83, '16.00'),
(497, 75, 75, 238, 70, 3, 5, 95, 95, 5, 174, 161, 204, 154, 2277, 181, '3.30', 75, '497.png', 498, 5, 'pv497.wav', 113, '63.00'),
(498, 63, 45, 62, 70, 3, 20, 45, 45, 10, 175, 115, 85, 140, 1083, 163, '0.50', 65, '498.png', 499, 5, 'pv498.wav', 45, '9.90'),
(499, 93, 70, 146, 70, 3, 10, 55, 55, 7, 175, 173, 106, 175, 1924, 207, '1.00', 90, '499.png', 500, 5, 'pv499.wav', 55, '55.50'),
(500, 123, 100, 238, 70, 3, 5, 65, 65, 5, 175, 235, 127, 203, 2982, 242, '1.60', 110, '500.png', 501, 5, 'pv500.wav', 65, '150.00'),
(501, 55, 63, 62, 70, 3, 20, 45, 45, 10, 176, 117, 85, 127, 1046, 146, '0.50', 55, '501.png', 502, 5, 'pv501.wav', 45, '5.90'),
(502, 75, 83, 145, 70, 3, 10, 60, 60, 7, 176, 159, 116, 154, 1741, 181, '0.80', 75, '502.png', 503, 5, 'pv502.wav', 60, '24.50'),
(503, 100, 108, 238, 70, 3, 5, 85, 70, 5, 176, 212, 157, 182, 2826, 216, '1.50', 95, '503.png', 504, 5, 'pv503.wav', 70, '94.60'),
(504, 55, 35, 51, 70, 1, 50, 39, 39, 20, 177, 98, 73, 113, 791, 128, '0.50', 45, '504.png', 505, 5, 'pv504.wav', 42, '11.60'),
(505, 85, 60, 147, 70, 1, 20, 69, 69, 7, 177, 165, 139, 134, 1819, 155, '1.10', 60, '505.png', 506, 5, 'pv505.wav', 77, '27.00'),
(506, 60, 25, 55, 70, 1, 50, 45, 45, 20, 178, 107, 86, 113, 915, 128, '0.40', 45, '506.png', 507, 5, 'pv506.wav', 55, '4.10'),
(507, 80, 35, 130, 70, 1, 25, 65, 65, 9, 178, 145, 126, 140, 1583, 163, '0.90', 65, '507.png', 508, 5, 'pv507.wav', 60, '14.70'),
(508, 110, 45, 225, 70, 1, 13, 90, 90, 5, 178, 206, 182, 168, 2827, 198, '1.20', 85, '508.png', 509, 5, 'pv508.wav', 80, '61.00'),
(509, 50, 50, 56, 70, 1, 50, 37, 37, 20, 179, 98, 73, 107, 772, 121, '0.40', 41, '509.png', 510, 5, 'pv509.wav', 66, '10.10'),
(510, 88, 88, 156, 70, 1, 20, 50, 50, 7, 179, 187, 106, 139, 1846, 162, '1.10', 64, '510.png', 511, 5, 'pv510.wav', 106, '37.50'),
(511, 53, 53, 63, 70, 3, 50, 48, 48, 20, 180, 104, 94, 120, 956, 137, '0.60', 50, '511.png', 512, 5, 'pv511.wav', 64, '10.50'),
(512, 98, 98, 174, 70, 3, 50, 63, 63, 20, 180, 206, 133, 154, 2350, 181, '1.10', 75, '512.png', 513, 5, 'pv512.wav', 101, '30.50'),
(513, 53, 53, 63, 70, 3, 20, 48, 48, 7, 181, 104, 94, 120, 956, 137, '0.60', 50, '513.png', 514, 5, 'pv513.wav', 64, '11.00'),
(514, 98, 98, 174, 70, 3, 50, 63, 63, 20, 181, 206, 133, 154, 2350, 181, '1.00', 75, '514.png', 515, 5, 'pv514.wav', 101, '28.00'),
(515, 53, 53, 63, 70, 3, 50, 48, 48, 20, 182, 104, 94, 120, 956, 137, '0.60', 50, '515.png', 516, 5, 'pv515.wav', 64, '13.50'),
(516, 98, 98, 174, 70, 3, 20, 63, 63, 7, 182, 206, 133, 154, 2350, 181, '1.00', 75, '516.png', 517, 5, 'pv516.wav', 101, '29.00'),
(517, 25, 67, 58, 70, 3, 50, 45, 55, 20, 183, 111, 92, 156, 1145, 183, '0.60', 76, '517.png', 518, 5, 'pv517.wav', 24, '23.30'),
(518, 55, 107, 170, 70, 3, 20, 85, 95, 7, 183, 183, 166, 211, 2723, 253, '1.10', 116, '518.png', 519, 5, 'pv518.wav', 29, '60.50'),
(519, 55, 36, 53, 70, 1, 50, 50, 30, 20, 184, 98, 80, 120, 848, 137, '0.30', 50, '519.png', 520, 5, 'pv519.wav', 43, '2.10'),
(520, 77, 50, 125, 70, 1, 25, 62, 42, 9, 184, 144, 107, 136, 1442, 158, '0.60', 62, '520.png', 521, 5, 'pv520.wav', 65, '15.00'),
(521, 115, 65, 220, 70, 1, 13, 80, 55, 5, 184, 226, 146, 162, 2734, 190, '1.20', 80, '521.png', 522, 5, 'pv521.wav', 93, '29.00'),
(522, 60, 50, 59, 70, 3, 30, 32, 32, 10, 185, 118, 64, 113, 882, 128, '0.80', 45, '522.png', 523, 5, 'pv522.wav', 76, '29.80'),
(523, 100, 80, 174, 70, 3, 10, 63, 63, 7, 185, 211, 136, 154, 2428, 181, '1.60', 75, '523.png', 524, 5, 'pv523.wav', 116, '79.50'),
(524, 75, 25, 56, 70, 3, 50, 85, 25, 15, 186, 121, 110, 127, 1205, 146, '0.40', 55, '524.png', 525, 5, 'pv524.wav', 15, '18.00'),
(525, 105, 50, 137, 70, 3, 25, 105, 40, 7, 186, 174, 143, 147, 2029, 172, '0.90', 70, '525.png', 526, 5, 'pv525.wav', 20, '102.00'),
(526, 135, 60, 232, 70, 3, 13, 130, 80, 5, 186, 226, 201, 168, 3228, 198, '1.70', 85, '526.png', 527, 5, 'pv526.wav', 25, '260.00'),
(527, 45, 55, 65, 70, 1, 50, 43, 43, 20, 187, 107, 85, 140, 1016, 163, '0.40', 65, '527.png', 528, 5, 'pv527.wav', 72, '2.10'),
(528, 57, 77, 149, 70, 1, 20, 55, 55, 7, 187, 161, 119, 143, 1716, 167, '0.90', 67, '528.png', 529, 5, 'pv528.wav', 114, '10.50'),
(529, 85, 30, 66, 70, 3, 50, 40, 45, 20, 188, 154, 85, 134, 1376, 155, '0.30', 60, '529.png', 530, 5, 'pv529.wav', 68, '8.50'),
(530, 135, 50, 178, 70, 3, 20, 60, 65, 7, 188, 255, 129, 203, 3244, 242, '0.70', 110, '530.png', 531, 5, 'pv530.wav', 88, '40.40'),
(531, 60, 60, 390, 70, 3, 5, 86, 86, 5, NULL, 114, 163, 193, 1682, 230, '1.10', 103, '531.png', 532, 5, 'pv531.wav', 50, '31.00'),
(532, 80, 25, 61, 70, 5, 50, 55, 35, 15, 189, 134, 87, 154, 1315, 181, '0.60', 75, '532.png', 533, 5, 'pv532.wav', 35, '12.50'),
(533, 105, 40, 142, 70, 5, 25, 85, 50, 7, 189, 180, 134, 168, 2169, 198, '1.20', 85, '533.png', 534, 5, 'pv533.wav', 40, '40.00'),
(534, 140, 55, 227, 70, 5, 13, 95, 65, 5, 189, 243, 158, 195, 3337, 233, '1.40', 105, '534.png', 535, 5, 'pv534.wav', 45, '87.00'),
(535, 50, 50, 59, 70, 3, 50, 40, 40, 15, 190, 98, 78, 120, 839, 137, '0.50', 50, '535.png', 536, 5, 'pv535.wav', 64, '4.50'),
(536, 65, 65, 134, 70, 3, 25, 55, 55, 7, 190, 128, 109, 154, 1392, 181, '0.80', 75, '536.png', 537, 5, 'pv536.wav', 69, '17.00'),
(537, 95, 85, 229, 70, 3, 13, 75, 75, 5, 190, 188, 150, 195, 2564, 233, '1.50', 105, '537.png', 538, 5, 'pv537.wav', 74, '62.00'),
(538, 100, 30, 163, 70, 5, 20, 85, 85, 7, NULL, 172, 160, 217, 2562, 260, '1.30', 120, '538.png', 539, 5, 'pv538.wav', 45, '55.50'),
(539, 125, 30, 163, 70, 5, 20, 75, 75, 7, NULL, 231, 153, 154, 2788, 181, '1.40', 75, '539.png', 540, 5, 'pv539.wav', 85, '51.00'),
(540, 53, 40, 62, 70, 1, 50, 70, 60, 15, 191, 96, 124, 113, 977, 128, '0.30', 45, '540.png', 541, 5, 'pv540.wav', 42, '2.50'),
(541, 63, 50, 133, 70, 1, 25, 90, 80, 7, 191, 115, 162, 127, 1370, 146, '0.50', 55, '541.png', 542, 5, 'pv541.wav', 42, '7.30'),
(542, 103, 70, 225, 70, 1, 13, 80, 80, 5, 191, 205, 165, 154, 2580, 181, '1.20', 75, '542.png', 543, 5, 'pv542.wav', 92, '20.50'),
(543, 45, 30, 52, 70, 1, 30, 59, 39, 10, 192, 83, 99, 92, 706, 102, '0.40', 30, '543.png', 544, 5, 'pv543.wav', 57, '5.30'),
(544, 55, 40, 126, 70, 1, 15, 99, 79, 5, 192, 100, 173, 106, 1144, 120, '1.20', 40, '544.png', 545, 5, 'pv544.wav', 47, '58.50'),
(545, 100, 55, 218, 70, 1, 20, 89, 69, 7, 192, 203, 175, 134, 2447, 155, '2.50', 60, '545.png', 546, 5, 'pv545.wav', 112, '200.50'),
(546, 27, 37, 56, 70, 1, 30, 60, 50, 10, 193, 71, 111, 106, 700, 120, '0.30', 40, '546.png', 547, 5, 'pv546.wav', 66, '0.60'),
(547, 67, 77, 168, 70, 1, 15, 85, 75, 5, 193, 164, 176, 134, 2014, 155, '0.70', 60, '547.png', 548, 5, 'pv547.wav', 116, '6.60'),
(548, 35, 70, 56, 70, 1, 30, 50, 50, 10, 194, 119, 91, 113, 1030, 128, '0.50', 45, '548.png', 549, 5, 'pv548.wav', 30, '6.60'),
(549, 60, 110, 168, 70, 1, 15, 75, 75, 5, 194, 214, 155, 147, 2550, 172, '1.10', 70, '549.png', 550, 5, 'pv549.wav', 90, '16.30'),
(550, 92, 80, 161, 70, 1, 20, 65, 55, 7, NULL, 189, 129, 147, 2090, 172, '1.00', 70, '550.png', 551, 5, 'pv550.wav', 98, '18.00'),
(551, 72, 35, 58, 70, 5, 50, 35, 35, 15, 195, 132, 69, 120, 1037, 137, '0.70', 50, '551.png', 552, 5, 'pv551.wav', 65, '15.20'),
(552, 82, 45, 123, 70, 5, 25, 45, 45, 7, 195, 155, 90, 134, 1418, 155, '1.00', 60, '552.png', 553, 5, 'pv552.wav', 74, '33.40'),
(553, 117, 65, 234, 70, 5, 13, 80, 70, 5, 195, 229, 158, 182, 3046, 216, '1.50', 95, '553.png', 554, 5, 'pv553.wav', 92, '96.30'),
(554, 90, 15, 63, 70, 3, 30, 45, 45, 9, 196, 153, 86, 147, 1442, 172, '0.60', 70, '554.png', 555, 5, 'pv554.wav', 50, '37.50'),
(555, 140, 30, 168, 70, 3, 10, 55, 55, 7, 196, 263, 114, 195, 3105, 233, '1.30', 105, '555.png', 556, 5, 'pv555.wav', 95, '92.90'),
(556, 86, 106, 161, 70, 1, 20, 67, 67, 7, NULL, 201, 130, 154, 2274, 181, '1.00', 75, '556.png', 557, 5, 'pv556.wav', 60, '28.00'),
(557, 65, 35, 65, 70, 1, 30, 85, 35, 10, 197, 118, 128, 120, 1224, 137, '0.30', 50, '557.png', 558, 5, 'pv557.wav', 55, '37.50'),
(558, 105, 65, 170, 70, 1, 10, 125, 75, 7, 197, 188, 200, 147, 2542, 172, '1.40', 70, '558.png', 559, 5, 'pv558.wav', 45, '200.00'),
(559, 75, 35, 70, 35, 3, 30, 70, 70, 9, 198, 132, 132, 120, 1372, 137, '0.60', 50, '559.png', 560, 5, 'pv559.wav', 48, '11.80'),
(560, 90, 45, 171, 70, 3, 10, 115, 115, 7, 198, 163, 222, 140, 2283, 163, '1.10', 65, '560.png', 561, 5, 'pv560.wav', 58, '30.00'),
(561, 58, 103, 172, 70, 5, 20, 80, 80, 7, NULL, 204, 167, 150, 2550, 176, '1.40', 72, '561.png', 562, 5, 'pv561.wav', 97, '14.00'),
(562, 30, 55, 61, 70, 3, 30, 85, 65, 10, 199, 95, 141, 103, 982, 116, '0.50', 38, '562.png', 563, 5, 'pv562.wav', 30, '1.50'),
(563, 50, 95, 169, 70, 3, 10, 145, 105, 7, 199, 163, 237, 131, 2273, 151, '1.70', 58, '563.png', 564, 5, 'pv563.wav', 30, '76.50'),
(564, 78, 53, 71, 70, 5, 30, 103, 45, 10, 200, 134, 146, 125, 1488, 144, '0.70', 54, '564.png', 565, 5, 'pv564.wav', 22, '16.50'),
(565, 108, 83, 173, 70, 5, 10, 133, 65, 7, 200, 192, 197, 153, 2621, 179, '1.20', 74, '565.png', 566, 5, 'pv565.wav', 32, '81.00'),
(566, 112, 74, 71, 70, 5, 30, 45, 45, 9, 201, 213, 89, 127, 1842, 146, '0.50', 55, '566.png', 567, 5, 'pv566.wav', 70, '9.50'),
(567, 140, 112, 177, 70, 5, 10, 65, 65, 7, 201, 292, 139, 154, 3331, 181, '1.40', 75, '567.png', 568, 5, 'pv567.wav', 110, '32.00'),
(568, 50, 40, 66, 70, 3, 30, 62, 62, 9, 202, 96, 122, 120, 1000, 137, '0.60', 50, '568.png', 569, 5, 'pv568.wav', 65, '31.00'),
(569, 95, 60, 166, 70, 3, 10, 82, 82, 7, 202, 181, 164, 162, 2345, 190, '1.90', 80, '569.png', 570, 5, 'pv569.wav', 75, '107.30'),
(570, 65, 80, 66, 70, 5, 30, 40, 40, 9, 203, 153, 78, 106, 1175, 120, '0.70', 40, '570.png', 571, 5, 'pv570.wav', 65, '12.50'),
(571, 105, 120, 179, 70, 5, 10, 60, 60, 7, 203, 250, 127, 134, 2571, 155, '1.60', 60, '571.png', 572, 5, 'pv571.wav', 105, '81.10'),
(572, 50, 40, 60, 70, 3, 30, 40, 40, 10, 204, 98, 80, 127, 872, 146, '0.40', 55, '572.png', 573, 5, 'pv572.wav', 75, '5.80'),
(573, 95, 65, 165, 70, 3, 10, 60, 60, 7, 204, 198, 130, 154, 2242, 181, '0.50', 75, '573.png', 574, 5, 'pv573.wav', 115, '7.50'),
(574, 30, 55, 58, 70, 3, 50, 50, 65, 15, 205, 98, 112, 113, 951, 128, '0.40', 45, '574.png', 575, 5, 'pv574.wav', 45, '5.80'),
(575, 45, 75, 137, 70, 3, 25, 70, 85, 7, 205, 137, 153, 134, 1604, 155, '0.70', 60, '575.png', 576, 5, 'pv575.wav', 55, '18.00'),
(576, 55, 95, 221, 70, 3, 13, 95, 110, 5, 205, 176, 205, 147, 2419, 172, '1.50', 70, '576.png', 577, 5, 'pv576.wav', 65, '44.00'),
(577, 30, 105, 58, 70, 3, 50, 40, 50, 15, 206, 170, 83, 113, 1367, 128, '0.30', 45, '577.png', 578, 5, 'pv577.wav', 20, '1.00'),
(578, 40, 125, 130, 70, 3, 25, 50, 60, 7, 206, 208, 103, 140, 2018, 163, '0.60', 65, '578.png', 579, 5, 'pv578.wav', 30, '8.00'),
(579, 65, 125, 221, 70, 3, 13, 75, 85, 5, 206, 214, 148, 203, 2927, 242, '1.00', 110, '579.png', 580, 5, 'pv579.wav', 30, '20.10'),
(580, 44, 44, 61, 70, 3, 50, 50, 50, 15, 207, 84, 96, 136, 856, 158, '0.50', 62, '580.png', 581, 5, 'pv580.wav', 55, '5.50'),
(581, 87, 87, 166, 70, 3, 40, 63, 63, 12, 207, 182, 132, 154, 2088, 181, '1.30', 75, '581.png', 582, 5, 'pv581.wav', 98, '24.20'),
(582, 50, 65, 61, 70, 3, 10, 50, 60, 7, 208, 118, 106, 101, 1033, 113, '0.40', 36, '582.png', 583, 5, 'pv582.wav', 44, '5.70'),
(583, 65, 80, 138, 70, 3, 5, 65, 75, 5, 208, 151, 138, 121, 1591, 139, '1.10', 51, '583.png', 584, 5, 'pv583.wav', 59, '41.00'),
(584, 95, 110, 241, 70, 3, 13, 85, 95, 5, 208, 218, 184, 149, 2822, 174, '1.30', 71, '584.png', 585, 5, 'pv584.wav', 79, '57.50'),
(585, 60, 40, 67, 70, 3, 30, 50, 50, 10, 209, 115, 100, 134, 1135, 155, '0.60', 60, '585.png', 586, 5, 'pv585.wav', 75, '19.50'),
(586, 100, 60, 166, 70, 3, 15, 70, 70, 5, 209, 198, 146, 162, 2416, 190, '1.90', 80, '586.png', 587, 5, 'pv586.wav', 95, '92.50'),
(587, 75, 75, 150, 70, 1, 20, 60, 60, 7, NULL, 158, 127, 127, 1633, 146, '0.40', 55, '587.png', 588, 5, 'pv587.wav', 103, '5.00'),
(588, 75, 40, 63, 70, 3, 30, 45, 45, 10, 210, 137, 87, 120, 1182, 137, '0.50', 50, '588.png', 589, 5, 'pv588.wav', 60, '5.90'),
(589, 135, 60, 173, 70, 3, 13, 105, 105, 5, 210, 223, 187, 147, 2889, 172, '1.00', 70, '589.png', 590, 5, 'pv589.wav', 20, '33.00'),
(590, 55, 55, 59, 70, 3, 30, 45, 55, 10, 211, 97, 91, 146, 979, 170, '0.20', 69, '590.png', 591, 5, 'pv590.wav', 15, '1.00'),
(591, 85, 85, 162, 70, 3, 13, 70, 80, 5, 211, 155, 139, 208, 2140, 249, '0.60', 114, '591.png', 592, 5, 'pv591.wav', 30, '10.50'),
(592, 40, 65, 67, 70, 3, 30, 50, 85, 9, 212, 115, 134, 127, 1257, 146, '1.20', 55, '592.png', 593, 5, 'pv592.wav', 40, '33.00'),
(593, 60, 85, 168, 70, 3, 13, 70, 105, 5, 212, 159, 178, 189, 2338, 225, '2.20', 100, '593.png', 594, 5, 'pv593.wav', 60, '135.00'),
(594, 75, 40, 165, 70, 5, 20, 80, 45, 7, NULL, 138, 131, 278, 2169, 338, '1.20', 165, '594.png', 595, 5, 'pv594.wav', 65, '31.60'),
(595, 47, 57, 64, 70, 3, 30, 50, 50, 10, 213, 110, 98, 120, 1023, 137, '0.10', 50, '595.png', 596, 5, 'pv595.wav', 65, '0.60'),
(596, 77, 97, 165, 70, 3, 13, 60, 60, 5, 213, 201, 128, 147, 2206, 172, '0.80', 70, '596.png', 597, 5, 'pv596.wav', 108, '14.30'),
(597, 50, 24, 61, 70, 3, 30, 91, 86, 9, 214, 82, 155, 112, 941, 127, '0.60', 44, '597.png', 598, 5, 'pv597.wav', 10, '18.80'),
(598, 94, 54, 171, 70, 3, 13, 131, 116, 5, 214, 158, 223, 153, 2321, 179, '1.00', 74, '598.png', 599, 5, 'pv598.wav', 20, '110.00'),
(599, 55, 45, 60, 70, 5, 40, 70, 60, 10, 215, 98, 121, 106, 956, 120, '0.30', 40, '599.png', 600, 5, 'pv599.wav', 30, '21.00'),
(600, 80, 70, 154, 70, 5, 10, 95, 85, 7, 215, 150, 174, 134, 1847, 155, '0.60', 60, '600.png', 601, 5, 'pv600.wav', 50, '51.00'),
(601, 100, 70, 234, 70, 5, 5, 115, 85, 5, 215, 199, 214, 134, 2637, 155, '0.60', 60, '601.png', 602, 5, 'pv601.wav', 90, '81.00'),
(602, 55, 45, 55, 70, 1, 40, 40, 40, 15, 216, 105, 78, 99, 811, 111, '0.20', 35, '602.png', 603, 5, 'pv602.wav', 60, '0.30'),
(603, 85, 75, 142, 70, 1, 10, 70, 70, 7, 216, 156, 130, 140, 1715, 163, '1.20', 65, '603.png', 604, 5, 'pv603.wav', 40, '22.00'),
(604, 115, 105, 232, 70, 1, 5, 80, 80, 5, 216, 217, 152, 168, 2732, 198, '2.10', 85, '604.png', 605, 5, 'pv604.wav', 50, '80.50'),
(605, 55, 85, 67, 70, 3, 30, 55, 55, 10, 217, 148, 100, 127, 1385, 146, '0.50', 55, '605.png', 606, 5, 'pv605.wav', 30, '9.00'),
(606, 75, 125, 170, 70, 3, 15, 75, 95, 5, 217, 221, 163, 154, 2753, 181, '1.00', 75, '606.png', 607, 5, 'pv606.wav', 40, '34.50'),
(607, 30, 65, 55, 70, 5, 40, 55, 55, 9, 218, 108, 98, 120, 1006, 137, '0.30', 50, '607.png', 608, 5, 'pv607.wav', 20, '3.10'),
(608, 40, 95, 130, 70, 5, 10, 60, 60, 7, 218, 169, 115, 134, 1708, 155, '0.60', 60, '608.png', 609, 5, 'pv608.wav', 55, '13.00'),
(609, 55, 145, 234, 70, 5, 5, 90, 90, 5, 218, 271, 182, 134, 3268, 155, '1.00', 60, '609.png', 610, 5, 'pv609.wav', 80, '34.30'),
(610, 87, 30, 64, 35, 5, 40, 60, 40, 9, 219, 154, 101, 114, 1368, 130, '0.60', 46, '610.png', 611, 5, 'pv610.wav', 57, '18.00'),
(611, 117, 40, 144, 35, 5, 10, 70, 50, 7, 219, 212, 123, 142, 2234, 165, '1.00', 66, '611.png', 612, 5, 'pv611.wav', 67, '36.00'),
(612, 147, 60, 243, 35, 5, 5, 90, 70, 5, 219, 284, 172, 156, 3593, 183, '1.80', 76, '612.png', 613, 5, 'pv612.wav', 97, '105.50'),
(613, 70, 60, 61, 70, 3, 30, 40, 40, 10, 220, 128, 74, 127, 1069, 146, '0.50', 55, '613.png', 614, 5, 'pv613.wav', 40, '8.50'),
(614, 130, 70, 177, 70, 3, 15, 80, 80, 5, 220, 233, 152, 182, 3042, 216, '2.60', 95, '614.png', 615, 5, 'pv614.wav', 50, '260.00'),
(615, 50, 95, 180, 70, 5, 20, 50, 135, 7, NULL, 190, 218, 162, 2798, 190, '1.10', 80, '615.png', 616, 5, 'pv615.wav', 105, '148.00'),
(616, 40, 40, 61, 70, 3, 30, 85, 65, 10, 221, 72, 140, 120, 834, 137, '0.40', 50, '616.png', 617, 5, 'pv616.wav', 25, '7.70'),
(617, 70, 100, 173, 70, 3, 15, 40, 60, 5, 221, 220, 120, 162, 2441, 190, '0.80', 80, '617.png', 618, 5, 'pv617.wav', 145, '25.30'),
(618, 66, 81, 165, 70, 5, 20, 84, 99, 7, NULL, 144, 171, 201, 2162, 240, '0.70', 109, '618.png', 619, 5, 'pv618.wav', 32, '11.00'),
(619, 85, 55, 70, 70, 3, 30, 50, 50, 10, 222, 160, 98, 113, 1389, 128, '0.90', 45, '619.png', 620, 5, 'pv619.wav', 65, '20.00'),
(620, 125, 95, 179, 70, 3, 15, 60, 60, 5, 222, 258, 127, 140, 2710, 163, '1.40', 65, '620.png', 621, 5, 'pv620.wav', 105, '35.50'),
(621, 120, 60, 170, 70, 5, 20, 90, 90, 7, NULL, 213, 170, 157, 2732, 184, '1.60', 77, '621.png', 622, 5, 'pv621.wav', 48, '139.00'),
(622, 74, 35, 61, 70, 5, 30, 50, 50, 10, 223, 127, 92, 132, 1189, 153, '1.00', 59, '622.png', 623, 5, 'pv622.wav', 35, '92.00'),
(623, 124, 55, 169, 70, 5, 15, 80, 80, 5, 223, 222, 154, 173, 2854, 205, '2.80', 89, '623.png', 624, 5, 'pv623.wav', 55, '330.00'),
(624, 85, 40, 68, 35, 5, 30, 70, 40, 10, 224, 154, 114, 113, 1433, 128, '0.50', 45, '624.png', 625, 5, 'pv624.wav', 60, '10.20'),
(625, 125, 60, 172, 35, 5, 15, 100, 70, 5, 224, 232, 176, 140, 2844, 163, '1.60', 65, '625.png', 626, 5, 'pv625.wav', 70, '70.00'),
(626, 110, 40, 172, 70, 3, 20, 95, 95, 7, NULL, 195, 182, 182, 2797, 216, '1.60', 95, '626.png', 627, 5, 'pv626.wav', 55, '94.60'),
(627, 83, 37, 70, 70, 5, 30, 50, 50, 10, 225, 150, 97, 147, 1491, 172, '0.50', 70, '627.png', 628, 5, 'pv627.wav', 60, '10.50'),
(628, 123, 57, 179, 70, 5, 15, 75, 75, 5, 225, 232, 152, 189, 3088, 225, '1.50', 100, '628.png', 629, 5, 'pv628.wav', 80, '41.00'),
(629, 55, 45, 74, 35, 5, 30, 75, 65, 10, 226, 105, 139, 147, 1271, 172, '0.50', 70, '629.png', 630, 5, 'pv629.wav', 60, '9.00'),
(630, 65, 55, 179, 35, 5, 15, 105, 95, 5, 226, 129, 205, 203, 2138, 242, '1.20', 110, '630.png', 631, 5, 'pv630.wav', 80, '39.50'),
(631, 97, 105, 169, 70, 3, 20, 66, 66, 7, NULL, 204, 129, 168, 2395, 198, '1.40', 85, '631.png', 632, 5, 'pv631.wav', 65, '58.00'),
(632, 109, 48, 169, 70, 3, 20, 112, 48, 7, NULL, 217, 188, 131, 2659, 151, '0.30', 58, '632.png', 633, 5, 'pv632.wav', 109, '33.00'),
(633, 65, 45, 60, 35, 5, 40, 50, 50, 9, 227, 116, 93, 123, 1062, 141, '0.80', 52, '633.png', 634, 5, 'pv633.wav', 38, '17.30'),
(634, 85, 65, 147, 35, 5, 10, 70, 70, 7, 227, 159, 135, 150, 1839, 176, '1.40', 72, '634.png', 635, 5, 'pv634.wav', 58, '50.00'),
(635, 105, 125, 270, 35, 5, 5, 90, 90, 5, 227, 256, 188, 178, 3625, 211, '1.80', 92, '635.png', 636, 5, 'pv635.wav', 98, '160.00'),
(636, 85, 50, 72, 70, 5, 70, 55, 55, 15, 228, 156, 107, 127, 1496, 146, '1.10', 55, '636.png', 637, 5, 'pv636.wav', 60, '28.80'),
(637, 60, 135, 248, 70, 5, 10, 65, 105, 7, 228, 264, 189, 168, 3632, 198, '1.60', 85, '637.png', 638, 5, 'pv637.wav', 100, '46.00'),
(638, 90, 90, 261, 35, 20, 2, 129, 72, 1, NULL, 192, 229, 177, 3022, 209, '2.10', 91, '638.png', 639, 5, 'pv638.wav', 108, '250.00'),
(639, 129, 72, 261, 35, 20, 2, 90, 90, 1, NULL, 260, 192, 177, 3698, 209, '1.90', 91, '639.png', 640, 5, 'pv639.wav', 108, '260.00'),
(640, 90, 90, 261, 35, 20, 2, 72, 129, 1, NULL, 192, 229, 177, 3022, 209, '2.00', 91, '640.png', 641, 5, 'pv640.wav', 108, '200.00'),
(641, 115, 125, 261, 90, 20, 2, 70, 80, 1, NULL, 266, 164, 160, 3345, 188, '1.50', 79, '641.png', 642, 5, 'pv641.wav', 111, '63.00'),
(642, 115, 125, 261, 90, 20, 2, 70, 80, 1, NULL, 266, 164, 160, 3345, 188, '1.50', 79, '642.png', 643, 5, 'pv642.wav', 111, '61.00'),
(643, 120, 150, 306, 0, 20, 2, 100, 120, 1, NULL, 275, 211, 173, 4038, 205, '3.20', 100, '643.png', 644, 5, 'pv643.wav', 90, '330.00'),
(644, 150, 120, 306, 0, 20, 2, 120, 100, 1, NULL, 275, 211, 173, 4038, 205, '2.90', 100, '644.png', 645, 5, 'pv644.wav', 90, '345.00'),
(645, 125, 115, 270, 90, 20, 2, 90, 80, 1, NULL, 261, 182, 173, 3588, 205, '1.50', 89, '645.png', 646, 5, 'pv645.wav', 101, '68.00'),
(646, 130, 130, 297, 0, 20, 2, 90, 90, 1, NULL, 246, 170, 205, 3575, 245, '3.00', 125, '646.png', 647, 5, 'pv646.wav', 95, '325.00'),
(647, 72, 129, 261, 35, 20, 2, 90, 90, 1, NULL, 260, 192, 177, 3698, 209, '1.40', 91, '647.png', 648, 5, 'pv647.wav', 108, '48.50'),
(648, 77, 128, 270, 100, 20, 2, 77, 128, 1, NULL, 250, 225, 189, 3972, 225, '0.60', 100, '648.png', 649, 5, 'pv648.wav', 90, '6.50'),
(649, 120, 120, 270, 0, 20, 2, 95, 95, 1, NULL, 252, 199, 149, 3353, 174, '1.50', 71, '649.png', 650, 5, 'pv649.wav', 99, '82.50');

-- --------------------------------------------------------

--
-- Structure de la table `pokemon_abilitie`
--

CREATE TABLE `pokemon_abilitie` (
  `pokemon_id` int(4) UNSIGNED DEFAULT NULL,
  `abilitie_id` int(3) UNSIGNED DEFAULT NULL
) ENGINE=InnoDB DEFAULT CHARSET=utf8mb4 COLLATE=utf8mb4_unicode_ci;

--
-- Déchargement des données de la table `pokemon_abilitie`
--

INSERT INTO `pokemon_abilitie` (`pokemon_id`, `abilitie_id`) VALUES
(1, 34),
(1, 65),
(2, 34),
(2, 65),
(3, 34),
(3, 65),
(6, 94),
(6, 66),
(12, 110),
(12, 14),
(13, 50),
(13, 19),
(14, 61),
(15, 97),
(15, 68),
(16, 145),
(16, 77),
(16, 51),
(17, 145),
(17, 77),
(17, 51),
(18, 145),
(18, 77),
(18, 51),
(21, 97),
(21, 51),
(22, 97),
(22, 51),
(31, 125),
(31, 79),
(31, 38),
(34, 125),
(34, 79),
(34, 38),
(39, 132),
(39, 172),
(39, 56),
(40, 119),
(40, 172),
(40, 56),
(41, 151),
(41, 39),
(42, 151),
(42, 39),
(43, 50),
(43, 34),
(44, 34),
(45, 27),
(45, 34),
(46, 6),
(46, 87),
(46, 27),
(47, 6),
(47, 87),
(47, 27),
(48, 50),
(48, 110),
(48, 14),
(49, 147),
(49, 110),
(49, 19),
(62, 33),
(62, 6),
(62, 11),
(69, 82),
(69, 34),
(70, 82),
(70, 34),
(71, 82),
(71, 34),
(72, 44),
(72, 64),
(72, 29),
(73, 44),
(73, 64),
(73, 29),
(74, 8),
(74, 5),
(74, 69),
(75, 8),
(75, 5),
(75, 69),
(76, 8),
(76, 5),
(76, 69),
(79, 144),
(79, 20),
(79, 12),
(80, 144),
(80, 20),
(80, 12),
(81, 148),
(81, 5),
(81, 42),
(82, 148),
(82, 5),
(82, 42),
(83, 128),
(83, 39),
(83, 51),
(84, 77),
(84, 48),
(84, 50),
(85, 77),
(85, 48),
(85, 50),
(87, 115),
(87, 93),
(87, 47),
(91, 142),
(91, 92),
(91, 75),
(92, 26),
(93, 26),
(94, 130),
(95, 133),
(95, 5),
(95, 69),
(102, 139),
(102, 34),
(103, 139),
(103, 34),
(111, 120),
(111, 69),
(111, 31),
(112, 120),
(112, 69),
(112, 31),
(121, 148),
(121, 30),
(121, 35),
(122, 101),
(122, 111),
(122, 43),
(123, 80),
(123, 101),
(123, 68),
(124, 87),
(124, 108),
(124, 12),
(130, 153),
(130, 22),
(131, 93),
(131, 75),
(131, 11),
(138, 133),
(138, 75),
(138, 33),
(139, 133),
(139, 75),
(139, 33),
(140, 133),
(140, 4),
(140, 33),
(141, 133),
(141, 4),
(141, 33),
(142, 127),
(142, 46),
(142, 69),
(144, 81),
(144, 46),
(145, 9),
(145, 46),
(146, 49),
(146, 46),
(149, 136),
(149, 39),
(163, 110),
(163, 51),
(163, 15),
(164, 110),
(164, 51),
(164, 15),
(165, 155),
(165, 48),
(165, 68),
(166, 89),
(166, 48),
(166, 68),
(167, 97),
(167, 15),
(167, 68),
(168, 97),
(168, 15),
(168, 68),
(169, 151),
(169, 39),
(170, 11),
(170, 35),
(170, 10),
(171, 11),
(171, 35),
(171, 10),
(174, 132),
(174, 172),
(174, 56),
(176, 105),
(176, 32),
(176, 55),
(177, 156),
(177, 48),
(177, 28),
(178, 156),
(178, 48),
(178, 28),
(183, 157),
(183, 37),
(183, 47),
(184, 157),
(184, 37),
(184, 47),
(187, 151),
(187, 102),
(187, 34),
(188, 151),
(188, 102),
(188, 34),
(189, 151),
(189, 102),
(189, 34),
(193, 119),
(193, 14),
(193, 3),
(194, 109),
(194, 11),
(194, 6),
(195, 109),
(195, 11),
(195, 6),
(198, 158),
(198, 105),
(198, 15),
(199, 144),
(199, 20),
(199, 12),
(203, 157),
(203, 48),
(203, 39),
(205, 142),
(205, 5),
(207, 17),
(207, 8),
(207, 52),
(208, 125),
(208, 5),
(208, 69),
(211, 22),
(211, 33),
(211, 38),
(212, 135),
(212, 101),
(212, 68),
(213, 126),
(213, 82),
(213, 5),
(214, 153),
(214, 62),
(214, 68),
(215, 124),
(215, 51),
(215, 39),
(219, 133),
(219, 49),
(219, 40),
(220, 47),
(220, 81),
(220, 12),
(221, 47),
(221, 81),
(221, 12),
(222, 144),
(222, 30),
(222, 55),
(225, 15),
(225, 55),
(225, 72),
(226, 41),
(226, 11),
(226, 33),
(227, 133),
(227, 5),
(227, 51),
(228, 127),
(228, 18),
(228, 48),
(229, 127),
(229, 18),
(229, 48),
(230, 6),
(230, 97),
(230, 33),
(238, 93),
(238, 108),
(238, 12),
(246, 8),
(246, 62),
(247, 61),
(248, 127),
(248, 45),
(249, 136),
(249, 46),
(250, 144),
(250, 46),
(251, 30),
(256, 3),
(256, 66),
(257, 3),
(257, 66),
(259, 6),
(259, 67),
(260, 6),
(260, 67),
(267, 79),
(267, 68),
(269, 14),
(269, 19),
(270, 20),
(270, 44),
(270, 33),
(271, 20),
(271, 44),
(271, 33),
(272, 20),
(272, 44),
(272, 33),
(274, 124),
(274, 48),
(274, 34),
(275, 124),
(275, 48),
(275, 34),
(276, 113),
(276, 62),
(277, 113),
(277, 62),
(278, 44),
(278, 93),
(278, 51),
(279, 44),
(279, 2),
(279, 51),
(280, 140),
(280, 36),
(280, 28),
(281, 140),
(281, 36),
(281, 28),
(282, 140),
(282, 36),
(282, 28),
(283, 44),
(283, 33),
(284, 127),
(284, 22),
(286, 101),
(286, 90),
(286, 27),
(290, 50),
(290, 14),
(291, 151),
(291, 3),
(292, 25),
(298, 157),
(298, 37),
(298, 47),
(302, 158),
(302, 100),
(302, 51),
(303, 125),
(303, 22),
(303, 52),
(304, 134),
(304, 69),
(304, 5),
(305, 134),
(305, 69),
(305, 5),
(306, 134),
(306, 69),
(306, 5),
(307, 140),
(307, 74),
(308, 140),
(308, 74),
(315, 102),
(315, 38),
(315, 30),
(318, 3),
(318, 24),
(319, 3),
(319, 24),
(322, 20),
(322, 86),
(322, 12),
(323, 83),
(323, 116),
(323, 40),
(329, 26),
(330, 26),
(332, 11),
(332, 8),
(333, 13),
(333, 30),
(334, 13),
(334, 30),
(337, 26),
(338, 26),
(339, 93),
(339, 107),
(339, 12),
(340, 93),
(340, 107),
(340, 12),
(342, 91),
(342, 75),
(342, 52),
(343, 26),
(344, 26),
(345, 114),
(345, 21),
(346, 114),
(346, 21),
(347, 33),
(347, 4),
(348, 33),
(348, 4),
(357, 139),
(357, 94),
(357, 34),
(363, 12),
(363, 115),
(363, 47),
(364, 12),
(364, 115),
(364, 47),
(365, 12),
(365, 115),
(365, 47),
(369, 5),
(369, 69),
(369, 33),
(373, 153),
(373, 22),
(374, 135),
(374, 29),
(375, 135),
(375, 29),
(376, 135),
(376, 29),
(380, 26),
(381, 26),
(384, 76),
(385, 32),
(389, 75),
(389, 65),
(391, 89),
(391, 66),
(392, 89),
(392, 66),
(395, 128),
(395, 67),
(396, 120),
(396, 51),
(397, 120),
(397, 22),
(398, 120),
(398, 22),
(400, 141),
(400, 109),
(400, 86),
(406, 102),
(406, 38),
(406, 30),
(407, 101),
(407, 38),
(407, 30),
(410, 43),
(410, 5),
(411, 43),
(411, 5),
(413, 142),
(413, 107),
(414, 110),
(414, 68),
(415, 55),
(415, 118),
(416, 127),
(416, 46),
(423, 159),
(423, 114),
(423, 60),
(425, 138),
(425, 84),
(425, 106),
(426, 138),
(426, 84),
(426, 106),
(430, 153),
(430, 105),
(430, 15),
(434, 51),
(434, 106),
(435, 51),
(435, 106),
(436, 134),
(436, 85),
(436, 26),
(437, 134),
(437, 85),
(437, 26),
(439, 101),
(439, 111),
(439, 43),
(441, 145),
(441, 77),
(441, 51),
(442, 151),
(442, 46),
(443, 24),
(443, 8),
(444, 24),
(444, 8),
(445, 24),
(445, 8),
(448, 154),
(448, 39),
(448, 80),
(451, 51),
(451, 97),
(451, 4),
(452, 51),
(452, 97),
(452, 4),
(453, 143),
(453, 87),
(453, 107),
(454, 143),
(454, 87),
(454, 107),
(458, 41),
(458, 11),
(458, 33),
(459, 43),
(459, 117),
(460, 43),
(460, 117),
(461, 124),
(461, 46),
(462, 148),
(462, 5),
(462, 42),
(464, 120),
(464, 116),
(464, 31),
(468, 105),
(468, 32),
(468, 55),
(469, 119),
(469, 110),
(469, 3),
(472, 90),
(472, 8),
(472, 52),
(473, 47),
(473, 81),
(473, 12),
(475, 154),
(475, 80),
(476, 159),
(476, 42),
(476, 5),
(478, 130),
(478, 81),
(479, 26),
(483, 140),
(483, 46),
(484, 140),
(484, 46),
(485, 49),
(485, 18),
(487, 140),
(487, 46),
(494, 162),
(499, 47),
(499, 66),
(500, 120),
(500, 66),
(519, 79),
(519, 105),
(519, 145),
(520, 79),
(520, 105),
(520, 145),
(521, 79),
(521, 105),
(521, 145),
(527, 86),
(527, 103),
(527, 109),
(528, 86),
(528, 103),
(528, 109),
(530, 104),
(530, 159),
(530, 146),
(536, 11),
(536, 93),
(536, 33),
(537, 11),
(537, 143),
(537, 33),
(539, 104),
(539, 39),
(539, 5),
(540, 142),
(540, 34),
(540, 68),
(541, 142),
(541, 34),
(541, 102),
(542, 142),
(542, 34),
(542, 68),
(543, 3),
(543, 68),
(543, 38),
(544, 3),
(544, 68),
(544, 38),
(545, 3),
(545, 68),
(545, 38),
(546, 34),
(546, 151),
(546, 158),
(547, 34),
(547, 151),
(547, 158),
(551, 83),
(551, 153),
(551, 22),
(552, 83),
(552, 153),
(552, 22),
(553, 83),
(553, 153),
(553, 22),
(557, 133),
(557, 75),
(557, 5),
(558, 133),
(558, 75),
(558, 5),
(559, 22),
(559, 153),
(559, 61),
(560, 22),
(560, 153),
(560, 61),
(561, 110),
(561, 98),
(561, 147),
(564, 33),
(564, 5),
(564, 116),
(565, 33),
(565, 5),
(565, 116),
(566, 129),
(567, 129),
(580, 93),
(580, 145),
(580, 51),
(581, 93),
(581, 145),
(581, 51),
(585, 32),
(585, 157),
(585, 34),
(586, 32),
(586, 157),
(586, 34),
(587, 78),
(587, 9),
(589, 142),
(589, 75),
(589, 68),
(590, 144),
(590, 27),
(591, 144),
(591, 27),
(592, 6),
(592, 130),
(592, 11),
(593, 6),
(593, 130),
(593, 11),
(595, 68),
(595, 127),
(595, 14),
(596, 68),
(596, 127),
(596, 14),
(597, 160),
(598, 107),
(598, 160),
(607, 151),
(607, 49),
(607, 18),
(608, 151),
(608, 49),
(608, 18),
(609, 151),
(609, 49),
(609, 18),
(618, 8),
(618, 7),
(618, 9),
(622, 99),
(622, 103),
(622, 89),
(623, 99),
(623, 103),
(623, 89),
(624, 46),
(624, 39),
(624, 128),
(625, 46),
(625, 39),
(625, 128),
(627, 55),
(627, 125),
(627, 51),
(628, 128),
(628, 125),
(628, 51),
(629, 133),
(629, 142),
(629, 145),
(630, 133),
(630, 142),
(630, 145),
(632, 54),
(632, 55),
(632, 68),
(633, 55),
(634, 55),
(635, 26),
(636, 68),
(636, 49),
(637, 68),
(637, 49),
(638, 154),
(639, 154),
(640, 154),
(642, 128),
(642, 158),
(643, 163),
(644, 164),
(645, 125),
(645, 159),
(646, 46),
(647, 154),
(648, 32),
(649, 88);

-- --------------------------------------------------------

--
-- Structure de la table `pokemon_fastmove`
--

CREATE TABLE `pokemon_fastmove` (
  `pokemon_id` int(4) UNSIGNED DEFAULT NULL,
  `fastmove_id` int(3) UNSIGNED DEFAULT NULL
) ENGINE=InnoDB DEFAULT CHARSET=utf8mb4 COLLATE=utf8mb4_unicode_ci;

--
-- Déchargement des données de la table `pokemon_fastmove`
--

INSERT INTO `pokemon_fastmove` (`pokemon_id`, `fastmove_id`) VALUES
(1, 18),
(1, 40),
(2, 18),
(2, 9),
(3, 18),
(3, 9),
(4, 17),
(4, 34),
(5, 34),
(5, 14),
(6, 20),
(6, 11),
(7, 40),
(7, 44),
(8, 43),
(8, 15),
(9, 43),
(9, 15),
(10, 30),
(10, 40),
(11, 30),
(11, 40),
(12, 45),
(12, 13),
(13, 30),
(13, 53),
(14, 30),
(14, 53),
(15, 12),
(15, 47),
(16, 40),
(16, 39),
(17, 35),
(17, 2),
(18, 2),
(18, 20),
(19, 40),
(19, 39),
(20, 15),
(20, 39),
(21, 39),
(21, 36),
(22, 36),
(22, 2),
(23, 53),
(23, 23),
(24, 15),
(24, 23),
(24, 3),
(25, 50),
(25, 39),
(26, 49),
(26, 48),
(27, 51),
(27, 17),
(28, 51),
(28, 22),
(29, 53),
(29, 15),
(30, 53),
(30, 15),
(31, 15),
(31, 12),
(32, 53),
(32, 36),
(33, 53),
(33, 12),
(34, 12),
(34, 4),
(35, 19),
(35, 26),
(36, 56),
(36, 26),
(37, 39),
(37, 34),
(38, 25),
(38, 11),
(39, 19),
(39, 25),
(40, 19),
(40, 25),
(41, 15),
(41, 39),
(42, 15),
(42, 35),
(43, 23),
(43, 9),
(44, 23),
(44, 9),
(45, 23),
(45, 9),
(46, 30),
(46, 17),
(47, 55),
(47, 45),
(48, 30),
(48, 13),
(49, 47),
(49, 13),
(50, 51),
(50, 17),
(50, 29),
(51, 51),
(51, 31),
(51, 29),
(52, 15),
(52, 17),
(53, 17),
(53, 25),
(54, 43),
(54, 26),
(55, 43),
(55, 13),
(56, 17),
(56, 33),
(57, 32),
(57, 6),
(58, 15),
(58, 34),
(59, 14),
(59, 28),
(60, 51),
(60, 44),
(61, 51),
(61, 44),
(62, 44),
(62, 21),
(63, 56),
(63, 26),
(64, 52),
(64, 13),
(65, 52),
(65, 13),
(66, 33),
(66, 21),
(67, 32),
(67, 33),
(68, 42),
(68, 6),
(69, 18),
(69, 23),
(70, 58),
(70, 23),
(71, 23),
(71, 9),
(72, 53),
(72, 44),
(73, 23),
(73, 12),
(74, 40),
(74, 5),
(75, 51),
(75, 5),
(75, 29),
(76, 51),
(76, 5),
(76, 29),
(77, 40),
(77, 34),
(78, 32),
(78, 11),
(79, 43),
(79, 13),
(80, 43),
(80, 13),
(81, 50),
(81, 49),
(82, 49),
(82, 56),
(83, 55),
(83, 20),
(84, 39),
(84, 36),
(85, 25),
(85, 2),
(86, 37),
(86, 43),
(86, 38),
(87, 24),
(87, 4),
(88, 23),
(88, 12),
(88, 29),
(89, 23),
(89, 47),
(89, 12),
(90, 40),
(90, 38),
(91, 24),
(91, 38),
(92, 40),
(92, 5),
(93, 57),
(93, 10),
(94, 37),
(94, 31),
(94, 54),
(95, 40),
(95, 5),
(96, 19),
(96, 13),
(97, 26),
(97, 13),
(98, 51),
(98, 44),
(99, 22),
(99, 44),
(100, 40),
(100, 49),
(101, 49),
(101, 48),
(102, 58),
(102, 13),
(103, 58),
(103, 27),
(104, 21),
(104, 29),
(105, 21),
(105, 29),
(106, 32),
(106, 21),
(107, 42),
(107, 6),
(108, 37),
(108, 26),
(109, 40),
(109, 23),
(109, 47),
(110, 40),
(110, 23),
(110, 47),
(111, 21),
(111, 29),
(112, 21),
(112, 29),
(113, 19),
(113, 26),
(114, 18),
(114, 47),
(115, 32),
(115, 29),
(116, 43),
(116, 44),
(117, 43),
(117, 16),
(118, 51),
(118, 36),
(119, 36),
(119, 7),
(120, 40),
(120, 43),
(120, 39),
(121, 43),
(121, 39),
(121, 46),
(122, 26),
(122, 13),
(123, 55),
(123, 20),
(124, 24),
(124, 13),
(125, 50),
(125, 32),
(126, 33),
(126, 34),
(127, 30),
(127, 21),
(128, 40),
(128, 26),
(129, 62),
(130, 15),
(130, 16),
(130, 7),
(131, 43),
(131, 24),
(131, 38),
(132, 63),
(133, 40),
(133, 39),
(134, 43),
(135, 50),
(135, 48),
(136, 34),
(136, 11),
(137, 56),
(137, 39),
(137, 46),
(138, 51),
(138, 43),
(139, 51),
(139, 43),
(139, 5),
(140, 51),
(140, 17),
(141, 51),
(141, 21),
(141, 7),
(142, 15),
(142, 2),
(143, 64),
(143, 37),
(143, 26),
(144, 24),
(145, 50),
(145, 56),
(146, 11),
(147, 16),
(147, 4),
(148, 16),
(148, 4),
(149, 2),
(149, 3),
(150, 52),
(150, 13),
(151, 21),
(151, 7),
(151, 48),
(152, 40),
(152, 18),
(153, 40),
(153, 9),
(154, 18),
(154, 9),
(155, 40),
(155, 34),
(156, 40),
(156, 34),
(157, 34),
(157, 10),
(158, 43),
(158, 17),
(159, 43),
(159, 17),
(160, 15),
(160, 7),
(161, 17),
(161, 39),
(162, 31),
(162, 39),
(163, 25),
(163, 36),
(164, 35),
(164, 27),
(165, 40),
(165, 30),
(166, 30),
(166, 45),
(167, 53),
(167, 30),
(168, 53),
(168, 47),
(169, 15),
(169, 20),
(170, 49),
(170, 44),
(171, 43),
(171, 56),
(172, 50),
(173, 19),
(173, 26),
(174, 19),
(174, 25),
(175, 36),
(175, 46),
(176, 27),
(176, 46),
(177, 39),
(177, 36),
(178, 25),
(178, 20),
(179, 40),
(179, 50),
(180, 40),
(180, 56),
(181, 56),
(181, 48),
(182, 23),
(182, 9),
(183, 40),
(183, 44),
(184, 44),
(184, 21),
(185, 6),
(185, 5),
(186, 51),
(186, 44),
(187, 40),
(187, 58),
(188, 40),
(188, 58),
(189, 58),
(189, 47),
(190, 17),
(190, 57),
(191, 41),
(191, 9),
(192, 58),
(192, 9),
(193, 39),
(193, 35),
(194, 51),
(194, 43),
(195, 51),
(195, 43),
(196, 26),
(196, 13),
(197, 25),
(197, 28),
(198, 36),
(198, 25),
(199, 43),
(199, 13),
(200, 57),
(200, 54),
(201, 46),
(202, 62),
(202, 6),
(203, 40),
(203, 13),
(204, 40),
(204, 30),
(205, 30),
(205, 45),
(206, 15),
(206, 57),
(207, 55),
(207, 35),
(208, 3),
(208, 4),
(209, 40),
(209, 15),
(210, 15),
(210, 28),
(211, 43),
(211, 53),
(212, 55),
(212, 42),
(213, 5),
(213, 45),
(214, 6),
(214, 45),
(215, 25),
(215, 38),
(216, 37),
(216, 17),
(217, 22),
(217, 10),
(217, 6),
(218, 34),
(218, 5),
(219, 34),
(219, 5),
(220, 40),
(220, 60),
(221, 60),
(221, 38),
(222, 40),
(222, 44),
(223, 51),
(223, 43),
(224, 51),
(224, 43),
(225, 61),
(226, 58),
(226, 35),
(226, 44),
(227, 2),
(227, 20),
(228, 34),
(228, 25),
(229, 14),
(229, 28),
(230, 16),
(230, 7),
(231, 40),
(231, 21),
(232, 40),
(232, 6),
(232, 29),
(233, 56),
(233, 46),
(234, 40),
(234, 26),
(235, 40),
(236, 40),
(236, 21),
(237, 6),
(237, 21),
(238, 19),
(238, 60),
(239, 50),
(239, 32),
(240, 33),
(240, 34),
(241, 40),
(241, 26),
(242, 19),
(242, 26),
(243, 50),
(243, 48),
(244, 14),
(244, 11),
(245, 27),
(245, 28),
(246, 15),
(246, 21),
(247, 15),
(247, 21),
(248, 15),
(248, 4),
(248, 8),
(249, 27),
(249, 3),
(250, 2),
(250, 27),
(250, 46),
(251, 56),
(251, 13),
(252, 19),
(252, 58),
(253, 58),
(253, 39),
(254, 55),
(254, 58),
(255, 17),
(255, 34),
(256, 36),
(256, 34),
(257, 6),
(257, 11),
(258, 40),
(258, 43),
(259, 51),
(259, 43),
(260, 51),
(260, 43),
(261, 40),
(261, 28),
(262, 15),
(262, 14),
(263, 40),
(263, 21),
(264, 40),
(264, 10),
(265, 40),
(265, 30),
(266, 53),
(266, 30),
(267, 47),
(267, 45),
(268, 53),
(268, 30),
(269, 45),
(269, 13),
(270, 43),
(270, 9),
(271, 44),
(271, 9),
(272, 44),
(272, 9),
(273, 58),
(273, 39),
(274, 25),
(274, 9),
(275, 25),
(275, 9),
(276, 39),
(276, 36),
(277, 35),
(277, 2),
(278, 43),
(278, 39),
(279, 43),
(279, 35),
(280, 56),
(280, 13),
(281, 56),
(281, 13),
(282, 56),
(282, 13),
(283, 30),
(283, 44),
(284, 47),
(284, 20),
(285, 40),
(285, 58),
(286, 58),
(286, 6),
(287, 64),
(288, 17),
(288, 6),
(289, 64),
(290, 30),
(290, 17),
(291, 55),
(291, 22),
(292, 30),
(292, 10),
(293, 19),
(293, 57),
(294, 15),
(294, 21),
(295, 15),
(295, 57),
(296, 40),
(296, 21),
(297, 42),
(297, 6),
(298, 62),
(298, 44),
(299, 49),
(299, 5),
(300, 40),
(300, 25),
(301, 25),
(301, 26),
(302, 10),
(302, 25),
(303, 15),
(303, 57),
(304, 40),
(304, 22),
(305, 22),
(305, 4),
(306, 3),
(306, 4),
(307, 21),
(307, 13),
(308, 52),
(308, 6),
(309, 49),
(309, 39),
(310, 56),
(310, 28),
(311, 49),
(311, 39),
(312, 49),
(312, 39),
(313, 40),
(313, 45),
(314, 40),
(314, 45),
(315, 12),
(315, 9),
(316, 19),
(316, 21),
(317, 47),
(317, 21),
(318, 15),
(318, 28),
(319, 15),
(319, 7),
(320, 62),
(320, 43),
(321, 43),
(321, 26),
(322, 40),
(322, 34),
(323, 34),
(323, 21),
(324, 34),
(324, 11),
(325, 62),
(325, 26),
(326, 56),
(326, 27),
(327, 52),
(327, 31),
(328, 51),
(328, 45),
(329, 51),
(329, 16),
(330, 51),
(330, 16),
(331, 53),
(331, 31),
(332, 31),
(332, 12),
(333, 57),
(333, 36),
(334, 16),
(334, 36),
(335, 55),
(335, 10),
(336, 12),
(336, 4),
(337, 5),
(337, 13),
(338, 5),
(338, 13),
(339, 51),
(339, 43),
(340, 51),
(340, 43),
(341, 44),
(341, 21),
(342, 28),
(342, 7),
(343, 27),
(343, 13),
(344, 27),
(344, 13),
(345, 23),
(345, 47),
(346, 23),
(346, 47),
(347, 17),
(347, 45),
(348, 55),
(348, 45),
(349, 62),
(349, 40),
(350, 3),
(350, 7),
(351, 40),
(351, 54),
(352, 37),
(352, 31),
(353, 57),
(353, 25),
(354, 10),
(354, 54),
(355, 10),
(355, 54),
(356, 54),
(356, 25),
(357, 9),
(357, 20),
(358, 57),
(358, 27),
(359, 52),
(359, 28),
(360, 62),
(360, 6),
(361, 60),
(361, 54),
(362, 24),
(362, 38),
(363, 43),
(363, 21),
(364, 43),
(364, 60),
(365, 24),
(365, 7),
(366, 43),
(367, 43),
(367, 15),
(368, 43),
(368, 13),
(369, 43),
(369, 26),
(370, 62),
(370, 43),
(371, 15),
(371, 34),
(372, 16),
(372, 34),
(373, 15),
(373, 14),
(373, 3),
(374, 59),
(375, 22),
(375, 26),
(376, 42),
(376, 26),
(377, 5),
(377, 21),
(378, 24),
(378, 21),
(379, 22),
(379, 21),
(380, 16),
(380, 26),
(381, 16),
(381, 26),
(382, 7),
(383, 51),
(383, 3),
(384, 20),
(384, 3),
(385, 56),
(385, 13),
(386, 56),
(386, 26),
(387, 40),
(387, 9),
(388, 15),
(388, 9),
(389, 15),
(389, 9),
(390, 17),
(390, 34),
(391, 34),
(391, 21),
(392, 11),
(392, 21),
(393, 19),
(393, 44),
(394, 22),
(394, 44),
(395, 22),
(395, 7),
(396, 40),
(396, 39),
(397, 35),
(397, 39),
(398, 35),
(398, 39),
(399, 40),
(399, 59),
(400, 43),
(400, 59),
(401, 30),
(401, 45),
(402, 55),
(402, 45),
(403, 40),
(403, 49),
(404, 49),
(404, 15),
(405, 49),
(405, 28),
(405, 46),
(406, 9),
(406, 46),
(407, 12),
(407, 9),
(408, 59),
(408, 26),
(409, 26),
(409, 8),
(410, 40),
(410, 4),
(411, 4),
(411, 8),
(412, 40),
(412, 30),
(413, 30),
(413, 13),
(414, 30),
(414, 20),
(415, 30),
(416, 53),
(416, 30),
(417, 49),
(417, 48),
(418, 43),
(418, 39),
(419, 43),
(419, 7),
(420, 40),
(420, 58),
(421, 58),
(421, 9),
(422, 29),
(422, 46),
(423, 29),
(423, 46),
(424, 17),
(424, 57),
(425, 57),
(425, 54),
(426, 57),
(426, 54),
(427, 19),
(427, 39),
(428, 32),
(428, 19),
(429, 31),
(429, 54),
(430, 36),
(430, 28),
(431, 17),
(431, 39),
(432, 17),
(432, 10),
(433, 57),
(433, 26),
(434, 17),
(434, 15),
(435, 15),
(435, 12),
(436, 40),
(436, 13),
(437, 25),
(437, 13),
(438, 6),
(438, 5),
(439, 19),
(439, 13),
(440, 19),
(440, 26),
(441, 36),
(441, 2),
(442, 31),
(442, 25),
(443, 51),
(443, 59),
(444, 51),
(444, 59),
(445, 51),
(445, 3),
(446, 37),
(446, 40),
(447, 39),
(447, 6),
(448, 42),
(448, 6),
(449, 40),
(449, 15),
(450, 15),
(450, 14),
(451, 53),
(451, 47),
(452, 53),
(452, 15),
(452, 47),
(453, 53),
(453, 12),
(454, 12),
(454, 6),
(455, 15),
(455, 18),
(456, 43),
(456, 19),
(457, 43),
(457, 7),
(458, 40),
(458, 44),
(459, 60),
(459, 38),
(460, 60),
(460, 9),
(461, 25),
(461, 38),
(462, 49),
(462, 56),
(463, 37),
(463, 26),
(464, 29),
(464, 8),
(465, 18),
(465, 47),
(466, 50),
(466, 32),
(467, 33),
(467, 11),
(468, 20),
(468, 46),
(469, 30),
(469, 35),
(470, 39),
(470, 9),
(471, 24),
(471, 38),
(472, 55),
(472, 35),
(473, 60),
(473, 29),
(474, 56),
(474, 46),
(475, 32),
(475, 13),
(476, 49),
(476, 5),
(477, 57),
(477, 54),
(478, 60),
(478, 54),
(479, 50),
(479, 57),
(480, 27),
(480, 13),
(481, 27),
(481, 13),
(482, 27),
(482, 13),
(483, 16),
(483, 22),
(484, 16),
(484, 3),
(485, 30),
(485, 11),
(486, 26),
(486, 21),
(487, 16),
(487, 10),
(488, 52),
(488, 13),
(489, 44),
(489, 7),
(490, 44),
(490, 7),
(491, 25),
(491, 28),
(492, 26),
(492, 46),
(493, 10),
(493, 4),
(494, 10),
(494, 4),
(495, 40),
(495, 18),
(496, 18),
(496, 4),
(497, 18),
(497, 4),
(498, 40),
(498, 34),
(499, 40),
(499, 34),
(500, 32),
(500, 34),
(501, 40),
(501, 43),
(502, 55),
(502, 43),
(503, 55),
(503, 7),
(504, 40),
(504, 15),
(505, 32),
(505, 15),
(506, 40),
(506, 59),
(507, 37),
(507, 59),
(508, 37),
(508, 59),
(509, 17),
(509, 31),
(510, 28),
(510, 65),
(511, 17),
(511, 18),
(512, 15),
(512, 18),
(513, 17),
(513, 11),
(514, 15),
(514, 11),
(515, 43),
(515, 17),
(516, 43),
(516, 15),
(517, 56),
(517, 26),
(518, 56),
(518, 26),
(519, 39),
(519, 20),
(520, 2),
(520, 20),
(521, 2),
(521, 20),
(522, 49),
(522, 39),
(523, 32),
(523, 49),
(524, 40),
(524, 8),
(525, 29),
(525, 8),
(526, 29),
(526, 8),
(527, 20),
(527, 13),
(528, 20),
(528, 13),
(529, 17),
(529, 29),
(530, 22),
(530, 29),
(531, 19),
(531, 26),
(532, 32),
(532, 19),
(533, 32),
(533, 12),
(534, 12),
(534, 6),
(535, 51),
(535, 44),
(536, 51),
(536, 44),
(537, 51),
(537, 44),
(538, 32),
(538, 26),
(539, 32),
(539, 12),
(540, 30),
(540, 45),
(541, 30),
(541, 45),
(542, 30),
(542, 9),
(543, 30),
(543, 53),
(544, 30),
(544, 53),
(545, 30),
(545, 12),
(546, 9),
(546, 65),
(547, 9),
(547, 65),
(548, 46),
(548, 65),
(549, 46),
(549, 65),
(550, 40),
(550, 43),
(551, 15),
(551, 29),
(552, 15),
(552, 29),
(553, 28),
(553, 29),
(554, 40),
(554, 14),
(555, 40),
(555, 14),
(556, 58),
(556, 12),
(557, 41),
(557, 8),
(558, 55),
(558, 8),
(559, 25),
(559, 21),
(560, 28),
(560, 6),
(561, 26),
(561, 20),
(562, 57),
(562, 26),
(563, 57),
(563, 26),
(564, 43),
(564, 15),
(565, 43),
(565, 5),
(566, 39),
(566, 35),
(567, 35),
(567, 2),
(568, 19),
(568, 23),
(569, 23),
(569, 47),
(570, 17),
(570, 25),
(571, 10),
(571, 28),
(572, 19),
(572, 65),
(573, 19),
(573, 65),
(574, 19),
(574, 13),
(575, 19),
(575, 13),
(576, 65),
(576, 13),
(577, 26),
(577, 46),
(578, 26),
(578, 46),
(579, 26),
(579, 46),
(580, 43),
(580, 35),
(581, 43),
(581, 20),
(582, 60),
(582, 57),
(583, 57),
(583, 24),
(584, 57),
(584, 24),
(585, 40),
(585, 59),
(586, 59),
(586, 25),
(587, 50),
(587, 39),
(588, 55),
(588, 36),
(589, 30),
(589, 36),
(590, 57),
(590, 25),
(591, 57),
(591, 25),
(592, 54),
(592, 44),
(593, 54),
(593, 44),
(594, 46),
(594, 7),
(595, 31),
(595, 56),
(596, 55),
(596, 56),
(597, 40),
(597, 22),
(598, 58),
(598, 22),
(599, 56),
(599, 48),
(600, 50),
(600, 56),
(601, 50),
(601, 56),
(602, 40),
(602, 49),
(603, 49),
(603, 23),
(604, 49),
(604, 23),
(605, 57),
(605, 13),
(606, 57),
(606, 13),
(607, 57),
(607, 34),
(608, 57),
(608, 34),
(609, 54),
(609, 11),
(610, 17),
(610, 4),
(611, 4),
(611, 3),
(612, 6),
(612, 3),
(613, 60),
(613, 65),
(614, 60),
(614, 65),
(615, 24),
(615, 38),
(616, 23),
(616, 47),
(617, 23),
(617, 47),
(618, 51),
(618, 50),
(619, 32),
(619, 19),
(620, 32),
(620, 12),
(621, 15),
(621, 3),
(622, 57),
(622, 29),
(623, 57),
(623, 29),
(624, 55),
(624, 17),
(625, 22),
(625, 28),
(626, 51),
(626, 26),
(627, 35),
(627, 36),
(628, 2),
(628, 20),
(629, 25),
(629, 20),
(630, 28),
(630, 20),
(631, 37),
(631, 11),
(632, 30),
(632, 22),
(633, 40),
(633, 16),
(634, 15),
(634, 16),
(635, 15),
(635, 16),
(636, 30),
(636, 34),
(637, 30),
(637, 11),
(638, 22),
(638, 26),
(639, 26),
(639, 8),
(640, 39),
(640, 26),
(641, 15),
(641, 20),
(642, 50),
(642, 57),
(643, 16),
(643, 14),
(644, 16),
(644, 56),
(645, 51),
(645, 5),
(646, 16),
(646, 2),
(647, 32),
(647, 12),
(648, 39),
(648, 13),
(649, 55),
(649, 22);

-- --------------------------------------------------------

--
-- Structure de la table `pokemon_mainmove`
--

CREATE TABLE `pokemon_mainmove` (
  `pokemon_id` int(4) UNSIGNED DEFAULT NULL,
  `mainmove_id` int(3) UNSIGNED DEFAULT NULL
) ENGINE=InnoDB DEFAULT CHARSET=utf8mb4 COLLATE=utf8mb4_unicode_ci;

--
-- Déchargement des données de la table `pokemon_mainmove`
--

INSERT INTO `pokemon_mainmove` (`pokemon_id`, `mainmove_id`) VALUES
(1, 73),
(1, 34),
(1, 35),
(2, 34),
(2, 35),
(2, 31),
(3, 34),
(3, 9),
(3, 31),
(3, 21),
(4, 119),
(4, 67),
(4, 51),
(5, 82),
(5, 67),
(5, 51),
(6, 54),
(6, 43),
(6, 18),
(6, 47),
(7, 123),
(7, 71),
(7, 105),
(8, 123),
(8, 65),
(8, 20),
(9, 65),
(9, 30),
(9, 20),
(9, 3),
(10, 126),
(11, 126),
(12, 77),
(12, 85),
(12, 32),
(13, 126),
(14, 126),
(15, 62),
(15, 97),
(15, 34),
(16, 125),
(16, 97),
(16, 102),
(17, 125),
(17, 97),
(17, 102),
(18, 5),
(18, 97),
(18, 15),
(19, 72),
(19, 50),
(19, 111),
(20, 50),
(20, 111),
(20, 19),
(21, 97),
(21, 74),
(21, 17),
(22, 97),
(22, 59),
(22, 17),
(23, 114),
(23, 113),
(23, 34),
(24, 128),
(24, 68),
(24, 38),
(24, 11),
(25, 76),
(25, 49),
(25, 36),
(26, 83),
(26, 79),
(26, 36),
(27, 116),
(27, 56),
(27, 111),
(28, 104),
(28, 98),
(28, 40),
(29, 114),
(29, 72),
(29, 34),
(30, 114),
(30, 34),
(30, 111),
(31, 63),
(31, 7),
(31, 38),
(31, 40),
(32, 109),
(32, 72),
(32, 34),
(33, 109),
(33, 34),
(33, 111),
(34, 14),
(34, 63),
(34, 38),
(34, 40),
(35, 72),
(35, 121),
(35, 42),
(36, 60),
(36, 32),
(36, 22),
(36, 42),
(37, 72),
(37, 119),
(37, 51),
(38, 87),
(38, 52),
(38, 18),
(38, 31),
(39, 121),
(39, 86),
(39, 54),
(39, 60),
(40, 65),
(40, 54),
(40, 60),
(40, 19),
(41, 114),
(41, 110),
(41, 102),
(42, 114),
(42, 102),
(42, 41),
(43, 73),
(43, 34),
(43, 42),
(44, 34),
(44, 9),
(44, 42),
(45, 9),
(45, 42),
(45, 31),
(46, 69),
(46, 62),
(46, 73),
(47, 69),
(47, 62),
(47, 31),
(48, 114),
(48, 103),
(48, 77),
(49, 117),
(49, 85),
(49, 32),
(50, 88),
(50, 104),
(50, 111),
(51, 88),
(51, 7),
(51, 40),
(52, 99),
(52, 33),
(52, 68),
(53, 33),
(53, 64),
(53, 54),
(54, 71),
(54, 39),
(54, 103),
(55, 65),
(55, 32),
(55, 20),
(56, 112),
(56, 83),
(56, 39),
(57, 112),
(57, 99),
(57, 8),
(58, 72),
(58, 101),
(58, 51),
(59, 106),
(59, 36),
(59, 43),
(60, 91),
(60, 72),
(60, 88),
(61, 91),
(61, 88),
(61, 105),
(62, 70),
(62, 84),
(62, 44),
(62, 20),
(63, 87),
(63, 77),
(63, 41),
(64, 103),
(64, 60),
(64, 41),
(65, 82),
(65, 41),
(65, 6),
(65, 16),
(66, 112),
(66, 83),
(66, 39),
(67, 83),
(67, 66),
(67, 44),
(68, 46),
(68, 56),
(68, 44),
(68, 8),
(69, 113),
(69, 34),
(69, 35),
(70, 73),
(70, 34),
(70, 35),
(71, 127),
(71, 58),
(71, 34),
(71, 31),
(72, 91),
(72, 113),
(72, 105),
(73, 128),
(73, 38),
(73, 10),
(73, 20),
(74, 104),
(74, 56),
(74, 111),
(75, 90),
(75, 111),
(75, 7),
(76, 90),
(76, 7),
(76, 40),
(77, 48),
(77, 101),
(77, 119),
(78, 59),
(78, 52),
(78, 43),
(79, 87),
(79, 105),
(79, 32),
(80, 105),
(80, 65),
(80, 32),
(81, 76),
(81, 78),
(81, 49),
(82, 78),
(82, 30),
(82, 24),
(83, 97),
(83, 102),
(83, 58),
(84, 97),
(84, 74),
(84, 5),
(85, 97),
(85, 74),
(85, 5),
(86, 71),
(86, 120),
(86, 100),
(87, 105),
(87, 100),
(87, 10),
(88, 89),
(88, 88),
(88, 34),
(89, 79),
(89, 68),
(89, 38),
(89, 11),
(90, 91),
(90, 120),
(90, 105),
(91, 100),
(91, 45),
(91, 20),
(92, 46),
(92, 116),
(92, 7),
(93, 92),
(93, 68),
(93, 34),
(94, 34),
(94, 41),
(94, 38),
(94, 16),
(95, 46),
(95, 116),
(95, 7),
(96, 87),
(96, 103),
(96, 32),
(97, 32),
(97, 6),
(97, 16),
(98, 118),
(98, 91),
(98, 105),
(99, 118),
(99, 62),
(99, 105),
(100, 76),
(100, 86),
(100, 49),
(101, 76),
(101, 49),
(101, 19),
(102, 73),
(102, 115),
(102, 32),
(103, 73),
(103, 32),
(103, 31),
(104, 81),
(104, 98),
(104, 111),
(105, 81),
(105, 111),
(105, 40),
(106, 112),
(106, 48),
(106, 7),
(106, 8),
(107, 84),
(107, 79),
(107, 70),
(107, 82),
(108, 48),
(108, 35),
(108, 19),
(109, 89),
(109, 68),
(109, 34),
(110, 68),
(110, 49),
(110, 34),
(110, 41),
(111, 109),
(111, 48),
(111, 98),
(112, 23),
(112, 7),
(112, 40),
(113, 103),
(113, 60),
(113, 32),
(113, 19),
(114, 34),
(114, 37),
(114, 31),
(115, 84),
(115, 106),
(115, 61),
(115, 40),
(116, 91),
(116, 80),
(116, 30),
(117, 100),
(117, 80),
(117, 20),
(118, 109),
(118, 71),
(118, 105),
(119, 105),
(119, 65),
(119, 14),
(120, 91),
(120, 110),
(120, 64),
(121, 65),
(121, 12),
(121, 32),
(121, 20),
(122, 103),
(122, 41),
(122, 32),
(123, 62),
(123, 99),
(123, 97),
(124, 93),
(124, 87),
(124, 45),
(124, 16),
(125, 79),
(125, 49),
(125, 12),
(126, 82),
(126, 51),
(126, 43),
(127, 118),
(127, 62),
(127, 8),
(128, 109),
(128, 53),
(128, 40),
(129, 126),
(130, 106),
(130, 61),
(130, 20),
(131, 23),
(131, 65),
(131, 20),
(131, 10),
(132, 126),
(133, 110),
(133, 55),
(133, 111),
(134, 71),
(134, 105),
(134, 55),
(134, 20),
(135, 76),
(135, 49),
(135, 55),
(135, 12),
(136, 51),
(136, 55),
(136, 43),
(136, 18),
(137, 24),
(137, 19),
(137, 31),
(138, 91),
(138, 90),
(138, 115),
(139, 90),
(139, 115),
(139, 20),
(140, 123),
(140, 115),
(140, 104),
(141, 115),
(141, 105),
(141, 7),
(142, 115),
(142, 56),
(142, 63),
(142, 19),
(143, 46),
(143, 61),
(143, 40),
(143, 19),
(144, 120),
(144, 65),
(144, 15),
(144, 10),
(145, 49),
(145, 12),
(145, 24),
(146, 17),
(146, 52),
(146, 43),
(146, 18),
(147, 125),
(147, 71),
(147, 113),
(148, 71),
(148, 113),
(148, 80),
(149, 61),
(149, 15),
(149, 19),
(149, 13),
(150, 49),
(150, 65),
(150, 32),
(150, 16),
(151, 16),
(151, 19),
(151, 18),
(151, 31),
(152, 72),
(152, 95),
(152, 37),
(153, 115),
(153, 95),
(153, 37),
(154, 21),
(154, 9),
(154, 40),
(154, 31),
(155, 110),
(155, 119),
(155, 51),
(156, 119),
(156, 51),
(156, 111),
(157, 47),
(157, 43),
(157, 18),
(157, 31),
(158, 123),
(158, 106),
(158, 105),
(159, 70),
(159, 106),
(159, 105),
(160, 106),
(160, 65),
(160, 20),
(160, 3),
(161, 83),
(161, 37),
(161, 111),
(162, 83),
(162, 111),
(162, 19),
(163, 97),
(163, 94),
(163, 17),
(164, 94),
(164, 17),
(164, 32),
(165, 97),
(165, 110),
(165, 117),
(166, 97),
(166, 117),
(166, 85),
(167, 69),
(167, 99),
(167, 77),
(168, 69),
(168, 124),
(168, 14),
(169, 102),
(169, 34),
(169, 41),
(170, 91),
(170, 105),
(170, 49),
(171, 49),
(171, 12),
(171, 20),
(172, 73),
(172, 121),
(172, 49),
(173, 87),
(173, 77),
(173, 37),
(174, 36),
(174, 41),
(174, 32),
(175, 87),
(175, 115),
(175, 60),
(176, 97),
(176, 115),
(176, 60),
(177, 94),
(177, 74),
(177, 87),
(178, 107),
(178, 97),
(178, 6),
(179, 72),
(179, 76),
(179, 49),
(180, 76),
(180, 64),
(180, 49),
(181, 64),
(181, 12),
(181, 16),
(181, 24),
(182, 58),
(182, 60),
(182, 9),
(183, 91),
(183, 72),
(183, 71),
(184, 65),
(184, 54),
(184, 20),
(185, 56),
(185, 7),
(185, 40),
(186, 23),
(186, 10),
(186, 20),
(187, 73),
(187, 37),
(187, 60),
(188, 95),
(188, 37),
(188, 60),
(189, 95),
(189, 60),
(189, 31),
(190, 112),
(190, 97),
(190, 110),
(191, 73),
(191, 95),
(191, 37),
(192, 34),
(192, 9),
(192, 31),
(193, 97),
(193, 115),
(193, 117),
(194, 72),
(194, 88),
(194, 111),
(195, 128),
(195, 34),
(195, 7),
(195, 40),
(196, 103),
(196, 55),
(196, 32),
(196, 6),
(197, 33),
(197, 68),
(197, 55),
(198, 74),
(198, 33),
(198, 68),
(199, 32),
(199, 10),
(199, 43),
(200, 124),
(200, 107),
(200, 68),
(201, 126),
(202, 96),
(203, 96),
(203, 49),
(203, 32),
(204, 104),
(204, 116),
(204, 86),
(205, 104),
(205, 46),
(205, 40),
(206, 59),
(206, 56),
(206, 111),
(207, 99),
(207, 97),
(207, 111),
(208, 106),
(208, 46),
(208, 40),
(209, 83),
(209, 106),
(209, 60),
(210, 106),
(210, 54),
(210, 8),
(211, 128),
(211, 71),
(211, 65),
(211, 38),
(212, 62),
(212, 99),
(212, 53),
(213, 90),
(213, 86),
(213, 7),
(214, 14),
(214, 8),
(214, 40),
(215, 70),
(215, 33),
(215, 45),
(216, 39),
(216, 106),
(216, 54),
(217, 54),
(217, 8),
(217, 19),
(218, 119),
(218, 67),
(218, 56),
(219, 52),
(219, 7),
(219, 18),
(220, 72),
(220, 120),
(220, 56),
(221, 98),
(221, 45),
(221, 7),
(222, 91),
(222, 90),
(222, 64),
(223, 90),
(223, 105),
(223, 100),
(224, 128),
(224, 105),
(224, 100),
(224, 11),
(225, 70),
(225, 97),
(225, 120),
(226, 97),
(226, 105),
(226, 65),
(227, 17),
(227, 5),
(227, 30),
(228, 106),
(228, 51),
(228, 68),
(229, 106),
(229, 51),
(229, 33),
(229, 43),
(230, 10),
(230, 61),
(230, 20),
(231, 72),
(231, 98),
(231, 56),
(232, 46),
(232, 56),
(232, 40),
(233, 24),
(233, 19),
(233, 31),
(234, 48),
(234, 36),
(234, 14),
(235, 126),
(236, 112),
(236, 83),
(236, 56),
(237, 86),
(237, 7),
(237, 8),
(238, 70),
(238, 87),
(238, 65),
(239, 83),
(239, 79),
(239, 76),
(240, 83),
(240, 82),
(240, 67),
(241, 48),
(241, 86),
(241, 49),
(241, 65),
(242, 60),
(242, 32),
(242, 19),
(243, 49),
(243, 36),
(243, 41),
(243, 12),
(244, 53),
(244, 51),
(244, 43),
(244, 18),
(245, 91),
(245, 105),
(245, 65),
(245, 20),
(246, 48),
(246, 106),
(246, 115),
(247, 106),
(247, 115),
(247, 111),
(248, 106),
(248, 7),
(248, 43),
(249, 17),
(249, 6),
(249, 20),
(250, 5),
(250, 43),
(250, 31),
(251, 60),
(251, 32),
(251, 19),
(252, 97),
(252, 95),
(252, 37),
(253, 97),
(253, 58),
(253, 37),
(254, 97),
(254, 58),
(254, 21),
(254, 40),
(255, 104),
(255, 119),
(255, 51),
(256, 119),
(256, 51),
(256, 56),
(257, 5),
(257, 47),
(257, 16),
(257, 18),
(258, 89),
(258, 48),
(258, 111),
(259, 89),
(259, 88),
(259, 23),
(260, 23),
(260, 38),
(260, 40),
(261, 114),
(261, 106),
(261, 111),
(262, 114),
(262, 106),
(262, 54),
(263, 49),
(263, 37),
(263, 111),
(264, 37),
(264, 111),
(264, 12),
(265, 126),
(266, 126),
(267, 102),
(267, 117),
(267, 85),
(268, 126),
(269, 117),
(269, 34),
(269, 85),
(270, 91),
(270, 95),
(271, 91),
(271, 65),
(271, 37),
(272, 65),
(272, 10),
(272, 20),
(272, 31),
(273, 33),
(273, 95),
(273, 37),
(274, 58),
(274, 33),
(274, 37),
(275, 127),
(275, 58),
(275, 33),
(275, 15),
(276, 97),
(277, 97),
(277, 17),
(277, 5),
(278, 102),
(278, 105),
(278, 65),
(279, 15),
(279, 10),
(279, 20),
(280, 124),
(280, 87),
(280, 121),
(281, 124),
(281, 121),
(281, 32),
(282, 41),
(282, 60),
(282, 32),
(283, 123),
(283, 91),
(283, 77),
(284, 107),
(284, 102),
(284, 117),
(285, 73),
(285, 95),
(285, 37),
(286, 73),
(286, 34),
(286, 44),
(286, 37),
(287, 83),
(287, 99),
(287, 72),
(288, 83),
(288, 72),
(288, 98),
(289, 54),
(289, 40),
(289, 19),
(290, 99),
(290, 97),
(290, 85),
(291, 97),
(291, 85),
(291, 41),
(292, 124),
(292, 97),
(292, 111),
(293, 48),
(293, 121),
(293, 51),
(294, 48),
(294, 121),
(294, 51),
(295, 121),
(295, 106),
(295, 43),
(296, 112),
(296, 39),
(296, 46),
(297, 46),
(297, 44),
(297, 8),
(298, 91),
(298, 72),
(298, 65),
(299, 90),
(299, 49),
(299, 56),
(300, 121),
(300, 36),
(300, 111),
(301, 121),
(301, 54),
(301, 36),
(302, 124),
(302, 33),
(302, 64),
(303, 118),
(303, 53),
(303, 54),
(304, 72),
(304, 53),
(304, 104),
(305, 72),
(305, 46),
(305, 56),
(306, 46),
(306, 12),
(306, 7),
(307, 112),
(307, 70),
(307, 87),
(308, 70),
(308, 84),
(308, 44),
(308, 32),
(309, 110),
(309, 76),
(309, 49),
(310, 67),
(310, 36),
(310, 12),
(311, 110),
(311, 76),
(311, 49),
(312, 110),
(312, 76),
(312, 49),
(313, 77),
(313, 49),
(313, 85),
(314, 117),
(314, 85),
(314, 60),
(315, 34),
(315, 60),
(315, 9),
(316, 89),
(316, 65),
(316, 11),
(317, 128),
(317, 34),
(317, 65),
(317, 11),
(318, 114),
(318, 123),
(318, 106),
(319, 114),
(319, 106),
(319, 20),
(320, 72),
(320, 105),
(320, 46),
(321, 23),
(321, 10),
(321, 19),
(322, 48),
(322, 98),
(322, 52),
(323, 63),
(323, 40),
(323, 18),
(323, 31),
(324, 40),
(324, 18),
(324, 31),
(325, 96),
(325, 103),
(325, 41),
(326, 96),
(326, 41),
(326, 32),
(327, 120),
(327, 104),
(327, 111),
(328, 106),
(328, 116),
(328, 111),
(329, 116),
(329, 85),
(329, 98),
(330, 57),
(330, 7),
(330, 40),
(331, 83),
(331, 73),
(331, 37),
(332, 68),
(332, 44),
(332, 37),
(333, 97),
(333, 121),
(333, 65),
(334, 17),
(334, 80),
(334, 60),
(335, 99),
(335, 111),
(335, 8),
(336, 114),
(336, 113),
(336, 106),
(337, 56),
(337, 32),
(337, 42),
(338, 56),
(338, 32),
(338, 31),
(339, 71),
(339, 88),
(339, 65),
(340, 88),
(340, 105),
(340, 10),
(341, 118),
(341, 123),
(341, 91),
(342, 118),
(342, 91),
(342, 99),
(343, 103),
(343, 86),
(343, 111),
(344, 86),
(344, 63),
(344, 32),
(344, 40),
(345, 96),
(345, 115),
(345, 37),
(346, 98),
(346, 37),
(346, 7),
(347, 69),
(347, 123),
(347, 115),
(348, 69),
(348, 90),
(348, 105),
(349, 96),
(350, 23),
(350, 10),
(350, 19),
(351, 27),
(351, 95),
(351, 15),
(352, 33),
(352, 51),
(352, 65),
(352, 12),
(353, 124),
(353, 107),
(353, 94),
(354, 60),
(354, 41),
(354, 12),
(355, 124),
(355, 107),
(355, 94),
(356, 92),
(356, 70),
(356, 82),
(357, 97),
(357, 48),
(357, 58),
(358, 87),
(358, 95),
(358, 41),
(359, 68),
(359, 14),
(359, 12),
(360, 96),
(361, 120),
(361, 45),
(361, 41),
(362, 86),
(362, 45),
(362, 41),
(363, 72),
(363, 105),
(363, 100),
(364, 72),
(364, 105),
(364, 100),
(365, 105),
(365, 40),
(365, 10),
(366, 72),
(366, 105),
(366, 65),
(367, 106),
(367, 71),
(367, 65),
(368, 93),
(368, 105),
(368, 32),
(369, 71),
(369, 115),
(369, 20),
(370, 123),
(370, 93),
(370, 105),
(371, 125),
(371, 106),
(371, 51),
(372, 125),
(372, 51),
(372, 80),
(373, 61),
(373, 20),
(373, 43),
(373, 13),
(374, 126),
(375, 87),
(375, 86),
(375, 32),
(376, 40),
(376, 30),
(376, 22),
(376, 32),
(377, 7),
(377, 24),
(377, 16),
(378, 40),
(378, 10),
(378, 16),
(379, 30),
(379, 16),
(379, 19),
(380, 12),
(380, 32),
(380, 61),
(381, 57),
(381, 32),
(381, 31),
(382, 12),
(382, 10),
(382, 20),
(383, 40),
(383, 43),
(383, 31),
(384, 97),
(384, 115),
(384, 61),
(385, 4),
(385, 60),
(385, 32),
(386, 122),
(386, 49),
(386, 19),
(387, 72),
(387, 73),
(387, 95),
(388, 72),
(388, 95),
(388, 31),
(389, 7),
(389, 40),
(389, 31),
(390, 101),
(390, 119),
(390, 51),
(391, 112),
(391, 101),
(391, 51),
(392, 51),
(392, 8),
(392, 31),
(393, 91),
(393, 120),
(393, 74),
(394, 91),
(394, 120),
(394, 20),
(395, 30),
(395, 10),
(395, 20),
(396, 97),
(396, 5),
(397, 97),
(397, 5),
(397, 52),
(398, 5),
(398, 52),
(398, 8),
(399, 106),
(399, 50),
(399, 37),
(400, 23),
(400, 50),
(400, 19),
(401, 126),
(402, 62),
(402, 97),
(402, 85),
(403, 110),
(403, 76),
(403, 49),
(404, 106),
(404, 49),
(404, 36),
(405, 106),
(405, 36),
(405, 19),
(406, 95),
(406, 37),
(407, 34),
(407, 37),
(407, 60),
(407, 31),
(408, 115),
(408, 104),
(408, 98),
(409, 51),
(409, 56),
(409, 61),
(410, 115),
(410, 104),
(410, 46),
(411, 51),
(411, 30),
(411, 7),
(412, 126),
(413, 103),
(413, 95),
(413, 85),
(414, 97),
(414, 103),
(414, 85),
(415, 85),
(416, 62),
(416, 64),
(416, 85),
(417, 79),
(417, 49),
(417, 12),
(418, 123),
(418, 110),
(418, 105),
(419, 123),
(419, 110),
(419, 20),
(420, 73),
(420, 60),
(420, 9),
(421, 60),
(421, 19),
(421, 31),
(422, 72),
(422, 88),
(422, 105),
(423, 72),
(423, 105),
(423, 63),
(424, 112),
(424, 97),
(424, 19),
(425, 107),
(425, 120),
(425, 41),
(426, 107),
(426, 120),
(426, 41),
(427, 82),
(427, 110),
(428, 82),
(428, 16),
(428, 19),
(429, 68),
(429, 60),
(429, 41),
(430, 68),
(430, 17),
(430, 5),
(430, 32),
(431, 97),
(431, 49),
(431, 54),
(432, 97),
(432, 54),
(432, 12),
(433, 113),
(433, 87),
(433, 41),
(434, 106),
(434, 51),
(434, 34),
(435, 106),
(435, 51),
(435, 34),
(436, 87),
(436, 46),
(436, 86),
(437, 46),
(437, 32),
(437, 30),
(438, 104),
(438, 56),
(438, 40),
(439, 87),
(439, 103),
(439, 32),
(440, 32),
(441, 94),
(441, 17),
(441, 52),
(442, 124),
(442, 107),
(442, 41),
(443, 125),
(443, 72),
(443, 111),
(444, 125),
(444, 51),
(444, 111),
(445, 61),
(445, 40),
(445, 43),
(446, 72),
(446, 98),
(446, 11),
(447, 112),
(447, 83),
(447, 39),
(448, 84),
(448, 41),
(448, 30),
(448, 8),
(449, 72),
(449, 104),
(449, 111),
(450, 72),
(450, 63),
(450, 7),
(450, 40),
(451, 69),
(451, 71),
(451, 34),
(452, 71),
(452, 106),
(452, 34),
(453, 112),
(453, 83),
(453, 34),
(454, 88),
(454, 34),
(454, 44),
(455, 106),
(455, 95),
(455, 35),
(456, 117),
(456, 105),
(456, 65),
(457, 117),
(457, 105),
(457, 10),
(458, 97),
(458, 105),
(458, 65),
(459, 48),
(459, 95),
(459, 65),
(460, 95),
(460, 61),
(460, 10),
(461, 33),
(461, 45),
(461, 16),
(462, 36),
(462, 30),
(462, 24),
(463, 40),
(463, 19),
(463, 31),
(464, 40),
(464, 19),
(464, 31),
(465, 115),
(465, 34),
(465, 31),
(466, 79),
(466, 36),
(466, 12),
(467, 83),
(467, 82),
(467, 32),
(467, 43),
(468, 97),
(468, 115),
(468, 51),
(468, 60),
(469, 97),
(469, 115),
(469, 85),
(470, 58),
(470, 95),
(470, 31),
(471, 120),
(471, 65),
(471, 45),
(472, 99),
(472, 97),
(472, 40),
(473, 115),
(473, 98),
(473, 45),
(473, 7),
(474, 10),
(474, 24),
(474, 19),
(474, 31),
(475, 58),
(475, 32),
(475, 8),
(476, 78),
(476, 49),
(476, 56),
(477, 107),
(477, 68),
(477, 32),
(478, 106),
(478, 45),
(478, 41),
(479, 107),
(479, 49),
(479, 12),
(480, 110),
(480, 12),
(480, 6),
(481, 110),
(481, 6),
(481, 10),
(482, 110),
(482, 6),
(482, 43),
(483, 53),
(483, 12),
(483, 13),
(484, 20),
(484, 43),
(484, 13),
(485, 53),
(485, 7),
(485, 43),
(486, 46),
(486, 45),
(486, 7),
(487, 124),
(487, 57),
(487, 115),
(488, 100),
(488, 6),
(488, 42),
(489, 91),
(489, 23),
(489, 105),
(490, 91),
(490, 23),
(490, 32),
(491, 68),
(491, 41),
(491, 16),
(492, 95),
(492, 37),
(492, 31),
(493, 61),
(493, 6),
(493, 19),
(494, 61),
(494, 6),
(494, 19),
(495, 73),
(495, 113),
(495, 95),
(496, 127),
(496, 113),
(496, 37),
(497, 127),
(497, 97),
(497, 37),
(498, 72),
(498, 119),
(498, 51),
(499, 104),
(499, 119),
(499, 51),
(500, 56),
(500, 52),
(500, 16),
(501, 99),
(501, 71),
(501, 105),
(502, 62),
(502, 71),
(502, 105),
(503, 14),
(503, 10),
(503, 20),
(504, 50),
(504, 37),
(504, 111),
(505, 106),
(505, 50),
(505, 37),
(506, 104),
(506, 49),
(506, 111),
(507, 49),
(507, 54),
(507, 111),
(508, 106),
(508, 54),
(508, 36),
(509, 99),
(509, 68),
(509, 54),
(510, 68),
(510, 54),
(510, 11),
(511, 73),
(511, 106),
(511, 95),
(512, 106),
(512, 37),
(512, 31),
(513, 106),
(513, 119),
(513, 67),
(514, 106),
(514, 51),
(514, 43),
(515, 23),
(515, 106),
(515, 105),
(516, 23),
(516, 106),
(516, 20),
(517, 87),
(517, 103),
(517, 60),
(518, 87),
(518, 60),
(518, 6),
(519, 97),
(519, 102),
(519, 52),
(520, 97),
(520, 17),
(520, 52),
(521, 17),
(521, 52),
(521, 19),
(522, 76),
(522, 119),
(522, 49),
(523, 76),
(523, 119),
(523, 36),
(524, 90),
(524, 64),
(524, 7),
(525, 56),
(525, 7),
(525, 31),
(526, 46),
(526, 56),
(526, 7),
(526, 31),
(527, 97),
(527, 102),
(527, 87),
(528, 97),
(528, 32),
(528, 6),
(529, 104),
(529, 59),
(529, 111),
(530, 53),
(530, 56),
(530, 59),
(530, 40),
(531, 121),
(531, 60),
(531, 19),
(532, 112),
(532, 83),
(532, 104),
(533, 112),
(533, 83),
(533, 7),
(534, 44),
(534, 7),
(534, 16),
(535, 88),
(535, 105),
(535, 38),
(536, 105),
(536, 38),
(536, 63),
(537, 130),
(537, 34),
(537, 63),
(538, 112),
(538, 72),
(538, 16),
(539, 112),
(539, 72),
(539, 16),
(540, 73),
(540, 117),
(540, 95),
(541, 117),
(541, 95),
(541, 85),
(542, 62),
(542, 117),
(542, 58),
(543, 77),
(543, 86),
(543, 34),
(544, 77),
(544, 86),
(544, 34),
(545, 86),
(545, 34),
(545, 14),
(546, 73),
(546, 95),
(546, 37),
(547, 37),
(547, 15),
(547, 42),
(548, 73),
(548, 95),
(549, 9),
(549, 19),
(549, 31),
(550, 123),
(550, 130),
(550, 71),
(551, 106),
(551, 98),
(551, 111),
(552, 106),
(552, 98),
(552, 40),
(553, 106),
(553, 61),
(553, 40),
(554, 82),
(554, 119),
(554, 32),
(555, 56),
(555, 32),
(555, 16),
(555, 18),
(556, 97),
(556, 9),
(556, 31),
(557, 62),
(557, 90),
(557, 104),
(558, 62),
(558, 90),
(558, 56),
(559, 128),
(559, 83),
(559, 33),
(560, 128),
(560, 84),
(560, 33),
(561, 102),
(561, 115),
(561, 103),
(561, 77),
(562, 107),
(562, 68),
(562, 41),
(563, 68),
(563, 32),
(563, 41),
(564, 72),
(564, 23),
(564, 115),
(565, 72),
(565, 23),
(565, 115),
(566, 57),
(566, 106),
(566, 115),
(567, 57),
(567, 106),
(567, 115),
(568, 73),
(568, 11),
(569, 128),
(569, 72),
(569, 73),
(569, 11),
(570, 97),
(570, 33),
(570, 68),
(571, 51),
(571, 33),
(571, 34),
(572, 71),
(572, 110),
(572, 49),
(573, 71),
(573, 49),
(573, 19),
(574, 87),
(574, 103),
(574, 32),
(575, 103),
(575, 32),
(575, 6),
(576, 56),
(576, 32),
(576, 6),
(577, 94),
(577, 87),
(577, 12),
(578, 94),
(578, 87),
(578, 12),
(579, 41),
(579, 12),
(579, 6),
(580, 91),
(580, 97),
(580, 5),
(581, 91),
(581, 65),
(581, 15),
(582, 120),
(582, 77),
(582, 65),
(583, 120),
(583, 77),
(583, 65),
(584, 77),
(584, 30),
(584, 10),
(585, 73),
(585, 95),
(585, 36),
(586, 36),
(586, 14),
(586, 19),
(586, 31),
(587, 97),
(587, 76),
(587, 49),
(588, 62),
(588, 97),
(588, 77),
(588, 59),
(589, 62),
(589, 97),
(589, 59),
(589, 14),
(590, 72),
(590, 95),
(590, 37),
(591, 33),
(591, 34),
(591, 37),
(592, 107),
(592, 94),
(592, 65),
(593, 91),
(593, 65),
(593, 41),
(594, 32),
(594, 10),
(594, 20),
(595, 69),
(595, 76),
(595, 85),
(596, 69),
(596, 95),
(596, 85),
(596, 12),
(597, 53),
(597, 86),
(597, 30),
(598, 128),
(598, 35),
(598, 12),
(598, 30),
(599, 118),
(599, 76),
(599, 24),
(600, 118),
(600, 49),
(600, 24),
(601, 30),
(601, 24),
(601, 19),
(602, 126),
(603, 76),
(603, 106),
(603, 49),
(604, 128),
(604, 57),
(604, 106),
(604, 49),
(605, 103),
(605, 68),
(605, 32),
(606, 68),
(606, 56),
(606, 32),
(607, 119),
(607, 67),
(607, 52),
(608, 67),
(608, 95),
(608, 52),
(609, 95),
(609, 41),
(609, 18),
(610, 71),
(610, 57),
(610, 80),
(611, 99),
(611, 71),
(611, 57),
(612, 99),
(612, 57),
(612, 23),
(612, 40),
(613, 70),
(613, 120),
(613, 54),
(614, 70),
(614, 23),
(614, 54),
(615, 99),
(615, 105),
(615, 100),
(615, 31),
(616, 72),
(616, 77),
(616, 85),
(617, 128),
(617, 77),
(617, 85),
(617, 16),
(618, 130),
(618, 88),
(618, 76),
(619, 112),
(619, 83),
(619, 16),
(620, 83),
(620, 37),
(620, 7),
(621, 99),
(621, 57),
(621, 19),
(622, 83),
(622, 92),
(622, 94),
(623, 92),
(623, 44),
(623, 63),
(624, 62),
(624, 99),
(624, 53),
(625, 62),
(625, 53),
(625, 68),
(625, 16),
(626, 48),
(626, 14),
(626, 40),
(626, 131),
(627, 97),
(627, 104),
(627, 5),
(628, 56),
(628, 5),
(628, 52),
(629, 33),
(629, 68),
(629, 5),
(630, 97),
(630, 33),
(630, 68),
(630, 41),
(631, 79),
(631, 84),
(631, 51),
(632, 62),
(632, 53),
(632, 7),
(633, 72),
(633, 106),
(633, 80),
(634, 72),
(634, 68),
(634, 80),
(635, 68),
(635, 80),
(635, 30),
(636, 101),
(636, 119),
(636, 85),
(637, 85),
(637, 15),
(637, 18),
(637, 31),
(638, 53),
(638, 7),
(638, 8),
(639, 56),
(639, 8),
(639, 40),
(640, 58),
(640, 7),
(640, 8),
(641, 68),
(641, 37),
(641, 15),
(641, 19),
(642, 83),
(642, 79),
(642, 106),
(642, 12),
(643, 106),
(643, 7),
(643, 13),
(643, 18),
(644, 106),
(644, 36),
(644, 30),
(644, 61),
(645, 56),
(645, 63),
(645, 61),
(645, 16),
(646, 57),
(646, 120),
(646, 10),
(646, 13),
(647, 123),
(647, 62),
(647, 8),
(647, 20),
(648, 87),
(648, 49),
(648, 60),
(648, 19),
(649, 62),
(649, 78),
(649, 19);

-- --------------------------------------------------------

--
-- Structure de la table `pokemon_name`
--

CREATE TABLE `pokemon_name` (
  `pokemon_id` int(4) UNSIGNED DEFAULT NULL,
  `lang` varchar(5) COLLATE utf8mb4_unicode_ci DEFAULT NULL,
  `name` varchar(25) COLLATE utf8mb4_unicode_ci DEFAULT NULL
) ENGINE=InnoDB DEFAULT CHARSET=utf8mb4 COLLATE=utf8mb4_unicode_ci;

--
-- Déchargement des données de la table `pokemon_name`
--

INSERT INTO `pokemon_name` (`pokemon_id`, `lang`, `name`) VALUES
(1, 'fr', 'Bulbizarre'),
(1, 'en', 'Bulbasaur'),
(2, 'fr', 'Herbizarre'),
(2, 'en', 'Ivysaur'),
(3, 'fr', 'Florizarre'),
(3, 'en', 'Venusaur'),
(4, 'fr', 'Salamèche'),
(4, 'en', 'Charmander'),
(5, 'fr', 'Reptincel'),
(5, 'en', 'Charmeleon'),
(6, 'fr', 'Dracaufeu'),
(6, 'en', 'Charizard'),
(7, 'fr', 'Carapuce'),
(7, 'en', 'Squirtle'),
(8, 'fr', 'Carabaffe'),
(8, 'en', 'Wartortle'),
(9, 'fr', 'Tortank'),
(9, 'en', 'Blastoise'),
(10, 'fr', 'Chenipan'),
(10, 'en', 'Caterpie'),
(11, 'fr', 'Chrysacier'),
(11, 'en', 'Metapod'),
(12, 'fr', 'Papilusion'),
(12, 'en', 'Butterfree'),
(13, 'fr', 'Aspicot'),
(13, 'en', 'Weedle'),
(14, 'fr', 'Coconfort'),
(14, 'en', 'Kakuna'),
(15, 'fr', 'Dardargnan'),
(15, 'en', 'Beedrill'),
(16, 'fr', 'Roucool'),
(16, 'en', 'Pidgey'),
(17, 'fr', 'Roucoups'),
(17, 'en', 'Pidgeotto'),
(18, 'fr', 'Roucarnage'),
(18, 'en', 'Pidgeot'),
(19, 'fr', 'Rattata'),
(19, 'en', 'Rattata'),
(20, 'fr', 'Rattatac'),
(20, 'en', 'Raticate'),
(21, 'fr', 'Piafabec'),
(21, 'en', 'Spearow'),
(22, 'fr', 'Rapasdepic'),
(22, 'en', 'Fearow'),
(23, 'fr', 'Abo'),
(23, 'en', 'Ekans'),
(24, 'fr', 'Arbok'),
(24, 'en', 'Arbok'),
(25, 'fr', 'Pikachu'),
(25, 'en', 'Pikachu'),
(26, 'fr', 'Raichu'),
(26, 'en', 'Raichu'),
(27, 'fr', 'Sabelette'),
(27, 'en', 'Sandshrew'),
(28, 'fr', 'Sablaireau'),
(28, 'en', 'Sandslash'),
(29, 'fr', 'Nidoran♀'),
(29, 'en', 'Nidoran♀'),
(30, 'fr', 'Nidorina'),
(30, 'en', 'Nidorina'),
(31, 'fr', 'Nidoqueen'),
(31, 'en', 'Nidoqueen'),
(32, 'fr', 'Nidoran♂'),
(32, 'en', 'Nidoran♂'),
(33, 'fr', 'Nidorino'),
(33, 'en', 'Nidorino'),
(34, 'fr', 'Nidoking'),
(34, 'en', 'Nidoking'),
(35, 'fr', 'Mélofée'),
(35, 'en', 'Clefairy'),
(36, 'fr', 'Mélodelfe'),
(36, 'en', 'Clefable'),
(37, 'fr', 'Goupix'),
(37, 'en', 'Vulpix'),
(38, 'fr', 'Feunard'),
(38, 'en', 'Ninetales'),
(39, 'fr', 'Rondoudou'),
(39, 'en', 'Jigglypuff'),
(40, 'fr', 'Grodoudou'),
(40, 'en', 'Wigglytuff'),
(41, 'fr', 'Nosferapti'),
(41, 'en', 'Zubat'),
(42, 'fr', 'Nosferalto'),
(42, 'en', 'Golbat'),
(43, 'fr', 'Mystherbe'),
(43, 'en', 'Oddish'),
(44, 'fr', 'Ortide'),
(44, 'en', 'Gloom'),
(45, 'fr', 'Rafflesia'),
(45, 'en', 'Vileplume'),
(46, 'fr', 'Paras'),
(46, 'en', 'Paras'),
(47, 'fr', 'Parasect'),
(47, 'en', 'Parasect'),
(48, 'fr', 'Mimitoss'),
(48, 'en', 'Venonat'),
(49, 'fr', 'Aéromite'),
(49, 'en', 'Venomoth'),
(50, 'fr', 'Taupiqueur'),
(50, 'en', 'Diglett'),
(51, 'fr', 'Triopikeur'),
(51, 'en', 'Dugtrio'),
(52, 'fr', 'Miaouss'),
(52, 'en', 'Meowth'),
(53, 'fr', 'Persian'),
(53, 'en', 'Persian'),
(54, 'fr', 'Psykokwak'),
(54, 'en', 'Psyduck'),
(55, 'fr', 'Akwakwak'),
(55, 'en', 'Golduck'),
(56, 'fr', 'Férosinge'),
(56, 'en', 'Mankey'),
(57, 'fr', 'Colossinge'),
(57, 'en', 'Primeape'),
(58, 'fr', 'Caninos'),
(58, 'en', 'Growlithe'),
(59, 'fr', 'Arcanin'),
(59, 'en', 'Arcanine'),
(60, 'fr', 'Ptitard'),
(60, 'en', 'Poliwag'),
(61, 'fr', 'Têtarte'),
(61, 'en', 'Poliwhirl'),
(62, 'fr', 'Tartard'),
(62, 'en', 'Poliwrath'),
(63, 'fr', 'Abra'),
(63, 'en', 'Abra'),
(64, 'fr', 'Kadabra'),
(64, 'en', 'Kadabra'),
(65, 'fr', 'Alakazam'),
(65, 'en', 'Alakazam'),
(66, 'fr', 'Machoc'),
(66, 'en', 'Machop'),
(67, 'fr', 'Machopeur'),
(67, 'en', 'Machoke'),
(68, 'fr', 'Mackogneur'),
(68, 'en', 'Machamp'),
(69, 'fr', 'Chétiflor'),
(69, 'en', 'Bellsprout'),
(70, 'fr', 'Boustiflor'),
(70, 'en', 'Weepinbell'),
(71, 'fr', 'Empiflor'),
(71, 'en', 'Victreebel'),
(72, 'fr', 'Tentacool'),
(72, 'en', 'Tentacool'),
(73, 'fr', 'Tentacruel'),
(73, 'en', 'Tentacruel'),
(74, 'fr', 'Racaillou'),
(74, 'en', 'Geodude'),
(75, 'fr', 'Gravalanch'),
(75, 'en', 'Graveler'),
(76, 'fr', 'Grolem'),
(76, 'en', 'Golem'),
(77, 'fr', 'Ponyta'),
(77, 'en', 'Ponyta'),
(78, 'fr', 'Galopa'),
(78, 'en', 'Rapidash'),
(79, 'fr', 'Ramoloss'),
(79, 'en', 'Slowpoke'),
(80, 'fr', 'Flagadoss'),
(80, 'en', 'Slowbro'),
(81, 'fr', 'Magnéti'),
(81, 'en', 'Magnemite'),
(82, 'fr', 'Magnéton'),
(82, 'en', 'Magneton'),
(83, 'fr', 'Canarticho'),
(83, 'en', 'Farfetch’d'),
(84, 'fr', 'Doduo'),
(84, 'en', 'Doduo'),
(85, 'fr', 'Dodrio'),
(85, 'en', 'Dodrio'),
(86, 'fr', 'Otaria'),
(86, 'en', 'Seel'),
(87, 'fr', 'Lamantine'),
(87, 'en', 'Dewgong'),
(88, 'fr', 'Tadmorv'),
(88, 'en', 'Grimer'),
(89, 'fr', 'Grotadmorv'),
(89, 'en', 'Muk'),
(90, 'fr', 'Kokiyas'),
(90, 'en', 'Shellder'),
(91, 'fr', 'Crustabri'),
(91, 'en', 'Cloyster'),
(92, 'fr', 'Fantominus'),
(92, 'en', 'Gastly'),
(93, 'fr', 'Spectrum'),
(93, 'en', 'Haunter'),
(94, 'fr', 'Ectoplasma'),
(94, 'en', 'Gengar'),
(95, 'fr', 'Onix'),
(95, 'en', 'Onix'),
(96, 'fr', 'Soporifik'),
(96, 'en', 'Drowzee'),
(97, 'fr', 'Hypnomade'),
(97, 'en', 'Hypno'),
(98, 'fr', 'Krabby'),
(98, 'en', 'Krabby'),
(99, 'fr', 'Krabboss'),
(99, 'en', 'Kingler'),
(100, 'fr', 'Voltorbe'),
(100, 'en', 'Voltorb'),
(101, 'fr', 'Électrode'),
(101, 'en', 'Electrode'),
(102, 'fr', 'Noeunoeuf'),
(102, 'en', 'Exeggcute'),
(103, 'fr', 'Noadkoko'),
(103, 'en', 'Exeggutor'),
(104, 'fr', 'Osselait'),
(104, 'en', 'Cubone'),
(105, 'fr', 'Ossatueur'),
(105, 'en', 'Marowak'),
(106, 'fr', 'Kicklee'),
(106, 'en', 'Hitmonlee'),
(107, 'fr', 'Tygnon'),
(107, 'en', 'Hitmonchan'),
(108, 'fr', 'Excelangue'),
(108, 'en', 'Lickitung'),
(109, 'fr', 'Smogo'),
(109, 'en', 'Koffing'),
(110, 'fr', 'Smogogo'),
(110, 'en', 'Weezing'),
(111, 'fr', 'Rhinocorne'),
(111, 'en', 'Rhyhorn'),
(112, 'fr', 'Rhinoféros'),
(112, 'en', 'Rhydon'),
(113, 'fr', 'Leveinard'),
(113, 'en', 'Chansey'),
(114, 'fr', 'Saquedeneu'),
(114, 'en', 'Tangela'),
(115, 'fr', 'Kangourex'),
(115, 'en', 'Kangaskhan'),
(116, 'fr', 'Hypotrempe'),
(116, 'en', 'Horsea'),
(117, 'fr', 'Hypocéan'),
(117, 'en', 'Seadra'),
(118, 'fr', 'Poissirène'),
(118, 'en', 'Goldeen'),
(119, 'fr', 'Poissoroy'),
(119, 'en', 'Seaking'),
(120, 'fr', 'Stari'),
(120, 'en', 'Staryu'),
(121, 'fr', 'Staross'),
(121, 'en', 'Starmie'),
(122, 'fr', 'M. Mime'),
(122, 'en', 'Mr. Mime'),
(123, 'fr', 'Insécateur'),
(123, 'en', 'Scyther'),
(124, 'fr', 'Lippoutou'),
(124, 'en', 'Jynx'),
(125, 'fr', 'Élektek'),
(125, 'en', 'Electabuzz'),
(126, 'fr', 'Magmar'),
(126, 'en', 'Magmar'),
(127, 'fr', 'Scarabrute'),
(127, 'en', 'Pinsir'),
(128, 'fr', 'Tauros'),
(128, 'en', 'Tauros'),
(129, 'fr', 'Magicarpe'),
(129, 'en', 'Magikarp'),
(130, 'fr', 'Léviator'),
(130, 'en', 'Gyarados'),
(131, 'fr', 'Lokhlass'),
(131, 'en', 'Lapras'),
(132, 'fr', 'Métamorph'),
(132, 'en', 'Ditto'),
(133, 'fr', 'Évoli'),
(133, 'en', 'Eevee'),
(134, 'fr', 'Aquali'),
(134, 'en', 'Vaporeon'),
(135, 'fr', 'Voltali'),
(135, 'en', 'Jolteon'),
(136, 'fr', 'Pyroli'),
(136, 'en', 'Flareon'),
(137, 'fr', 'Porygon'),
(137, 'en', 'Porygon'),
(138, 'fr', 'Amonita'),
(138, 'en', 'Omanyte'),
(139, 'fr', 'Amonistar'),
(139, 'en', 'Omastar'),
(140, 'fr', 'Kabuto'),
(140, 'en', 'Kabuto'),
(141, 'fr', 'Kabutops'),
(141, 'en', 'Kabutops'),
(142, 'fr', 'Ptéra'),
(142, 'en', 'Aerodactyl'),
(143, 'fr', 'Ronflex'),
(143, 'en', 'Snorlax'),
(144, 'fr', 'Artikodin'),
(144, 'en', 'Articuno'),
(145, 'fr', 'Électhor'),
(145, 'en', 'Zapdos'),
(146, 'fr', 'Sulfura'),
(146, 'en', 'Moltres'),
(147, 'fr', 'Minidraco'),
(147, 'en', 'Dratini'),
(148, 'fr', 'Draco'),
(148, 'en', 'Dragonair'),
(149, 'fr', 'Dracolosse'),
(149, 'en', 'Dragonite'),
(150, 'fr', 'Mewtwo'),
(150, 'en', 'Mewtwo'),
(151, 'fr', 'Mew'),
(151, 'en', 'Mew'),
(152, 'fr', 'Germignon'),
(152, 'en', 'Chikorita'),
(153, 'fr', 'Macronium'),
(153, 'en', 'Bayleef'),
(154, 'fr', 'Méganium'),
(154, 'en', 'Meganium'),
(155, 'fr', 'Héricendre'),
(155, 'en', 'Cyndaquil'),
(156, 'fr', 'Feurisson'),
(156, 'en', 'Quilava'),
(157, 'fr', 'Typhlosion'),
(157, 'en', 'Typhlosion'),
(158, 'fr', 'Kaiminus'),
(158, 'en', 'Totodile'),
(159, 'fr', 'Crocrodil'),
(159, 'en', 'Croconaw'),
(160, 'fr', 'Aligatueur'),
(160, 'en', 'Feraligatr'),
(161, 'fr', 'Fouinette'),
(161, 'en', 'Sentret'),
(162, 'fr', 'Fouinar'),
(162, 'en', 'Furret'),
(163, 'fr', 'Hoothoot'),
(163, 'en', 'Hoothoot'),
(164, 'fr', 'Noarfang'),
(164, 'en', 'Noctowl'),
(165, 'fr', 'Coxy'),
(165, 'en', 'Ledyba'),
(166, 'fr', 'Coxyclaque'),
(166, 'en', 'Ledian'),
(167, 'fr', 'Mimigal'),
(167, 'en', 'Spinarak'),
(168, 'fr', 'Migalos'),
(168, 'en', 'Ariados'),
(169, 'fr', 'Nostenfer'),
(169, 'en', 'Crobat'),
(170, 'fr', 'Loupio'),
(170, 'en', 'Chinchou'),
(171, 'fr', 'Lanturn'),
(171, 'en', 'Lanturn'),
(172, 'fr', 'Pichu'),
(172, 'en', 'Pichu'),
(173, 'fr', 'Mélo'),
(173, 'en', 'Cleffa'),
(174, 'fr', 'Toudoudou'),
(174, 'en', 'Igglybuff'),
(175, 'fr', 'Togepi'),
(175, 'en', 'Togepi'),
(176, 'fr', 'Togetic'),
(176, 'en', 'Togetic'),
(177, 'fr', 'Natu'),
(177, 'en', 'Natu'),
(178, 'fr', 'Xatu'),
(178, 'en', 'Xatu'),
(179, 'fr', 'Wattouat'),
(179, 'en', 'Mareep'),
(180, 'fr', 'Lainergie'),
(180, 'en', 'Flaaffy'),
(181, 'fr', 'Pharamp'),
(181, 'en', 'Ampharos'),
(182, 'fr', 'Joliflor'),
(182, 'en', 'Bellossom'),
(183, 'fr', 'Marill'),
(183, 'en', 'Marill'),
(184, 'fr', 'Azumarill'),
(184, 'en', 'Azumarill'),
(185, 'fr', 'Simularbre'),
(185, 'en', 'Sudowoodo'),
(186, 'fr', 'Tarpaud'),
(186, 'en', 'Politoed'),
(187, 'fr', 'Granivol'),
(187, 'en', 'Hoppip'),
(188, 'fr', 'Floravol'),
(188, 'en', 'Skiploom'),
(189, 'fr', 'Cotovol'),
(189, 'en', 'Jumpluff'),
(190, 'fr', 'Capumain'),
(190, 'en', 'Aipom'),
(191, 'fr', 'Tournegrin'),
(191, 'en', 'Sunkern'),
(192, 'fr', 'Héliatronc'),
(192, 'en', 'Sunflora'),
(193, 'fr', 'Yanma'),
(193, 'en', 'Yanma'),
(194, 'fr', 'Axoloto'),
(194, 'en', 'Wooper'),
(195, 'fr', 'Maraiste'),
(195, 'en', 'Quagsire'),
(196, 'fr', 'Mentali'),
(196, 'en', 'Espeon'),
(197, 'fr', 'Noctali'),
(197, 'en', 'Umbreon'),
(198, 'fr', 'Cornèbre'),
(198, 'en', 'Murkrow'),
(199, 'fr', 'Roigada'),
(199, 'en', 'Slowking'),
(200, 'fr', 'Feuforêve'),
(200, 'en', 'Misdreavus'),
(201, 'fr', 'Zarbi'),
(201, 'en', 'Unown'),
(202, 'fr', 'Qulbutoké'),
(202, 'en', 'Wobbuffet'),
(203, 'fr', 'Girafarig'),
(203, 'en', 'Girafarig'),
(204, 'fr', 'Pomdepik'),
(204, 'en', 'Pineco'),
(205, 'fr', 'Foretress'),
(205, 'en', 'Forretress'),
(206, 'fr', 'Insolourdo'),
(206, 'en', 'Dunsparce'),
(207, 'fr', 'Scorplane'),
(207, 'en', 'Gligar'),
(208, 'fr', 'Steelix'),
(208, 'en', 'Steelix'),
(209, 'fr', 'Snubbull'),
(209, 'en', 'Snubbull'),
(210, 'fr', 'Granbull'),
(210, 'en', 'Granbull'),
(211, 'fr', 'Qwilfish'),
(211, 'en', 'Qwilfish'),
(212, 'fr', 'Cizayox'),
(212, 'en', 'Scizor'),
(213, 'fr', 'Caratroc'),
(213, 'en', 'Shuckle'),
(214, 'fr', 'Scarhino'),
(214, 'en', 'Heracross'),
(215, 'fr', 'Farfuret'),
(215, 'en', 'Sneasel'),
(216, 'fr', 'Teddiursa'),
(216, 'en', 'Teddiursa'),
(217, 'fr', 'Ursaring'),
(217, 'en', 'Ursaring'),
(218, 'fr', 'Limagma'),
(218, 'en', 'Slugma'),
(219, 'fr', 'Volcaropod'),
(219, 'en', 'Magcargo'),
(220, 'fr', 'Marcacrin'),
(220, 'en', 'Swinub'),
(221, 'fr', 'Cochignon'),
(221, 'en', 'Piloswine'),
(222, 'fr', 'Corayon'),
(222, 'en', 'Corsola'),
(223, 'fr', 'Rémoraid'),
(223, 'en', 'Remoraid'),
(224, 'fr', 'Octillery'),
(224, 'en', 'Octillery'),
(225, 'fr', 'Cadoizo'),
(225, 'en', 'Delibird'),
(226, 'fr', 'Démanta'),
(226, 'en', 'Mantine'),
(227, 'fr', 'Airmure'),
(227, 'en', 'Skarmory'),
(228, 'fr', 'Malosse'),
(228, 'en', 'Houndour'),
(229, 'fr', 'Démolosse'),
(229, 'en', 'Houndoom'),
(230, 'fr', 'Hyporoi'),
(230, 'en', 'Kingdra'),
(231, 'fr', 'Phanpy'),
(231, 'en', 'Phanpy'),
(232, 'fr', 'Donphan'),
(232, 'en', 'Donphan'),
(233, 'fr', 'Porygon2'),
(233, 'en', 'Porygon2'),
(234, 'fr', 'Cerfrousse'),
(234, 'en', 'Stantler'),
(235, 'fr', 'Queulorior'),
(235, 'en', 'Smeargle'),
(236, 'fr', 'Debugant'),
(236, 'en', 'Tyrogue'),
(237, 'fr', 'Kapoera'),
(237, 'en', 'Hitmontop'),
(238, 'fr', 'Lippouti'),
(238, 'en', 'Smoochum'),
(239, 'fr', 'Élekid'),
(239, 'en', 'Elekid'),
(240, 'fr', 'Magby'),
(240, 'en', 'Magby'),
(241, 'fr', 'Écrémeuh'),
(241, 'en', 'Miltank'),
(242, 'fr', 'Leuphorie'),
(242, 'en', 'Blissey'),
(243, 'fr', 'Raikou'),
(243, 'en', 'Raikou'),
(244, 'fr', 'Entei'),
(244, 'en', 'Entei'),
(245, 'fr', 'Suicune'),
(245, 'en', 'Suicune'),
(246, 'fr', 'Embrylex'),
(246, 'en', 'Larvitar'),
(247, 'fr', 'Ymphect'),
(247, 'en', 'Pupitar'),
(248, 'fr', 'Tyranocif'),
(248, 'en', 'Tyranitar'),
(249, 'fr', 'Lugia'),
(249, 'en', 'Lugia'),
(250, 'fr', 'Ho-Oh'),
(250, 'en', 'Ho-Oh'),
(251, 'fr', 'Celebi'),
(251, 'en', 'Celebi'),
(252, 'fr', 'Arcko'),
(252, 'en', 'Treecko'),
(253, 'fr', 'Massko'),
(253, 'en', 'Grovyle'),
(254, 'fr', 'Jungko'),
(254, 'en', 'Sceptile'),
(255, 'fr', 'Poussifeu'),
(255, 'en', 'Torchic'),
(256, 'fr', 'Galifeu'),
(256, 'en', 'Combusken'),
(257, 'fr', 'Braségali'),
(257, 'en', 'Blaziken'),
(258, 'fr', 'Gobou'),
(258, 'en', 'Mudkip'),
(259, 'fr', 'Flobio'),
(259, 'en', 'Marshtomp'),
(260, 'fr', 'Laggron'),
(260, 'en', 'Swampert'),
(261, 'fr', 'Medhyèna'),
(261, 'en', 'Poochyena'),
(262, 'fr', 'Grahyèna'),
(262, 'en', 'Mightyena'),
(263, 'fr', 'Zigzaton'),
(263, 'en', 'Zigzagoon'),
(264, 'fr', 'Linéon'),
(264, 'en', 'Linoone'),
(265, 'fr', 'Chenipotte'),
(265, 'en', 'Wurmple'),
(266, 'fr', 'Armulys'),
(266, 'en', 'Silcoon'),
(267, 'fr', 'Charmillon'),
(267, 'en', 'Beautifly'),
(268, 'fr', 'Blindalys'),
(268, 'en', 'Cascoon'),
(269, 'fr', 'Papinox'),
(269, 'en', 'Dustox'),
(270, 'fr', 'Nénupiot'),
(270, 'en', 'Lotad'),
(271, 'fr', 'Lombre'),
(271, 'en', 'Lombre'),
(272, 'fr', 'Ludicolo'),
(272, 'en', 'Ludicolo'),
(273, 'fr', 'Grainipiot'),
(273, 'en', 'Seedot'),
(274, 'fr', 'Pifeuil'),
(274, 'en', 'Nuzleaf'),
(275, 'fr', 'Tengalice'),
(275, 'en', 'Shiftry'),
(276, 'fr', 'Nirondelle'),
(276, 'en', 'Taillow'),
(277, 'fr', 'Hélédelle'),
(277, 'en', 'Swellow'),
(278, 'fr', 'Goélise'),
(278, 'en', 'Wingull'),
(279, 'fr', 'Bekipan'),
(279, 'en', 'Pelipper'),
(280, 'fr', 'Tarsal'),
(280, 'en', 'Ralts'),
(281, 'fr', 'Kirlia'),
(281, 'en', 'Kirlia'),
(282, 'fr', 'Gardevoir'),
(282, 'en', 'Gardevoir'),
(283, 'fr', 'Arakdo'),
(283, 'en', 'Surskit'),
(284, 'fr', 'Maskadra'),
(284, 'en', 'Masquerain'),
(285, 'fr', 'Balignon'),
(285, 'en', 'Shroomish'),
(286, 'fr', 'Chapignon'),
(286, 'en', 'Breloom'),
(287, 'fr', 'Parecool'),
(287, 'en', 'Slakoth'),
(288, 'fr', 'Vigoroth'),
(288, 'en', 'Vigoroth'),
(289, 'fr', 'Monaflèmit'),
(289, 'en', 'Slaking'),
(290, 'fr', 'Ningale'),
(290, 'en', 'Nincada'),
(291, 'fr', 'Ninjask'),
(291, 'en', 'Ninjask'),
(292, 'fr', 'Munja'),
(292, 'en', 'Shedinja'),
(293, 'fr', 'Chuchmur'),
(293, 'en', 'Whismur'),
(294, 'fr', 'Ramboum'),
(294, 'en', 'Loudred'),
(295, 'fr', 'Brouhabam'),
(295, 'en', 'Exploud'),
(296, 'fr', 'Makuhita'),
(296, 'en', 'Makuhita'),
(297, 'fr', 'Hariyama'),
(297, 'en', 'Hariyama'),
(298, 'fr', 'Azurill'),
(298, 'en', 'Azurill'),
(299, 'fr', 'Tarinor'),
(299, 'en', 'Nosepass'),
(300, 'fr', 'Skitty'),
(300, 'en', 'Skitty'),
(301, 'fr', 'Delcatty'),
(301, 'en', 'Delcatty'),
(302, 'fr', 'Ténéfix'),
(302, 'en', 'Sableye'),
(303, 'fr', 'Mysdibule'),
(303, 'en', 'Mawile'),
(304, 'fr', 'Galekid'),
(304, 'en', 'Aron'),
(305, 'fr', 'Galegon'),
(305, 'en', 'Lairon'),
(306, 'fr', 'Galeking'),
(306, 'en', 'Aggron'),
(307, 'fr', 'Méditikka'),
(307, 'en', 'Meditite'),
(308, 'fr', 'Charmina'),
(308, 'en', 'Medicham'),
(309, 'fr', 'Dynavolt'),
(309, 'en', 'Electrike'),
(310, 'fr', 'Élecsprint'),
(310, 'en', 'Manectric'),
(311, 'fr', 'Posipi'),
(311, 'en', 'Plusle'),
(312, 'fr', 'Négapi'),
(312, 'en', 'Minun'),
(313, 'fr', 'Muciole'),
(313, 'en', 'Volbeat'),
(314, 'fr', 'Lumivole'),
(314, 'en', 'Illumise'),
(315, 'fr', 'Rosélia'),
(315, 'en', 'Roselia'),
(316, 'fr', 'Gloupti'),
(316, 'en', 'Gulpin'),
(317, 'fr', 'Avaltout'),
(317, 'en', 'Swalot'),
(318, 'fr', 'Carvanha'),
(318, 'en', 'Carvanha'),
(319, 'fr', 'Sharpedo'),
(319, 'en', 'Sharpedo'),
(320, 'fr', 'Wailmer'),
(320, 'en', 'Wailmer'),
(321, 'fr', 'Wailord'),
(321, 'en', 'Wailord'),
(322, 'fr', 'Chamallot'),
(322, 'en', 'Numel'),
(323, 'fr', 'Camérupt'),
(323, 'en', 'Camerupt'),
(324, 'fr', 'Chartor'),
(324, 'en', 'Torkoal'),
(325, 'fr', 'Spoink'),
(325, 'en', 'Spoink'),
(326, 'fr', 'Groret'),
(326, 'en', 'Grumpig'),
(327, 'fr', 'Spinda'),
(327, 'en', 'Spinda'),
(328, 'fr', 'Kraknoix'),
(328, 'en', 'Trapinch'),
(329, 'fr', 'Vibraninf'),
(329, 'en', 'Vibrava'),
(330, 'fr', 'Libégon'),
(330, 'en', 'Flygon'),
(331, 'fr', 'Cacnea'),
(331, 'en', 'Cacnea'),
(332, 'fr', 'Cacturne'),
(332, 'en', 'Cacturne'),
(333, 'fr', 'Tylton'),
(333, 'en', 'Swablu'),
(334, 'fr', 'Altaria'),
(334, 'en', 'Altaria'),
(335, 'fr', 'Mangriff'),
(335, 'en', 'Zangoose'),
(336, 'fr', 'Séviper'),
(336, 'en', 'Seviper'),
(337, 'fr', 'Séléroc'),
(337, 'en', 'Lunatone'),
(338, 'fr', 'Solaroc'),
(338, 'en', 'Solrock'),
(339, 'fr', 'Barloche'),
(339, 'en', 'Barboach'),
(340, 'fr', 'Barbicha'),
(340, 'en', 'Whiscash'),
(341, 'fr', 'Écrapince'),
(341, 'en', 'Corphish'),
(342, 'fr', 'Colhomard'),
(342, 'en', 'Crawdaunt'),
(343, 'fr', 'Balbuto'),
(343, 'en', 'Baltoy'),
(344, 'fr', 'Kaorine'),
(344, 'en', 'Claydol'),
(345, 'fr', 'Lilia'),
(345, 'en', 'Lileep'),
(346, 'fr', 'Vacilys'),
(346, 'en', 'Cradily'),
(347, 'fr', 'Anorith'),
(347, 'en', 'Anorith'),
(348, 'fr', 'Armaldo'),
(348, 'en', 'Armaldo'),
(349, 'fr', 'Barpau'),
(349, 'en', 'Feebas'),
(350, 'fr', 'Milobellus'),
(350, 'en', 'Milotic'),
(351, 'fr', 'Morphéo'),
(351, 'en', 'Castform'),
(352, 'fr', 'Kecleon'),
(352, 'en', 'Kecleon'),
(353, 'fr', 'Polichombr'),
(353, 'en', 'Shuppet'),
(354, 'fr', 'Branette'),
(354, 'en', 'Banette'),
(355, 'fr', 'Skelénox'),
(355, 'en', 'Duskull'),
(356, 'fr', 'Téraclope'),
(356, 'en', 'Dusclops'),
(357, 'fr', 'Tropius'),
(357, 'en', 'Tropius'),
(358, 'fr', 'Éoko'),
(358, 'en', 'Chimecho'),
(359, 'fr', 'Absol'),
(359, 'en', 'Absol'),
(360, 'fr', 'Okéoké'),
(360, 'en', 'Wynaut'),
(361, 'fr', 'Stalgamin'),
(361, 'en', 'Snorunt'),
(362, 'fr', 'Oniglali'),
(362, 'en', 'Glalie'),
(363, 'fr', 'Obalie'),
(363, 'en', 'Spheal'),
(364, 'fr', 'Phogleur'),
(364, 'en', 'Sealeo'),
(365, 'fr', 'Kaimorse'),
(365, 'en', 'Walrein'),
(366, 'fr', 'Coquiperl'),
(366, 'en', 'Clamperl'),
(367, 'fr', 'Serpang'),
(367, 'en', 'Huntail'),
(368, 'fr', 'Rosabyss'),
(368, 'en', 'Gorebyss'),
(369, 'fr', 'Relicanth'),
(369, 'en', 'Relicanth'),
(370, 'fr', 'Lovdisc'),
(370, 'en', 'Luvdisc'),
(371, 'fr', 'Draby'),
(371, 'en', 'Bagon'),
(372, 'fr', 'Drackhaus'),
(372, 'en', 'Shelgon'),
(373, 'fr', 'Drattak'),
(373, 'en', 'Salamence'),
(374, 'fr', 'Terhal'),
(374, 'en', 'Beldum'),
(375, 'fr', 'Métang'),
(375, 'en', 'Metang'),
(376, 'fr', 'Métalosse'),
(376, 'en', 'Metagross'),
(377, 'fr', 'Regirock'),
(377, 'en', 'Regirock'),
(378, 'fr', 'Regice'),
(378, 'en', 'Regice'),
(379, 'fr', 'Registeel'),
(379, 'en', 'Registeel'),
(380, 'fr', 'Latias'),
(380, 'en', 'Latias'),
(381, 'fr', 'Latios'),
(381, 'en', 'Latios'),
(382, 'fr', 'Kyogre'),
(382, 'en', 'Kyogre'),
(383, 'fr', 'Groudon'),
(383, 'en', 'Groudon'),
(384, 'fr', 'Rayquaza'),
(384, 'en', 'Rayquaza'),
(385, 'fr', 'Jirachi'),
(385, 'en', 'Jirachi'),
(386, 'fr', 'Deoxys'),
(386, 'en', 'Deoxys'),
(387, 'fr', 'Tortipouss'),
(387, 'en', 'Turtwig'),
(388, 'fr', 'Boskara'),
(388, 'en', 'Grotle'),
(389, 'fr', 'Torterra'),
(389, 'en', 'Torterra'),
(390, 'fr', 'Ouisticram'),
(390, 'en', 'Chimchar'),
(391, 'fr', 'Chimpenfeu'),
(391, 'en', 'Monferno'),
(392, 'fr', 'Simiabraz'),
(392, 'en', 'Infernape'),
(393, 'fr', 'Tiplouf'),
(393, 'en', 'Piplup'),
(394, 'fr', 'Prinplouf'),
(394, 'en', 'Prinplup'),
(395, 'fr', 'Pingoléon'),
(395, 'en', 'Empoleon'),
(396, 'fr', 'Étourmi'),
(396, 'en', 'Starly'),
(397, 'fr', 'Étourvol'),
(397, 'en', 'Staravia'),
(398, 'fr', 'Étouraptor'),
(398, 'en', 'Staraptor'),
(399, 'fr', 'Keunotor'),
(399, 'en', 'Bidoof'),
(400, 'fr', 'Castorno'),
(400, 'en', 'Bibarel'),
(401, 'fr', 'Crikzik'),
(401, 'en', 'Kricketot'),
(402, 'fr', 'Mélokrik'),
(402, 'en', 'Kricketune'),
(403, 'fr', 'Lixy'),
(403, 'en', 'Shinx'),
(404, 'fr', 'Luxio'),
(404, 'en', 'Luxio'),
(405, 'fr', 'Luxray'),
(405, 'en', 'Luxray'),
(406, 'fr', 'Rozbouton'),
(406, 'en', 'Budew'),
(407, 'fr', 'Roserade'),
(407, 'en', 'Roserade'),
(408, 'fr', 'Kranidos'),
(408, 'en', 'Cranidos'),
(409, 'fr', 'Charkos'),
(409, 'en', 'Rampardos'),
(410, 'fr', 'Dinoclier'),
(410, 'en', 'Shieldon'),
(411, 'fr', 'Bastiodon'),
(411, 'en', 'Bastiodon'),
(412, 'fr', 'Cheniti'),
(412, 'en', 'Burmy'),
(413, 'fr', 'Cheniselle'),
(413, 'en', 'Wormadam'),
(414, 'fr', 'Papilord'),
(414, 'en', 'Mothim'),
(415, 'fr', 'Apitrini'),
(415, 'en', 'Combee'),
(416, 'fr', 'Apireine'),
(416, 'en', 'Vespiquen'),
(417, 'fr', 'Pachirisu'),
(417, 'en', 'Pachirisu'),
(418, 'fr', 'Mustébouée'),
(418, 'en', 'Buizel'),
(419, 'fr', 'Mustéflott'),
(419, 'en', 'Floatzel'),
(420, 'fr', 'Ceribou'),
(420, 'en', 'Cherubi'),
(421, 'fr', 'Ceriflor'),
(421, 'en', 'Cherrim'),
(422, 'fr', 'Sancoki'),
(422, 'en', 'Shellos'),
(423, 'fr', 'Tritosor'),
(423, 'en', 'Gastrodon'),
(424, 'fr', 'Capidextre'),
(424, 'en', 'Ambipom'),
(425, 'fr', 'Baudrive'),
(425, 'en', 'Drifloon'),
(426, 'fr', 'Grodrive'),
(426, 'en', 'Drifblim'),
(427, 'fr', 'Laporeille'),
(427, 'en', 'Buneary'),
(428, 'fr', 'Lockpin'),
(428, 'en', 'Lopunny'),
(429, 'fr', 'Magirêve'),
(429, 'en', 'Mismagius'),
(430, 'fr', 'Corboss'),
(430, 'en', 'Honchkrow'),
(431, 'fr', 'Chaglam'),
(431, 'en', 'Glameow'),
(432, 'fr', 'Chaffreux'),
(432, 'en', 'Purugly'),
(433, 'fr', 'Korillon'),
(433, 'en', 'Chingling'),
(434, 'fr', 'Moufouette'),
(434, 'en', 'Stunky'),
(435, 'fr', 'Moufflair'),
(435, 'en', 'Skuntank'),
(436, 'fr', 'Archéomire'),
(436, 'en', 'Bronzor'),
(437, 'fr', 'Archéodong'),
(437, 'en', 'Bronzong'),
(438, 'fr', 'Manzaï'),
(438, 'en', 'Bonsly'),
(439, 'fr', 'Mime Jr.'),
(439, 'en', 'Mime Jr.'),
(440, 'fr', 'Ptiravi'),
(440, 'en', 'Happiny'),
(441, 'fr', 'Pijako'),
(441, 'en', 'Chatot'),
(442, 'fr', 'Spiritomb'),
(442, 'en', 'Spiritomb'),
(443, 'fr', 'Griknot'),
(443, 'en', 'Gible'),
(444, 'fr', 'Carmache'),
(444, 'en', 'Gabite'),
(445, 'fr', 'Carchacrok'),
(445, 'en', 'Garchomp'),
(446, 'fr', 'Goinfrex'),
(446, 'en', 'Munchlax'),
(447, 'fr', 'Riolu'),
(447, 'en', 'Riolu'),
(448, 'fr', 'Lucario'),
(448, 'en', 'Lucario'),
(449, 'fr', 'Hippopotas'),
(449, 'en', 'Hippopotas'),
(450, 'fr', 'Hippodocus'),
(450, 'en', 'Hippowdon'),
(451, 'fr', 'Rapion'),
(451, 'en', 'Skorupi'),
(452, 'fr', 'Drascore'),
(452, 'en', 'Drapion'),
(453, 'fr', 'Cradopaud'),
(453, 'en', 'Croagunk'),
(454, 'fr', 'Coatox'),
(454, 'en', 'Toxicroak'),
(455, 'fr', 'Vortente'),
(455, 'en', 'Carnivine'),
(456, 'fr', 'Écayon'),
(456, 'en', 'Finneon'),
(457, 'fr', 'Luminéon'),
(457, 'en', 'Lumineon'),
(458, 'fr', 'Babimanta'),
(458, 'en', 'Mantyke'),
(459, 'fr', 'Blizzi'),
(459, 'en', 'Snover'),
(460, 'fr', 'Blizzaroi'),
(460, 'en', 'Abomasnow'),
(461, 'fr', 'Dimoret'),
(461, 'en', 'Weavile'),
(462, 'fr', 'Magnézone'),
(462, 'en', 'Magnezone'),
(463, 'fr', 'Coudlangue'),
(463, 'en', 'Lickilicky'),
(464, 'fr', 'Rhinastoc'),
(464, 'en', 'Rhyperior'),
(465, 'fr', 'Bouldeneu'),
(465, 'en', 'Tangrowth'),
(466, 'fr', 'Élekable'),
(466, 'en', 'Electivire'),
(467, 'fr', 'Maganon'),
(467, 'en', 'Magmortar'),
(468, 'fr', 'Togekiss'),
(468, 'en', 'Togekiss'),
(469, 'fr', 'Yanmega'),
(469, 'en', 'Yanmega'),
(470, 'fr', 'Phyllali'),
(470, 'en', 'Leafeon'),
(471, 'fr', 'Givrali'),
(471, 'en', 'Glaceon'),
(472, 'fr', 'Scorvol'),
(472, 'en', 'Gliscor'),
(473, 'fr', 'Mammochon'),
(473, 'en', 'Mamoswine'),
(474, 'fr', 'Porygon-Z'),
(474, 'en', 'Porygon-Z'),
(475, 'fr', 'Gallame'),
(475, 'en', 'Gallade'),
(476, 'fr', 'Tarinorme'),
(476, 'en', 'Probopass'),
(477, 'fr', 'Noctunoir'),
(477, 'en', 'Dusknoir'),
(478, 'fr', 'Momartik'),
(478, 'en', 'Froslass'),
(479, 'fr', 'Motisma'),
(479, 'en', 'Rotom'),
(480, 'fr', 'Créhelf'),
(480, 'en', 'Uxie'),
(481, 'fr', 'Créfollet'),
(481, 'en', 'Mesprit'),
(482, 'fr', 'Créfadet'),
(482, 'en', 'Azelf'),
(483, 'fr', 'Dialga'),
(483, 'en', 'Dialga'),
(484, 'fr', 'Palkia'),
(484, 'en', 'Palkia'),
(485, 'fr', 'Heatran'),
(485, 'en', 'Heatran'),
(486, 'fr', 'Regigigas'),
(486, 'en', 'Regigigas'),
(487, 'fr', 'Giratina'),
(487, 'en', 'Giratina'),
(488, 'fr', 'Cresselia'),
(488, 'en', 'Cresselia'),
(489, 'fr', 'Phione'),
(489, 'en', 'Phione'),
(490, 'fr', 'Manaphy'),
(490, 'en', 'Manaphy'),
(491, 'fr', 'Darkrai'),
(491, 'en', 'Darkrai'),
(492, 'fr', 'Shaymin'),
(492, 'en', 'Shaymin'),
(493, 'fr', 'Arceus'),
(493, 'en', 'Arceus'),
(494, 'fr', 'Victini'),
(494, 'en', 'Victini'),
(495, 'fr', 'Vipélierre'),
(495, 'en', 'Snivy'),
(496, 'fr', 'Lianaja'),
(496, 'en', 'Servine'),
(497, 'fr', 'Majaspic'),
(497, 'en', 'Serperior'),
(498, 'fr', 'Gruikui'),
(498, 'en', 'Tepig'),
(499, 'fr', 'Grotichon'),
(499, 'en', 'Pignite'),
(500, 'fr', 'Roitiflam'),
(500, 'en', 'Emboar'),
(501, 'fr', 'Moustillon'),
(501, 'en', 'Oshawott'),
(502, 'fr', 'Mateloutre'),
(502, 'en', 'Dewott'),
(503, 'fr', 'Clamiral'),
(503, 'en', 'Samurott'),
(504, 'fr', 'Ratentif'),
(504, 'en', 'Patrat'),
(505, 'fr', 'Miradar'),
(505, 'en', 'Watchog'),
(506, 'fr', 'Ponchiot'),
(506, 'en', 'Lillipup'),
(507, 'fr', 'Ponchien'),
(507, 'en', 'Herdier'),
(508, 'fr', 'Mastouffe'),
(508, 'en', 'Stoutland'),
(509, 'fr', 'Chacripan'),
(509, 'en', 'Purrloin'),
(510, 'fr', 'Léopardus'),
(510, 'en', 'Liepard'),
(511, 'fr', 'Feuillajou'),
(511, 'en', 'Pansage'),
(512, 'fr', 'Feuiloutan'),
(512, 'en', 'Simisage'),
(513, 'fr', 'Flamajou'),
(513, 'en', 'Pansear'),
(514, 'fr', 'Flamoutan'),
(514, 'en', 'Simisear'),
(515, 'fr', 'Flotajou'),
(515, 'en', 'Panpour'),
(516, 'fr', 'Flotoutan'),
(516, 'en', 'Simipour'),
(517, 'fr', 'Munna'),
(517, 'en', 'Munna'),
(518, 'fr', 'Mushana'),
(518, 'en', 'Musharna'),
(519, 'fr', 'Poichigeon'),
(519, 'en', 'Pidove'),
(520, 'fr', 'Colombeau'),
(520, 'en', 'Tranquill'),
(521, 'fr', 'Déflaisan'),
(521, 'en', 'Unfezant'),
(522, 'fr', 'Zébibron'),
(522, 'en', 'Blitzle'),
(523, 'fr', 'Zéblitz'),
(523, 'en', 'Zebstrika'),
(524, 'fr', 'Nodulithe'),
(524, 'en', 'Roggenrola'),
(525, 'fr', 'Géolithe'),
(525, 'en', 'Boldore'),
(526, 'fr', 'Gigalithe'),
(526, 'en', 'Gigalith'),
(527, 'fr', 'Chovsourir'),
(527, 'en', 'Woobat'),
(528, 'fr', 'Rhinolove'),
(528, 'en', 'Swoobat'),
(529, 'fr', 'Rototaupe'),
(529, 'en', 'Drilbur'),
(530, 'fr', 'Minotaupe'),
(530, 'en', 'Excadrill'),
(531, 'fr', 'Nanméouïe'),
(531, 'en', 'Audino'),
(532, 'fr', 'Charpenti'),
(532, 'en', 'Timburr'),
(533, 'fr', 'Ouvrifier'),
(533, 'en', 'Gurdurr'),
(534, 'fr', 'Bétochef'),
(534, 'en', 'Conkeldurr'),
(535, 'fr', 'Tritonde'),
(535, 'en', 'Tympole'),
(536, 'fr', 'Batracné'),
(536, 'en', 'Palpitoad'),
(537, 'fr', 'Crapustule'),
(537, 'en', 'Seismitoad'),
(538, 'fr', 'Judokrak'),
(538, 'en', 'Throh'),
(539, 'fr', 'Karaclée'),
(539, 'en', 'sawk'),
(540, 'fr', 'Larveyette'),
(540, 'en', 'Sewaddle'),
(541, 'fr', 'Couverdure'),
(541, 'en', 'Swadloon'),
(542, 'fr', 'Manternel'),
(542, 'en', 'Leavanny'),
(543, 'fr', 'Venipatte'),
(543, 'en', 'Venipede'),
(544, 'fr', 'Scobolide'),
(544, 'en', 'Whirlipede'),
(545, 'fr', 'Brutapode'),
(545, 'en', 'Scolipede'),
(546, 'fr', 'Doudouvet'),
(546, 'en', 'Cottonee'),
(547, 'fr', 'Farfaduvet'),
(547, 'en', 'Whimsicott'),
(548, 'fr', 'Chlorobule'),
(548, 'en', 'Petilil'),
(549, 'fr', 'Fragilady'),
(549, 'en', 'Lilligant'),
(550, 'fr', 'Bargantua'),
(550, 'en', 'Basculin'),
(551, 'fr', 'Mascaïman'),
(551, 'en', 'Sandile'),
(552, 'fr', 'Escroco'),
(552, 'en', 'Krokorok'),
(553, 'fr', 'Crocorible'),
(553, 'en', 'Krookodile'),
(554, 'fr', 'Darumarond'),
(554, 'en', 'Darumaka'),
(555, 'fr', 'Darumacho'),
(555, 'en', 'Darmanitan'),
(556, 'fr', 'Maracachi'),
(556, 'en', 'Maractus'),
(557, 'fr', 'Crabicoque'),
(557, 'en', 'Dwebble'),
(558, 'fr', 'Crabaraque'),
(558, 'en', 'Crustle'),
(559, 'fr', 'Baggiguane'),
(559, 'en', 'Scraggy'),
(560, 'fr', 'Baggaïd'),
(560, 'en', 'Scrafty'),
(561, 'fr', 'Cryptéro'),
(561, 'en', 'Sigilyph'),
(562, 'fr', 'Tutafeh'),
(562, 'en', 'Yamask'),
(563, 'fr', 'Tutankafer'),
(563, 'en', 'Cofagrigus'),
(564, 'fr', 'Carapagos'),
(564, 'en', 'Tirtouga'),
(565, 'fr', 'Mégapagos'),
(565, 'en', 'Carracosta'),
(566, 'fr', 'Arkéapti'),
(566, 'en', 'Archen'),
(567, 'fr', 'Aéroptéryx'),
(567, 'en', 'Archeops'),
(568, 'fr', 'Miamiasme'),
(568, 'en', 'Trubbish'),
(569, 'fr', 'Miasmax'),
(569, 'en', 'Garbodor'),
(570, 'fr', 'Zorua'),
(570, 'en', 'Zorua'),
(571, 'fr', 'Zoroark'),
(571, 'en', 'Zoroark'),
(572, 'fr', 'Chinchidou'),
(572, 'en', 'Minccino'),
(573, 'fr', 'Pashmilla'),
(573, 'en', 'Cinccino'),
(574, 'fr', 'Scrutella'),
(574, 'en', 'Gothita'),
(575, 'fr', 'Mesmérella'),
(575, 'en', 'Gothorita'),
(576, 'fr', 'Sidérella'),
(576, 'en', 'Gothitelle'),
(577, 'fr', 'Nucléos'),
(577, 'en', 'Solosis'),
(578, 'fr', 'Méios'),
(578, 'en', 'Duosion'),
(579, 'fr', 'Symbios'),
(579, 'en', 'Reuniclus'),
(580, 'fr', 'Couaneton'),
(580, 'en', 'Ducklett'),
(581, 'fr', 'Lakmécygne'),
(581, 'en', 'Swanna'),
(582, 'fr', 'Sorbébé'),
(582, 'en', 'Vanillite'),
(583, 'fr', 'Sorboul'),
(583, 'en', 'Vanillish'),
(584, 'fr', 'Sorbouboul'),
(584, 'en', 'Vanilluxe'),
(585, 'fr', 'Vivaldaim'),
(585, 'en', 'Deerling'),
(586, 'fr', 'Haydaim'),
(586, 'en', 'Sawsbuck'),
(587, 'fr', 'Emolga'),
(587, 'en', 'Emolga'),
(588, 'fr', 'Carabing'),
(588, 'en', 'Karrablast'),
(589, 'fr', 'Lançargot'),
(589, 'en', 'Escavalier'),
(590, 'fr', 'Trompignon'),
(590, 'en', 'Foongus'),
(591, 'fr', 'Gaulet'),
(591, 'en', 'Amoonguss'),
(592, 'fr', 'Viskuse'),
(592, 'en', 'Frillish'),
(593, 'fr', 'Moyade'),
(593, 'en', 'Jellicent'),
(594, 'fr', 'Mamanbo'),
(594, 'en', 'Alomomola'),
(595, 'fr', 'Statitik'),
(595, 'en', 'Joltik'),
(596, 'fr', 'Mygavolt'),
(596, 'en', 'Galvantula'),
(597, 'fr', 'Grindur'),
(597, 'en', 'Ferroseed'),
(598, 'fr', 'Noacier'),
(598, 'en', 'Ferrothorn'),
(599, 'fr', 'Tic'),
(599, 'en', 'Klink'),
(600, 'fr', 'Clic'),
(600, 'en', 'Klang'),
(601, 'fr', 'Cliticlic'),
(601, 'en', 'Klinklang'),
(602, 'fr', 'Anchwatt'),
(602, 'en', 'Tynamo'),
(603, 'fr', 'Lampéroie'),
(603, 'en', 'Eelektrik'),
(604, 'fr', 'Ohmassacre'),
(604, 'en', 'Eelektross'),
(605, 'fr', 'Lewsor'),
(605, 'en', 'Elgyem'),
(606, 'fr', 'Neitram'),
(606, 'en', 'Beheeyem'),
(607, 'fr', 'Funécire'),
(607, 'en', 'Litwick'),
(608, 'fr', 'Mélancolux'),
(608, 'en', 'Lampent'),
(609, 'fr', 'Lugulabre'),
(609, 'en', 'Chandelure'),
(610, 'fr', 'Coupenotte'),
(610, 'en', 'Axew'),
(611, 'fr', 'Incisache'),
(611, 'en', 'Fraxure'),
(612, 'fr', 'Tranchodon'),
(612, 'en', 'Haxorus'),
(613, 'fr', 'Polarhume'),
(613, 'en', 'Cubchoo'),
(614, 'fr', 'Polagriffe'),
(614, 'en', 'Beartic'),
(615, 'fr', 'Hexagel'),
(615, 'en', 'Cryogonal'),
(616, 'fr', 'Escargaume'),
(616, 'en', 'Shelmet'),
(617, 'fr', 'Limaspeed'),
(617, 'en', 'Accelgor'),
(618, 'fr', 'Limonde'),
(618, 'en', 'Stunfisk'),
(619, 'fr', 'Kungfouine'),
(619, 'en', 'Mienfoo'),
(620, 'fr', 'Shaofouine'),
(620, 'en', 'Mienshao'),
(621, 'fr', 'Drakkarmin'),
(621, 'en', 'Druddigon'),
(622, 'fr', 'Gringolem'),
(622, 'en', 'Golett'),
(623, 'fr', 'Golemastoc'),
(623, 'en', 'Golurk'),
(624, 'fr', 'Scalpion'),
(624, 'en', 'Pawniard'),
(625, 'fr', 'Scalproie'),
(625, 'en', 'Bisharp'),
(626, 'fr', 'Frison'),
(626, 'en', 'Bouffalant'),
(627, 'fr', 'Furaiglon'),
(627, 'en', 'Rufflet'),
(628, 'fr', 'Gueriaigle'),
(628, 'en', 'Braviary'),
(629, 'fr', 'Vostourno'),
(629, 'en', 'Vullaby'),
(630, 'fr', 'Vaututrice'),
(630, 'en', 'Mandibuzz'),
(631, 'fr', 'Aflamanoir'),
(631, 'en', 'Heatmor'),
(632, 'fr', 'Fermite'),
(632, 'en', 'Durant'),
(633, 'fr', 'Solochi'),
(633, 'en', 'Deino'),
(634, 'fr', 'Diamat'),
(634, 'en', 'Zweilous'),
(635, 'fr', 'Trioxhydre'),
(635, 'en', 'Hydreigon'),
(636, 'fr', 'Pyronille'),
(636, 'en', 'Larvesta'),
(637, 'fr', 'Pyrax'),
(637, 'en', 'Volcarona'),
(638, 'fr', 'Cobaltium'),
(638, 'en', 'Cobalion'),
(639, 'fr', 'Terrakium'),
(639, 'en', 'Terrakion'),
(640, 'fr', 'Viridium'),
(640, 'en', 'Virizion'),
(641, 'fr', 'Boréas'),
(641, 'en', 'Tornadus'),
(642, 'fr', 'Fulguris'),
(642, 'en', 'Thundurus'),
(643, 'fr', 'Reshiram'),
(643, 'en', 'Reshiram'),
(644, 'fr', 'Zekrom'),
(644, 'en', 'Zekrom'),
(645, 'fr', 'Démétéros'),
(645, 'en', 'Landorus'),
(646, 'fr', 'Kyurem'),
(646, 'en', 'Kyurem'),
(647, 'fr', 'Keldeo'),
(647, 'en', 'Keldeo'),
(648, 'fr', 'Meloetta'),
(648, 'en', 'Meloetta'),
(649, 'fr', 'Genesect'),
(649, 'en', 'Genesect');

-- --------------------------------------------------------

--
-- Structure de la table `pokemon_specie`
--

CREATE TABLE `pokemon_specie` (
  `pokemon_id` int(4) UNSIGNED DEFAULT NULL,
  `lang` varchar(5) COLLATE utf8mb4_unicode_ci DEFAULT NULL,
  `specie` varchar(25) COLLATE utf8mb4_unicode_ci DEFAULT NULL
) ENGINE=InnoDB DEFAULT CHARSET=utf8mb4 COLLATE=utf8mb4_unicode_ci;

--
-- Déchargement des données de la table `pokemon_specie`
--

INSERT INTO `pokemon_specie` (`pokemon_id`, `lang`, `specie`) VALUES
(1, 'fr', 'Pokémon Graine'),
(1, 'en', 'Seed Pokémon'),
(2, 'fr', 'Pokémon Graine'),
(2, 'en', 'Seed Pokémon'),
(3, 'fr', 'Pokémon Graine'),
(3, 'en', 'Seed Pokémon'),
(4, 'fr', 'Pokémon Lézard'),
(4, 'en', 'Lizard Pokémon'),
(5, 'fr', 'Pokémon Flamme'),
(5, 'en', 'Flame Pokémon'),
(6, 'fr', 'Pokémon Flamme'),
(6, 'en', 'Flame Pokémon'),
(7, 'fr', 'Pokémon Minitortue'),
(7, 'en', 'Tiny Turtle Pokémon'),
(8, 'fr', 'Pokémon Tortue'),
(8, 'en', 'Turtle Pokémon'),
(9, 'fr', 'Pokémon Carapace'),
(9, 'en', 'Shellfish Pokémon'),
(10, 'fr', 'Pokémon Ver'),
(10, 'en', 'Worm Pokémon'),
(11, 'fr', 'Pokémon Cocon'),
(11, 'en', 'Cocoon Pokémon'),
(12, 'fr', 'Pokémon Papillon'),
(12, 'en', 'Butterfly Pokémon'),
(13, 'fr', 'Pokémon Insectopic'),
(13, 'en', 'Hairy Bug Pokémon'),
(14, 'fr', 'Pokémon Cocon'),
(14, 'en', 'Cocoon Pokémon'),
(15, 'fr', 'Pokémon Guêpoison'),
(15, 'en', 'Poison Bee Pokémon'),
(16, 'fr', 'Pokémon Minoiseau'),
(16, 'en', 'Tiny Bird Pokémon'),
(17, 'fr', 'Pokémon Oiseau'),
(17, 'en', 'Bird Pokémon'),
(18, 'fr', 'Pokémon Oiseau'),
(18, 'en', 'Bird Pokémon'),
(19, 'fr', 'Pokémon Souris'),
(19, 'en', 'Mouse Pokémon'),
(20, 'fr', 'Pokémon Souris'),
(20, 'en', 'Mouse Pokémon'),
(21, 'fr', 'Pokémon Minoiseau'),
(21, 'en', 'Tiny Bird Pokémon'),
(22, 'fr', 'Pokémon Bec-Oiseau'),
(22, 'en', 'Beak Pokémon'),
(23, 'fr', 'Pokémon Serpent'),
(23, 'en', 'Snake Pokémon'),
(24, 'fr', 'Pokémon Cobra'),
(24, 'en', 'Cobra Pokémon'),
(25, 'fr', 'Pokémon Souris'),
(25, 'en', 'Mouse Pokémon'),
(26, 'fr', 'Pokémon Souris'),
(26, 'en', 'Mouse Pokémon'),
(27, 'fr', 'Pokémon Souris'),
(27, 'en', 'Mouse Pokémon'),
(28, 'fr', 'Pokémon Souris'),
(28, 'en', 'Mouse Pokémon'),
(29, 'fr', 'Pokémon Vénépic'),
(29, 'en', 'Poison Pin Pokémon'),
(30, 'fr', 'Pokémon Vénépic'),
(30, 'en', 'Poison Pin Pokémon'),
(31, 'fr', 'Pokémon Perceur'),
(31, 'en', 'Drill Pokémon'),
(32, 'fr', 'Pokémon Vénépic'),
(32, 'en', 'Poison Pin Pokémon'),
(33, 'fr', 'Pokémon Vénépic'),
(33, 'en', 'Poison Pin Pokémon'),
(34, 'fr', 'Pokémon Perceur'),
(34, 'en', 'Drill Pokémon'),
(35, 'fr', 'Pokémon Fée'),
(35, 'en', 'Fairy Pokémon'),
(36, 'fr', 'Pokémon Fée'),
(36, 'en', 'Fairy Pokémon'),
(37, 'fr', 'Pokémon Renard'),
(37, 'en', 'Fox Pokémon'),
(38, 'fr', 'Pokémon Renard'),
(38, 'en', 'Fox Pokémon'),
(39, 'fr', 'Pokémon Bouboule'),
(39, 'en', 'Balloon Pokémon'),
(40, 'fr', 'Pokémon Bouboule'),
(40, 'en', 'Balloon Pokémon'),
(41, 'fr', 'Pokémon Chovsouris'),
(41, 'en', 'Bat Pokémon'),
(42, 'fr', 'Pokémon Chovsouris'),
(42, 'en', 'Bat Pokémon'),
(43, 'fr', 'Pokémon Racine'),
(43, 'en', 'Weed Pokémon'),
(44, 'fr', 'Pokémon Racine'),
(44, 'en', 'Weed Pokémon'),
(45, 'fr', 'Pokémon Fleur'),
(45, 'en', 'Flower Pokémon'),
(46, 'fr', 'Pokémon Champignon'),
(46, 'en', 'Mushroom Pokémon'),
(47, 'fr', 'Pokémon Champignon'),
(47, 'en', 'Mushroom Pokémon'),
(48, 'fr', 'Pokémon Vermine'),
(48, 'en', 'Insect Pokémon'),
(49, 'fr', 'Pokémon Papipoison'),
(49, 'en', 'Poison Moth Pokémon'),
(50, 'fr', 'Pokémon Taupe'),
(50, 'en', 'Mole Pokémon'),
(51, 'fr', 'Pokémon Taupe'),
(51, 'en', 'Mole Pokémon'),
(52, 'fr', 'Pokémon Chadégout'),
(52, 'en', 'Scratch Cat Pokémon'),
(53, 'fr', 'Pokémon Chadeville'),
(53, 'en', 'Classy Cat Pokémon'),
(54, 'fr', 'Pokémon Canard'),
(54, 'en', 'Duck Pokémon'),
(55, 'fr', 'Pokémon Canard'),
(55, 'en', 'Duck Pokémon'),
(56, 'fr', 'Pokémon Porsinge'),
(56, 'en', 'Pig Monkey Pokémon'),
(57, 'fr', 'Pokémon Porsinge'),
(57, 'en', 'Pig Monkey Pokémon'),
(58, 'fr', 'Pokémon Chiot'),
(58, 'en', 'Puppy Pokémon'),
(59, 'fr', 'Pokémon Légendaire'),
(59, 'en', 'Legendary Pokémon'),
(60, 'fr', 'Pokémon Têtard'),
(60, 'en', 'Tadpole Pokémon'),
(61, 'fr', 'Pokémon Têtard'),
(61, 'en', 'Tadpole Pokémon'),
(62, 'fr', 'Pokémon Têtard'),
(62, 'en', 'Tadpole Pokémon'),
(63, 'fr', 'Pokémon Psy'),
(63, 'en', 'Psi Pokémon'),
(64, 'fr', 'Pokémon Psy'),
(64, 'en', 'Psi Pokémon'),
(65, 'fr', 'Pokémon Psy'),
(65, 'en', 'Psi Pokémon'),
(66, 'fr', 'Pokémon Colosse'),
(66, 'en', 'Superpower Pokémon'),
(67, 'fr', 'Pokémon Colosse'),
(67, 'en', 'Superpower Pokémon'),
(68, 'fr', 'Pokémon Colosse'),
(68, 'en', 'Superpower Pokémon'),
(69, 'fr', 'Pokémon Fleur'),
(69, 'en', 'Flower Pokémon'),
(70, 'fr', 'Pokémon Carnivore'),
(70, 'en', 'Flycatcher Pokémon'),
(71, 'fr', 'Pokémon Carnivore'),
(71, 'en', 'Flycatcher Pokémon'),
(72, 'fr', 'Pokémon Mollusque'),
(72, 'en', 'Jellyfish Pokémon'),
(73, 'fr', 'Pokémon Mollusque'),
(73, 'en', 'Jellyfish Pokémon'),
(74, 'fr', 'Pokémon Roche'),
(74, 'en', 'Rock Pokémon'),
(75, 'fr', 'Pokémon Roche'),
(75, 'en', 'Rock Pokémon'),
(76, 'fr', 'Pokémon Titanesque'),
(76, 'en', 'Megaton Pokémon'),
(77, 'fr', 'Pokémon Cheval Feu'),
(77, 'en', 'Fire Horse Pokémon'),
(78, 'fr', 'Pokémon Cheval Feu'),
(78, 'en', 'Fire Horse Pokémon'),
(79, 'fr', 'Pokémon Crétin'),
(79, 'en', 'Dopey Pokémon'),
(80, 'fr', 'Pokémon Symbiose'),
(80, 'en', 'Hermit Crab Pokémon'),
(81, 'fr', 'Pokémon Magnétique'),
(81, 'en', 'Magnet Pokémon'),
(82, 'fr', 'Pokémon Magnétique'),
(82, 'en', 'Magnet Pokémon'),
(83, 'fr', 'Pokémon Canard Fou'),
(83, 'en', 'Wild Duck Pokémon'),
(84, 'fr', 'Pokémon Duoiseau'),
(84, 'en', 'Twin Bird Pokémon'),
(85, 'fr', 'Pokémon Trioiseau'),
(85, 'en', 'Triple Bird Pokémon'),
(86, 'fr', 'Pokémon Otarie'),
(86, 'en', 'Sea Lion Pokémon'),
(87, 'fr', 'Pokémon Otarie'),
(87, 'en', 'Sea Lion Pokémon'),
(88, 'fr', 'Pokémon Dégueu'),
(88, 'en', 'Sludge Pokémon'),
(89, 'fr', 'Pokémon Dégueu'),
(89, 'en', 'Sludge Pokémon'),
(90, 'fr', 'Pokémon Bivalve'),
(90, 'en', 'Bivalve Pokémon'),
(91, 'fr', 'Pokémon Bivalve'),
(91, 'en', 'Bivalve Pokémon'),
(92, 'fr', 'Pokémon Gaz'),
(92, 'en', 'Gas Pokémon'),
(93, 'fr', 'Pokémon Gaz'),
(93, 'en', 'Gas Pokémon'),
(94, 'fr', 'Pokémon Ombre'),
(94, 'en', 'Shadow Pokémon'),
(95, 'fr', 'Pokémon Serpenroc'),
(95, 'en', 'Rock Snake Pokémon'),
(96, 'fr', 'Pokémon Hypnose'),
(96, 'en', 'Hypnosis Pokémon'),
(97, 'fr', 'Pokémon Hypnose'),
(97, 'en', 'Hypnosis Pokémon'),
(98, 'fr', 'Pokémon Doux Crabe'),
(98, 'en', 'River Crab Pokémon'),
(99, 'fr', 'Pokémon Pince'),
(99, 'en', 'Pincer Pokémon'),
(100, 'fr', 'Pokémon Balle'),
(100, 'en', 'Ball Pokémon'),
(101, 'fr', 'Pokémon Balle'),
(101, 'en', 'Ball Pokémon'),
(102, 'fr', 'Pokémon Œuf'),
(102, 'en', 'Egg Pokémon'),
(103, 'fr', 'Pokémon Fruitpalme'),
(103, 'en', 'Coconut Pokémon'),
(104, 'fr', 'Pokémon Solitaire'),
(104, 'en', 'Lonely Pokémon'),
(105, 'fr', 'Pokémon Gard’Os'),
(105, 'en', 'Bone Keeper Pokémon'),
(106, 'fr', 'Pokémon Latteur'),
(106, 'en', 'Kicking Pokémon'),
(107, 'fr', 'Pokémon Puncheur'),
(107, 'en', 'Punching Pokémon'),
(108, 'fr', 'Pokémon Lécheur'),
(108, 'en', 'Licking Pokémon'),
(109, 'fr', 'Pokémon Gaz Mortel'),
(109, 'en', 'Poison Gas Pokémon'),
(110, 'fr', 'Pokémon Gaz Mortel'),
(110, 'en', 'Poison Gas Pokémon'),
(111, 'fr', 'Pokémon Piquant'),
(111, 'en', 'Spikes Pokémon'),
(112, 'fr', 'Pokémon Perceur'),
(112, 'en', 'Drill Pokémon'),
(113, 'fr', 'Pokémon Œuf'),
(113, 'en', 'Egg Pokémon'),
(114, 'fr', 'Pokémon Vigne'),
(114, 'en', 'Vine Pokémon'),
(115, 'fr', 'Pokémon Maternel'),
(115, 'en', 'Parent Pokémon'),
(116, 'fr', 'Pokémon Dragon'),
(116, 'en', 'Dragon Pokémon'),
(117, 'fr', 'Pokémon Dragon'),
(117, 'en', 'Dragon Pokémon'),
(118, 'fr', 'Pokémon Poisson'),
(118, 'en', 'Goldfish Pokémon'),
(119, 'fr', 'Pokémon Poisson'),
(119, 'en', 'Goldfish Pokémon'),
(120, 'fr', 'Pokémon Étoile'),
(120, 'en', 'Star Shape Pokémon'),
(121, 'fr', 'Pokémon Mystérieux'),
(121, 'en', 'Mysterious Pokémon'),
(122, 'fr', 'Pokémon Bloqueur'),
(122, 'en', 'Barrier Pokémon'),
(123, 'fr', 'Pokémon Mante'),
(123, 'en', 'Mantis Pokémon'),
(124, 'fr', 'Pokémon Humanoïde'),
(124, 'en', 'Human Shape Pokémon'),
(125, 'fr', 'Pokémon Électrique'),
(125, 'en', 'Electric Pokémon'),
(126, 'fr', 'Pokémon Crache-Feu'),
(126, 'en', 'Spitfire Pokémon'),
(127, 'fr', 'Pokémon Scarabée'),
(127, 'en', 'Stag Beetle Pokémon'),
(128, 'fr', 'Pokémon Buffle'),
(128, 'en', 'Wild Bull Pokémon'),
(129, 'fr', 'Pokémon Poisson'),
(129, 'en', 'Fish Pokémon'),
(130, 'fr', 'Pokémon Terrifiant'),
(130, 'en', 'Atrocious Pokémon'),
(131, 'fr', 'Pokémon Transport'),
(131, 'en', 'Transport Pokémon'),
(132, 'fr', 'Pokémon Morphing'),
(132, 'en', 'Transform Pokémon'),
(133, 'fr', 'Pokémon Évolutif'),
(133, 'en', 'Evolution Pokémon'),
(134, 'fr', 'Pokémon Bulleur'),
(134, 'en', 'Bubble Jet Pokémon'),
(135, 'fr', 'Pokémon Orage'),
(135, 'en', 'Lightning Pokémon'),
(136, 'fr', 'Pokémon Flamme'),
(136, 'en', 'Flame Pokémon'),
(137, 'fr', 'Pokémon Virtuel'),
(137, 'en', 'Virtual Pokémon'),
(138, 'fr', 'Pokémon Spirale'),
(138, 'en', 'Spiral Pokémon'),
(139, 'fr', 'Pokémon Spirale'),
(139, 'en', 'Spiral Pokémon'),
(140, 'fr', 'Pokémon Carapace'),
(140, 'en', 'Shellfish Pokémon'),
(141, 'fr', 'Pokémon Carapace'),
(141, 'en', 'Shellfish Pokémon'),
(142, 'fr', 'Pokémon Fossile'),
(142, 'en', 'Fossil Pokémon'),
(143, 'fr', 'Pokémon Pionceur'),
(143, 'en', 'Sleeping Pokémon'),
(144, 'fr', 'Pokémon Glaciaire'),
(144, 'en', 'Freeze Pokémon'),
(145, 'fr', 'Pokémon Électrique'),
(145, 'en', 'Electric Pokémon'),
(146, 'fr', 'Pokémon Flamme'),
(146, 'en', 'Flame Pokémon'),
(147, 'fr', 'Pokémon Dragon'),
(147, 'en', 'Dragon Pokémon'),
(148, 'fr', 'Pokémon Dragon'),
(148, 'en', 'Dragon Pokémon'),
(149, 'fr', 'Pokémon Dragon'),
(149, 'en', 'Dragon Pokémon'),
(150, 'fr', 'Pokémon Génétique'),
(150, 'en', 'Genetic Pokémon'),
(151, 'fr', 'Pokémon Nouveau'),
(151, 'en', 'New Species Pokémon'),
(152, 'fr', 'Pokémon Feuille'),
(152, 'en', 'Leaf Pokémon'),
(153, 'fr', 'Pokémon Feuille'),
(153, 'en', 'Leaf Pokémon'),
(154, 'fr', 'Pokémon Herbe'),
(154, 'en', 'Herb Pokémon'),
(155, 'fr', 'Pokémon Souris Feu'),
(155, 'en', 'Fire Mouse Pokémon'),
(156, 'fr', 'Pokémon Volcan'),
(156, 'en', 'Volcano Pokémon'),
(157, 'fr', 'Pokémon Volcan'),
(157, 'en', 'Volcano Pokémon'),
(158, 'fr', 'Pokémon Mâchoire'),
(158, 'en', 'Big Jaw Pokémon'),
(159, 'fr', 'Pokémon Mâchoire'),
(159, 'en', 'Big Jaw Pokémon'),
(160, 'fr', 'Pokémon Mâchoire'),
(160, 'en', 'Big Jaw Pokémon'),
(161, 'fr', 'Pokémon Espion'),
(161, 'en', 'Scout Pokémon'),
(162, 'fr', 'Pokémon Allongé'),
(162, 'en', 'Long Body Pokémon'),
(163, 'fr', 'Pokémon Hibou'),
(163, 'en', 'Owl Pokémon'),
(164, 'fr', 'Pokémon Hibou'),
(164, 'en', 'Owl Pokémon'),
(165, 'fr', 'Pokémon 5 Étoiles'),
(165, 'en', 'Five Star Pokémon'),
(166, 'fr', 'Pokémon 5 Étoiles'),
(166, 'en', 'Five Star Pokémon'),
(167, 'fr', 'Pokémon Crache Fil'),
(167, 'en', 'String Spit Pokémon'),
(168, 'fr', 'Pokémon Long-Patte'),
(168, 'en', 'Long Leg Pokémon'),
(169, 'fr', 'Pokémon Chovsouris'),
(169, 'en', 'Bat Pokémon'),
(170, 'fr', 'Pokémon Poisson'),
(170, 'en', 'Angler Pokémon'),
(171, 'fr', 'Pokémon Lumière'),
(171, 'en', 'Light Pokémon'),
(172, 'fr', 'Pokémon Minisouris'),
(172, 'en', 'Tiny Mouse Pokémon'),
(173, 'fr', 'Pokémon Étoile'),
(173, 'en', 'Star Shape Pokémon'),
(174, 'fr', 'Pokémon Bouboule'),
(174, 'en', 'Balloon Pokémon'),
(175, 'fr', 'Pokémon Balle Pic'),
(175, 'en', 'Spike Ball Pokémon'),
(176, 'fr', 'Pokémon Bonheur'),
(176, 'en', 'Happiness Pokémon'),
(177, 'fr', 'Pokémon Minoiseau'),
(177, 'en', 'Tiny Bird Pokémon'),
(178, 'fr', 'Pokémon Mystique'),
(178, 'en', 'Mystic Pokémon'),
(179, 'fr', 'Pokémon Laine'),
(179, 'en', 'Wool Pokémon'),
(180, 'fr', 'Pokémon Laine'),
(180, 'en', 'Wool Pokémon'),
(181, 'fr', 'Pokémon Lumière'),
(181, 'en', 'Light Pokémon'),
(182, 'fr', 'Pokémon Fleur'),
(182, 'en', 'Flower Pokémon'),
(183, 'fr', 'Pokémon Aquasouris'),
(183, 'en', 'Aqua Mouse Pokémon'),
(184, 'fr', 'Pokémon Aqualapin'),
(184, 'en', 'Aqua Rabbit Pokémon'),
(185, 'fr', 'Pokémon Imitation'),
(185, 'en', 'Imitation Pokémon'),
(186, 'fr', 'Pokémon Grenouille'),
(186, 'en', 'Frog Pokémon'),
(187, 'fr', 'Pokémon Pissenlit'),
(187, 'en', 'Cottonweed Pokémon'),
(188, 'fr', 'Pokémon Pissenlit'),
(188, 'en', 'Cottonweed Pokémon'),
(189, 'fr', 'Pokémon Pissenlit'),
(189, 'en', 'Cottonweed Pokémon'),
(190, 'fr', 'Pokémon Longqueue'),
(190, 'en', 'Long Tail Pokémon'),
(191, 'fr', 'Pokémon Graine'),
(191, 'en', 'Seed Pokémon'),
(192, 'fr', 'Pokémon Soleil'),
(192, 'en', 'Sun Pokémon'),
(193, 'fr', 'Pokémon Translaile'),
(193, 'en', 'Clear Wing Pokémon'),
(194, 'fr', 'Pokémon Poisson'),
(194, 'en', 'Water Fish Pokémon'),
(195, 'fr', 'Pokémon Poisson'),
(195, 'en', 'Water Fish Pokémon'),
(196, 'fr', 'Pokémon Soleil'),
(196, 'en', 'Sun Pokémon'),
(197, 'fr', 'Pokémon Lune'),
(197, 'en', 'Moonlight Pokémon'),
(198, 'fr', 'Pokémon Obscurité'),
(198, 'en', 'Darkness Pokémon'),
(199, 'fr', 'Pokémon Royal'),
(199, 'en', 'Royal Pokémon'),
(200, 'fr', 'Pokémon Strident'),
(200, 'en', 'Screech Pokémon'),
(201, 'fr', 'Pokémon Symbolique'),
(201, 'en', 'Symbol Pokémon'),
(202, 'fr', 'Pokémon Patient'),
(202, 'en', 'Patient Pokémon'),
(203, 'fr', 'Pokémon Long-Cou'),
(203, 'en', 'Long Neck Pokémon'),
(204, 'fr', 'Pokémon Ver Caché'),
(204, 'en', 'Bagworm Pokémon'),
(205, 'fr', 'Pokémon Ver Caché'),
(205, 'en', 'Bagworm Pokémon'),
(206, 'fr', 'Pokémon Serpent'),
(206, 'en', 'Land Snake Pokémon'),
(207, 'fr', 'Pokémon Scorpivol'),
(207, 'en', 'Fly Scorpion Pokémon'),
(208, 'fr', 'Pokémon Serpenfer'),
(208, 'en', 'Iron Snake Pokémon'),
(209, 'fr', 'Pokémon Fée'),
(209, 'en', 'Fairy Pokémon'),
(210, 'fr', 'Pokémon Fée'),
(210, 'en', 'Fairy Pokémon'),
(211, 'fr', 'Pokémon Bouboule'),
(211, 'en', 'Balloon Pokémon'),
(212, 'fr', 'Pokémon Pince'),
(212, 'en', 'Pincer Pokémon'),
(213, 'fr', 'Pokémon Pourri'),
(213, 'en', 'Mold Pokémon'),
(214, 'fr', 'Pokémon Unicorne'),
(214, 'en', 'Single Horn Pokémon'),
(215, 'fr', 'Pokémon Grifacérée'),
(215, 'en', 'Sharp Claw Pokémon'),
(216, 'fr', 'Pokémon Mini Ours'),
(216, 'en', 'Little Bear Pokémon'),
(217, 'fr', 'Pokémon Hibernant'),
(217, 'en', 'Hibernator Pokémon'),
(218, 'fr', 'Pokémon Lave'),
(218, 'en', 'Lava Pokémon'),
(219, 'fr', 'Pokémon Lave'),
(219, 'en', 'Lava Pokémon'),
(220, 'fr', 'Pokémon Cochon'),
(220, 'en', 'Pig Pokémon'),
(221, 'fr', 'Pokémon Porc'),
(221, 'en', 'Swine Pokémon'),
(222, 'fr', 'Pokémon Corail'),
(222, 'en', 'Coral Pokémon'),
(223, 'fr', 'Pokémon Jet'),
(223, 'en', 'Jet Pokémon'),
(224, 'fr', 'Pokémon Jet'),
(224, 'en', 'Jet Pokémon'),
(225, 'fr', 'Pokémon Livraison'),
(225, 'en', 'Delivery Pokémon'),
(226, 'fr', 'Pokémon Cervolant'),
(226, 'en', 'Kite Pokémon'),
(227, 'fr', 'Pokémon Armoiseau'),
(227, 'en', 'Armor Bird Pokémon'),
(228, 'fr', 'Pokémon Sombre'),
(228, 'en', 'Dark Pokémon'),
(229, 'fr', 'Pokémon Sombre'),
(229, 'en', 'Dark Pokémon'),
(230, 'fr', 'Pokémon Dragon'),
(230, 'en', 'Dragon Pokémon'),
(231, 'fr', 'Pokémon Long-Nez'),
(231, 'en', 'Long Nose Pokémon'),
(232, 'fr', 'Pokémon Armure'),
(232, 'en', 'Armor Pokémon'),
(233, 'fr', 'Pokémon Virtuel'),
(233, 'en', 'Virtual Pokémon'),
(234, 'fr', 'Pokémon Maxi Corne'),
(234, 'en', 'Big Horn Pokémon'),
(235, 'fr', 'Pokémon Peintre'),
(235, 'en', 'Painter Pokémon'),
(236, 'fr', 'Pokémon Bagarreur'),
(236, 'en', 'Scuffle Pokémon'),
(237, 'fr', 'Pokémon Poirier'),
(237, 'en', 'Handstand Pokémon'),
(238, 'fr', 'Pokémon Bisou'),
(238, 'en', 'Kiss Pokémon'),
(239, 'fr', 'Pokémon Électrique'),
(239, 'en', 'Electric Pokémon'),
(240, 'fr', 'Pokémon Charbon'),
(240, 'en', 'Live Coal Pokémon'),
(241, 'fr', 'Pokémon Vachalait'),
(241, 'en', 'Milk Cow Pokémon'),
(242, 'fr', 'Pokémon Bonheur'),
(242, 'en', 'Happiness Pokémon'),
(243, 'fr', 'Pokémon Foudre'),
(243, 'en', 'Thunder Pokémon'),
(244, 'fr', 'Pokémon Volcan'),
(244, 'en', 'Volcano Pokémon'),
(245, 'fr', 'Pokémon Aurore'),
(245, 'en', 'Aurora Pokémon'),
(246, 'fr', 'Pokémon Peaupierre'),
(246, 'en', 'Rock Skin Pokémon'),
(247, 'fr', 'Pokémon Carapadure'),
(247, 'en', 'Hard Shell Pokémon'),
(248, 'fr', 'Pokémon Armure'),
(248, 'en', 'Armor Pokémon'),
(249, 'fr', 'Pokémon Plongeon'),
(249, 'en', 'Diving Pokémon'),
(250, 'fr', 'Pokémon Arcenciel'),
(250, 'en', 'Rainbow Pokémon'),
(251, 'fr', 'Pokémon Temporel'),
(251, 'en', 'Time Travel Pokémon'),
(252, 'fr', 'Pokémon Bois Gecko'),
(252, 'en', 'Wood Gecko Pokémon'),
(253, 'fr', 'Pokémon Bois Gecko'),
(253, 'en', 'Wood Gecko Pokémon'),
(254, 'fr', 'Pokémon Forêt'),
(254, 'en', 'Forest Pokémon'),
(255, 'fr', 'Pokémon Poussin'),
(255, 'en', 'Chick Pokémon'),
(256, 'fr', 'Pokémon Poulet'),
(256, 'en', 'Young Fowl Pokémon'),
(257, 'fr', 'Pokémon Ardent'),
(257, 'en', 'Blaze Pokémon'),
(258, 'fr', 'Pokémon Poissonboue'),
(258, 'en', 'Mud Fish Pokémon'),
(259, 'fr', 'Pokémon Poissonboue'),
(259, 'en', 'Mud Fish Pokémon'),
(260, 'fr', 'Pokémon Poissonboue'),
(260, 'en', 'Mud Fish Pokémon'),
(261, 'fr', 'Pokémon Morsure'),
(261, 'en', 'Bite Pokémon'),
(262, 'fr', 'Pokémon Morsure'),
(262, 'en', 'Bite Pokémon'),
(263, 'fr', 'Pokémon Petit Raton'),
(263, 'en', 'Tiny Raccoon Pokémon'),
(264, 'fr', 'Pokémon Fonceur'),
(264, 'en', 'Rushing Pokémon'),
(265, 'fr', 'Pokémon Ver'),
(265, 'en', 'Worm Pokémon'),
(266, 'fr', 'Pokémon Cocon'),
(266, 'en', 'Cocoon Pokémon'),
(267, 'fr', 'Pokémon Papillon'),
(267, 'en', 'Butterfly Pokémon'),
(268, 'fr', 'Pokémon Cocon'),
(268, 'en', 'Cocoon Pokémon'),
(269, 'fr', 'Pokémon Papipoison'),
(269, 'en', 'Poison Moth Pokémon'),
(270, 'fr', 'Pokémon Aquaplante'),
(270, 'en', 'Water Weed Pokémon'),
(271, 'fr', 'Pokémon Jovial'),
(271, 'en', 'Jolly Pokémon'),
(272, 'fr', 'Pokémon Insouciant'),
(272, 'en', 'Carefree Pokémon'),
(273, 'fr', 'Pokémon Gland'),
(273, 'en', 'Acorn Pokémon'),
(274, 'fr', 'Pokémon Malin'),
(274, 'en', 'Wily Pokémon'),
(275, 'fr', 'Pokémon Malveillant'),
(275, 'en', 'Wicked Pokémon'),
(276, 'fr', 'Pokémon Minirondel'),
(276, 'en', 'Tiny Swallow Pokémon'),
(277, 'fr', 'Pokémon Hirondelle'),
(277, 'en', 'Swallow Pokémon'),
(278, 'fr', 'Pokémon Mouette'),
(278, 'en', 'Seagull Pokémon'),
(279, 'fr', 'Pokémon Oiseaudo'),
(279, 'en', 'Water Bird Pokémon'),
(280, 'fr', 'Pokémon Sentiment'),
(280, 'en', 'Feeling Pokémon'),
(281, 'fr', 'Pokémon Émotion'),
(281, 'en', 'Emotion Pokémon'),
(282, 'fr', 'Pokémon Étreinte'),
(282, 'en', 'Embrace Pokémon'),
(283, 'fr', 'Pokémon Maresurfeur'),
(283, 'en', 'Pond Skater Pokémon'),
(284, 'fr', 'Pokémon Boule Œil'),
(284, 'en', 'Eyeball Pokémon'),
(285, 'fr', 'Pokémon Champignon'),
(285, 'en', 'Mushroom Pokémon'),
(286, 'fr', 'Pokémon Champignon'),
(286, 'en', 'Mushroom Pokémon'),
(287, 'fr', 'Pokémon Flâneur'),
(287, 'en', 'Slacker Pokémon'),
(288, 'fr', 'Pokémon Turbusinge'),
(288, 'en', 'Wild Monkey Pokémon'),
(289, 'fr', 'Pokémon Fainéant'),
(289, 'en', 'Lazy Pokémon'),
(290, 'fr', 'Pokémon Apprenti'),
(290, 'en', 'Trainee Pokémon'),
(291, 'fr', 'Pokémon Ninja'),
(291, 'en', 'Ninja Pokémon'),
(292, 'fr', 'Pokémon Exuvie'),
(292, 'en', 'Shed Pokémon'),
(293, 'fr', 'Pokémon Chuchoteur'),
(293, 'en', 'Whisper Pokémon'),
(294, 'fr', 'Pokémon Grosse Voix'),
(294, 'en', 'Big Voice Pokémon'),
(295, 'fr', 'Pokémon Bruit Sourd'),
(295, 'en', 'Loud Noise Pokémon'),
(296, 'fr', 'Pokémon Tenace'),
(296, 'en', 'Guts Pokémon'),
(297, 'fr', 'Pokémon Cogneur'),
(297, 'en', 'Arm Thrust Pokémon'),
(298, 'fr', 'Pokémon Point Polka'),
(298, 'en', 'Polka Dot Pokémon'),
(299, 'fr', 'Pokémon Boussole'),
(299, 'en', 'Compass Pokémon'),
(300, 'fr', 'Pokémon Chaton'),
(300, 'en', 'Kitten Pokémon'),
(301, 'fr', 'Pokémon Guindé'),
(301, 'en', 'Prim Pokémon'),
(302, 'fr', 'Pokémon Obscurité'),
(302, 'en', 'Darkness Pokémon'),
(303, 'fr', 'Pokémon Trompeur'),
(303, 'en', 'Deceiver Pokémon'),
(304, 'fr', 'Pokémon Armurfer'),
(304, 'en', 'Iron Armor Pokémon'),
(305, 'fr', 'Pokémon Armurfer'),
(305, 'en', 'Iron Armor Pokémon'),
(306, 'fr', 'Pokémon Armurfer'),
(306, 'en', 'Iron Armor Pokémon'),
(307, 'fr', 'Pokémon Méditation'),
(307, 'en', 'Meditate Pokémon'),
(308, 'fr', 'Pokémon Méditation'),
(308, 'en', 'Meditate Pokémon'),
(309, 'fr', 'Pokémon Orage'),
(309, 'en', 'Lightning Pokémon'),
(310, 'fr', 'Pokémon Décharge'),
(310, 'en', 'Discharge Pokémon'),
(311, 'fr', 'Pokémon Acclameur'),
(311, 'en', 'Cheering Pokémon'),
(312, 'fr', 'Pokémon Acclameur'),
(312, 'en', 'Cheering Pokémon'),
(313, 'fr', 'Pokémon Luciole'),
(313, 'en', 'Firefly Pokémon'),
(314, 'fr', 'Pokémon Luciole'),
(314, 'en', 'Firefly Pokémon'),
(315, 'fr', 'Pokémon Épine'),
(315, 'en', 'Thorn Pokémon'),
(316, 'fr', 'Pokémon Estomac'),
(316, 'en', 'Stomach Pokémon'),
(317, 'fr', 'Pokémon Sac Poison'),
(317, 'en', 'Poison Bag Pokémon'),
(318, 'fr', 'Pokémon Féroce'),
(318, 'en', 'Savage Pokémon'),
(319, 'fr', 'Pokémon Brutal'),
(319, 'en', 'Brutal Pokémon'),
(320, 'fr', 'Pokémon Baleinboule'),
(320, 'en', 'Ball Whale Pokémon'),
(321, 'fr', 'Pokémon Cachabouée'),
(321, 'en', 'Float Whale Pokémon'),
(322, 'fr', 'Pokémon Engourdi'),
(322, 'en', 'Numb Pokémon'),
(323, 'fr', 'Pokémon Éruption'),
(323, 'en', 'Eruption Pokémon'),
(324, 'fr', 'Pokémon Charbon'),
(324, 'en', 'Coal Pokémon'),
(325, 'fr', 'Pokémon Rebond'),
(325, 'en', 'Bounce Pokémon'),
(326, 'fr', 'Pokémon Magouilleur'),
(326, 'en', 'Manipulate Pokémon'),
(327, 'fr', 'Pokémon Panda Tache'),
(327, 'en', 'Spot Panda Pokémon'),
(328, 'fr', 'Pokémon Piégeur'),
(328, 'en', 'Ant Pit Pokémon'),
(329, 'fr', 'Pokémon Vibration'),
(329, 'en', 'Vibration Pokémon'),
(330, 'fr', 'Pokémon Mystique'),
(330, 'en', 'Mystic Pokémon'),
(331, 'fr', 'Pokémon Cactus'),
(331, 'en', 'Cactus Pokémon'),
(332, 'fr', 'Pokémon Épouvantail'),
(332, 'en', 'Scarecrow Pokémon'),
(333, 'fr', 'Pokémon Oiseaucoton'),
(333, 'en', 'Cotton Bird Pokémon'),
(334, 'fr', 'Pokémon Virevolteur'),
(334, 'en', 'Humming Pokémon'),
(335, 'fr', 'Pokémon Chat Furet'),
(335, 'en', 'Cat Ferret Pokémon'),
(336, 'fr', 'Pokémon Serpacroc'),
(336, 'en', 'Fang Snake Pokémon'),
(337, 'fr', 'Pokémon Météorite'),
(337, 'en', 'Meteorite Pokémon'),
(338, 'fr', 'Pokémon Météorite'),
(338, 'en', 'Meteorite Pokémon'),
(339, 'fr', 'Pokémon Barbillon'),
(339, 'en', 'Whiskers Pokémon'),
(340, 'fr', 'Pokémon Barbillon'),
(340, 'en', 'Whiskers Pokémon'),
(341, 'fr', 'Pokémon Brute'),
(341, 'en', 'Ruffian Pokémon'),
(342, 'fr', 'Pokémon Crapule'),
(342, 'en', 'Rogue Pokémon'),
(343, 'fr', 'Pokémon Poupargile'),
(343, 'en', 'Clay Doll Pokémon'),
(344, 'fr', 'Pokémon Poupargile'),
(344, 'en', 'Clay Doll Pokémon'),
(345, 'fr', 'Pokémon Lis d’Eau'),
(345, 'en', 'Sea Lily Pokémon'),
(346, 'fr', 'Pokémon Bernacle'),
(346, 'en', 'Barnacle Pokémon'),
(347, 'fr', 'Pokémon Crustage'),
(347, 'en', 'Old Shrimp Pokémon'),
(348, 'fr', 'Pokémon Blindage'),
(348, 'en', 'Plate Pokémon'),
(349, 'fr', 'Pokémon Poisson'),
(349, 'en', 'Fish Pokémon'),
(350, 'fr', 'Pokémon Tendre'),
(350, 'en', 'Tender Pokémon'),
(351, 'fr', 'Pokémon Climat'),
(351, 'en', 'Weather Pokémon'),
(352, 'fr', 'Pokémon Multicolor'),
(352, 'en', 'Color Swap Pokémon'),
(353, 'fr', 'Pokémon Poupée'),
(353, 'en', 'Puppet Pokémon'),
(354, 'fr', 'Pokémon Marionnette'),
(354, 'en', 'Marionette Pokémon'),
(355, 'fr', 'Pokémon Requiem'),
(355, 'en', 'Requiem Pokémon'),
(356, 'fr', 'Pokémon Appel'),
(356, 'en', 'Beckon Pokémon'),
(357, 'fr', 'Pokémon Fruit'),
(357, 'en', 'Fruit Pokémon'),
(358, 'fr', 'Pokémon Carillon'),
(358, 'en', 'Wind Chime Pokémon'),
(359, 'fr', 'Pokémon Désastre'),
(359, 'en', 'Disaster Pokémon'),
(360, 'fr', 'Pokémon Ravi'),
(360, 'en', 'Bright Pokémon'),
(361, 'fr', 'Pokémon Capuche'),
(361, 'en', 'Snow Hat Pokémon'),
(362, 'fr', 'Pokémon Face'),
(362, 'en', 'Face Pokémon'),
(363, 'fr', 'Pokémon Clap Clap'),
(363, 'en', 'Clap Pokémon'),
(364, 'fr', 'Pokémon Roule Boule'),
(364, 'en', 'Ball Roll Pokémon'),
(365, 'fr', 'Pokémon Brise Glace'),
(365, 'en', 'Ice Break Pokémon'),
(366, 'fr', 'Pokémon Bivalve'),
(366, 'en', 'Bivalve Pokémon'),
(367, 'fr', 'Pokémon Abysse'),
(367, 'en', 'Deep Sea Pokémon'),
(368, 'fr', 'Pokémon Mer du Sud'),
(368, 'en', 'South Sea Pokémon'),
(369, 'fr', 'Pokémon Longévité'),
(369, 'en', 'Longevity Pokémon'),
(370, 'fr', 'Pokémon Rendezvous'),
(370, 'en', 'Rendezvous Pokémon'),
(371, 'fr', 'Pokémon Tête de Roc'),
(371, 'en', 'Rock Head Pokémon'),
(372, 'fr', 'Pokémon Endurant'),
(372, 'en', 'Endurance Pokémon'),
(373, 'fr', 'Pokémon Dragon'),
(373, 'en', 'Dragon Pokémon'),
(374, 'fr', 'Pokémon Boulefer'),
(374, 'en', 'Iron Ball Pokémon'),
(375, 'fr', 'Pokémon Pincefer'),
(375, 'en', 'Iron Claw Pokémon'),
(376, 'fr', 'Pokémon Pattefer'),
(376, 'en', 'Iron Leg Pokémon'),
(377, 'fr', 'Pokémon Pic Rocheux'),
(377, 'en', 'Rock Peak Pokémon'),
(378, 'fr', 'Pokémon Iceberg'),
(378, 'en', 'Iceberg Pokémon'),
(379, 'fr', 'Pokémon Fer'),
(379, 'en', 'Iron Pokémon'),
(380, 'fr', 'Pokémon Éon'),
(380, 'en', 'Eon Pokémon'),
(381, 'fr', 'Pokémon Éon'),
(381, 'en', 'Eon Pokémon'),
(382, 'fr', 'Pokémon Bassinmarin'),
(382, 'en', 'Sea Basin Pokémon'),
(383, 'fr', 'Pokémon Continent'),
(383, 'en', 'Continent Pokémon'),
(384, 'fr', 'Pokémon Cieux'),
(384, 'en', 'Sky High Pokémon'),
(385, 'fr', 'Pokémon Souhait'),
(385, 'en', 'Wish Pokémon'),
(386, 'fr', 'Pokémon ADN'),
(386, 'en', 'DNA Pokémon'),
(387, 'fr', 'Pokémon Minifeuille'),
(387, 'en', 'Tiny Leaf Pokémon'),
(388, 'fr', 'Pokémon Bosquet'),
(388, 'en', 'Grove Pokémon'),
(389, 'fr', 'Pokémon Continent'),
(389, 'en', 'Continent Pokémon'),
(390, 'fr', 'Pokémon Chimpanzé'),
(390, 'en', 'Chimp Pokémon'),
(391, 'fr', 'Pokémon Garnement'),
(391, 'en', 'Playful Pokémon'),
(392, 'fr', 'Pokémon Flamme'),
(392, 'en', 'Flame Pokémon'),
(393, 'fr', 'Pokémon Pingouin'),
(393, 'en', 'Penguin Pokémon'),
(394, 'fr', 'Pokémon Pingouin'),
(394, 'en', 'Penguin Pokémon'),
(395, 'fr', 'Pokémon Empereur'),
(395, 'en', 'Emperor Pokémon'),
(396, 'fr', 'Pokémon Étourneau'),
(396, 'en', 'Starling Pokémon'),
(397, 'fr', 'Pokémon Étourneau'),
(397, 'en', 'Starling Pokémon'),
(398, 'fr', 'Pokémon Rapace'),
(398, 'en', 'Predator Pokémon'),
(399, 'fr', 'Pokémon Souridodue'),
(399, 'en', 'Plump Mouse Pokémon'),
(400, 'fr', 'Pokémon Castor'),
(400, 'en', 'Beaver Pokémon'),
(401, 'fr', 'Pokémon Criquet'),
(401, 'en', 'Cricket Pokémon'),
(402, 'fr', 'Pokémon Criquet'),
(402, 'en', 'Cricket Pokémon'),
(403, 'fr', 'Pokémon Flash'),
(403, 'en', 'Flash Pokémon'),
(404, 'fr', 'Pokémon Étincelle'),
(404, 'en', 'Spark Pokémon'),
(405, 'fr', 'Pokémon Brillœil'),
(405, 'en', 'Gleam Eyes Pokémon'),
(406, 'fr', 'Pokémon Bourgeon'),
(406, 'en', 'Bud Pokémon'),
(407, 'fr', 'Pokémon Bouquet'),
(407, 'en', 'Bouquet Pokémon'),
(408, 'fr', 'Pokémon Coud’Boule'),
(408, 'en', 'Head Butt Pokémon'),
(409, 'fr', 'Pokémon Coud’Boule'),
(409, 'en', 'Head Butt Pokémon'),
(410, 'fr', 'Pokémon Bouclier'),
(410, 'en', 'Shield Pokémon'),
(411, 'fr', 'Pokémon Bouclier'),
(411, 'en', 'Shield Pokémon'),
(412, 'fr', 'Pokémon Ver Caché'),
(412, 'en', 'Bagworm Pokémon'),
(413, 'fr', 'Pokémon Ver Caché'),
(413, 'en', 'Bagworm Pokémon'),
(414, 'fr', 'Pokémon Phalène'),
(414, 'en', 'Moth Pokémon'),
(415, 'fr', 'Pokémon Miniabeille'),
(415, 'en', 'Tiny Bee Pokémon'),
(416, 'fr', 'Pokémon Ruche'),
(416, 'en', 'Beehive Pokémon'),
(417, 'fr', 'Pokémon Écurélec'),
(417, 'en', 'EleSquirrel Pokémon'),
(418, 'fr', 'Pokémon Aquabelette'),
(418, 'en', 'Sea Weasel Pokémon'),
(419, 'fr', 'Pokémon Aquabelette'),
(419, 'en', 'Sea Weasel Pokémon'),
(420, 'fr', 'Pokémon Cerise'),
(420, 'en', 'Cherry Pokémon'),
(421, 'fr', 'Pokémon Floraison'),
(421, 'en', 'Blossom Pokémon'),
(422, 'fr', 'Pokémon Aqualimace'),
(422, 'en', 'Sea Slug Pokémon'),
(423, 'fr', 'Pokémon Aqualimace'),
(423, 'en', 'Sea Slug Pokémon'),
(424, 'fr', 'Pokémon Longqueue'),
(424, 'en', 'Long Tail Pokémon'),
(425, 'fr', 'Pokémon Bouboule'),
(425, 'en', 'Balloon Pokémon'),
(426, 'fr', 'Pokémon Ballon'),
(426, 'en', 'Blimp Pokémon'),
(427, 'fr', 'Pokémon Lapin'),
(427, 'en', 'Rabbit Pokémon'),
(428, 'fr', 'Pokémon Lapin'),
(428, 'en', 'Rabbit Pokémon'),
(429, 'fr', 'Pokémon Magique'),
(429, 'en', 'Magical Pokémon'),
(430, 'fr', 'Pokémon Big Boss'),
(430, 'en', 'Big Boss Pokémon'),
(431, 'fr', 'Pokémon Chafouin'),
(431, 'en', 'Catty Pokémon'),
(432, 'fr', 'Pokémon Chatigre'),
(432, 'en', 'Tiger Cat Pokémon'),
(433, 'fr', 'Pokémon Clochette'),
(433, 'en', 'Bell Pokémon'),
(434, 'fr', 'Pokémon Moufette'),
(434, 'en', 'Skunk Pokémon'),
(435, 'fr', 'Pokémon Moufette'),
(435, 'en', 'Skunk Pokémon'),
(436, 'fr', 'Pokémon Bronze'),
(436, 'en', 'Bronze Pokémon'),
(437, 'fr', 'Pokémon Clochebronze'),
(437, 'en', 'Bronze Bell Pokémon'),
(438, 'fr', 'Pokémon Bonsaï'),
(438, 'en', 'Bonsai Pokémon'),
(439, 'fr', 'Pokémon Mime'),
(439, 'en', 'Mime Pokémon'),
(440, 'fr', 'Pokémon Maisonjouet'),
(440, 'en', 'Playhouse Pokémon'),
(441, 'fr', 'Pokémon Note Musique'),
(441, 'en', 'Music Note Pokémon'),
(442, 'fr', 'Pokémon Interdit'),
(442, 'en', 'Forbidden Pokémon'),
(443, 'fr', 'Pokémon Terrequin'),
(443, 'en', 'Land Shark Pokémon'),
(444, 'fr', 'Pokémon Caverne'),
(444, 'en', 'Cave Pokémon'),
(445, 'fr', 'Pokémon Supersonic'),
(445, 'en', 'Mach Pokémon'),
(446, 'fr', 'Pokémon Goinfre'),
(446, 'en', 'Big Eater Pokémon'),
(447, 'fr', 'Pokémon Émanation'),
(447, 'en', 'Emanation Pokémon'),
(448, 'fr', 'Pokémon Aura'),
(448, 'en', 'Aura Pokémon'),
(449, 'fr', 'Pokémon Hippo'),
(449, 'en', 'Hippo Pokémon'),
(450, 'fr', 'Pokémon Poids Lourd'),
(450, 'en', 'Heavyweight Pokémon'),
(451, 'fr', 'Pokémon Scorpion'),
(451, 'en', 'Scorpion Pokémon'),
(452, 'fr', 'Pokémon Scorpogre'),
(452, 'en', 'Ogre Scorpion Pokémon'),
(453, 'fr', 'Pokémon Toxique'),
(453, 'en', 'Toxic Mouth Pokémon'),
(454, 'fr', 'Pokémon Toxique'),
(454, 'en', 'Toxic Mouth Pokémon'),
(455, 'fr', 'Pokémon Chopinsecte'),
(455, 'en', 'Bug Catcher Pokémon'),
(456, 'fr', 'Pokémon Poisson Ailé'),
(456, 'en', 'Wing Fish Pokémon'),
(457, 'fr', 'Pokémon Néon'),
(457, 'en', 'Neon Pokémon'),
(458, 'fr', 'Pokémon Cervolant'),
(458, 'en', 'Kite Pokémon'),
(459, 'fr', 'Pokémon Arbregelé'),
(459, 'en', 'Frost Tree Pokémon'),
(460, 'fr', 'Pokémon Arbregelé'),
(460, 'en', 'Frost Tree Pokémon'),
(461, 'fr', 'Pokémon Grifacérée'),
(461, 'en', 'Sharp Claw Pokémon'),
(462, 'fr', 'Pokémon Aimant'),
(462, 'en', 'Magnet Area Pokémon'),
(463, 'fr', 'Pokémon Lécheur'),
(463, 'en', 'Licking Pokémon'),
(464, 'fr', 'Pokémon Perceur'),
(464, 'en', 'Drill Pokémon'),
(465, 'fr', 'Pokémon Vigne'),
(465, 'en', 'Vine Pokémon'),
(466, 'fr', 'Pokémon Foudrélec'),
(466, 'en', 'Thunderbolt Pokémon'),
(467, 'fr', 'Pokémon Explosion'),
(467, 'en', 'Blast Pokémon'),
(468, 'fr', 'Pokémon Célébration'),
(468, 'en', 'Jubilee Pokémon'),
(469, 'fr', 'Pokémon Libellogre'),
(469, 'en', 'Ogre Darner Pokémon'),
(470, 'fr', 'Pokémon Verdoyant'),
(470, 'en', 'Verdant Pokémon'),
(471, 'fr', 'Pokémon Poudreuse'),
(471, 'en', 'Fresh Snow Pokémon'),
(472, 'fr', 'Pokémon Scorpicroc'),
(472, 'en', 'Fang Scorpion Pokémon'),
(473, 'fr', 'Pokémon Deudéfenses'),
(473, 'en', 'Twin Tusk Pokémon'),
(474, 'fr', 'Pokémon Virtuel'),
(474, 'en', 'Virtual Pokémon'),
(475, 'fr', 'Pokémon Lame'),
(475, 'en', 'Blade Pokémon'),
(476, 'fr', 'Pokémon Boussole'),
(476, 'en', 'Compass Pokémon'),
(477, 'fr', 'Pokémon Mainpince'),
(477, 'en', 'Gripper Pokémon'),
(478, 'fr', 'Pokémon Enneigement'),
(478, 'en', 'Snow Land Pokémon'),
(479, 'fr', 'Pokémon Plasma'),
(479, 'en', 'Plasma Pokémon'),
(480, 'fr', 'Pokémon Savoir'),
(480, 'en', 'Knowledge Pokémon'),
(481, 'fr', 'Pokémon Émotion'),
(481, 'en', 'Emotion Pokémon'),
(482, 'fr', 'Pokémon Volonté'),
(482, 'en', 'Willpower Pokémon'),
(483, 'fr', 'Pokémon Temps'),
(483, 'en', 'Temporal Pokémon'),
(484, 'fr', 'Pokémon Espace'),
(484, 'en', 'Spatial Pokémon'),
(485, 'fr', 'Pokémon Caldeira'),
(485, 'en', 'Lava Dome Pokémon'),
(486, 'fr', 'Pokémon Prodigieux'),
(486, 'en', 'Colossal Pokémon'),
(487, 'fr', 'Pokémon Renégat'),
(487, 'en', 'Renegade Pokémon'),
(488, 'fr', 'Pokémon Lunaire'),
(488, 'en', 'Lunar Pokémon'),
(489, 'fr', 'Pokémon Dérivenmer'),
(489, 'en', 'Sea Drifter Pokémon'),
(490, 'fr', 'Pokémon Voyagenmer'),
(490, 'en', 'Seafaring Pokémon'),
(491, 'fr', 'Pokémon Noirtotal'),
(491, 'en', 'Pitch-Black Pokémon'),
(492, 'fr', 'Pokémon Gratitude'),
(492, 'en', 'Gratitude Pokémon'),
(493, 'fr', 'Pokémon Alpha'),
(493, 'en', 'Alpha Pokémon'),
(494, 'fr', 'Pokémon Victoire'),
(494, 'en', 'Victory Pokémon'),
(495, 'fr', 'Pokémon Serpenterbe'),
(495, 'en', 'Grass Snake Pokémon'),
(496, 'fr', 'Pokémon Serpenterbe'),
(496, 'en', 'Grass Snake Pokémon'),
(497, 'fr', 'Pokémon Majestueux'),
(497, 'en', 'Regal Pokémon'),
(498, 'fr', 'Pokémon Cochon Feu'),
(498, 'en', 'Fire Pig Pokémon'),
(499, 'fr', 'Pokémon Cochon Feu'),
(499, 'en', 'Fire Pig Pokémon'),
(500, 'fr', 'Pokémon Grochon Feu'),
(500, 'en', 'Mega Fire Pig Pokémon'),
(501, 'fr', 'Pokémon Loutre'),
(501, 'en', 'Sea Otter Pokémon'),
(502, 'fr', 'Pokémon Entraînement'),
(502, 'en', 'Discipline Pokémon'),
(503, 'fr', 'Pokémon Dignitaire'),
(503, 'en', 'Formidable Pokémon'),
(504, 'fr', 'Pokémon Espion'),
(504, 'en', 'Scout Pokémon'),
(505, 'fr', 'Pokémon Vigilant'),
(505, 'en', 'Lookout Pokémon'),
(506, 'fr', 'Pokémon Chiot'),
(506, 'en', 'Puppy Pokémon'),
(507, 'fr', 'Pokémon Chien Fidèle'),
(507, 'en', 'Loyal Dog Pokémon'),
(508, 'fr', 'Pokémon Magnanime'),
(508, 'en', 'Big-Hearted Pokémon'),
(509, 'fr', 'Pokémon Scélérat'),
(509, 'en', 'Devious Pokémon'),
(510, 'fr', 'Pokémon Implacable'),
(510, 'en', 'Cruel Pokémon'),
(511, 'fr', 'Pokémon Singe Herbe'),
(511, 'en', 'Grass Monkey Pokémon'),
(512, 'fr', 'Pokémon Singépine'),
(512, 'en', 'Thorn Monkey Pokémon'),
(513, 'fr', 'Pokémon Brûlant'),
(513, 'en', 'High Temp Pokémon'),
(514, 'fr', 'Pokémon Braise'),
(514, 'en', 'Ember Pokémon'),
(515, 'fr', 'Pokémon Jet d’Eau'),
(515, 'en', 'Spray Pokémon'),
(516, 'fr', 'Pokémon Drainage'),
(516, 'en', 'Geyser Pokémon'),
(517, 'fr', 'Pokémon Mangerêve'),
(517, 'en', 'Dream Eater Pokémon'),
(518, 'fr', 'Pokémon Rêveur'),
(518, 'en', 'Drowsing Pokémon'),
(519, 'fr', 'Pokémon Tipigeon'),
(519, 'en', 'Tiny Pigeon Pokémon'),
(520, 'fr', 'Pokémon Sauvapigeon'),
(520, 'en', 'Wild Pigeon Pokémon'),
(521, 'fr', 'Pokémon Fier'),
(521, 'en', 'Proud Pokémon'),
(522, 'fr', 'Pokémon Étincélec'),
(522, 'en', 'Electrified Pokémon'),
(523, 'fr', 'Pokémon Foudrélec'),
(523, 'en', 'Thunderbolt Pokémon'),
(524, 'fr', 'Pokémon Manteau'),
(524, 'en', 'Mantle Pokémon'),
(525, 'fr', 'Pokémon Minerai'),
(525, 'en', 'Ore Pokémon'),
(526, 'fr', 'Pokémon Surpression'),
(526, 'en', 'Compressed Pokémon'),
(527, 'fr', 'Pokémon Chovsouris'),
(527, 'en', 'Bat Pokémon'),
(528, 'fr', 'Pokémon Cupidon'),
(528, 'en', 'Courting Pokémon'),
(529, 'fr', 'Pokémon Taupe'),
(529, 'en', 'Mole Pokémon'),
(530, 'fr', 'Pokémon Souterrain'),
(530, 'en', 'Subterrene Pokémon'),
(531, 'fr', 'Pokémon Audition'),
(531, 'en', 'Hearing Pokémon'),
(532, 'fr', 'Pokémon Costaud'),
(532, 'en', 'Muscular Pokémon'),
(533, 'fr', 'Pokémon Costaud'),
(533, 'en', 'Muscular Pokémon'),
(534, 'fr', 'Pokémon Costaud'),
(534, 'en', 'Muscular Pokémon'),
(535, 'fr', 'Pokémon Têtard'),
(535, 'en', 'Tadpole Pokémon'),
(536, 'fr', 'Pokémon Vibration'),
(536, 'en', 'Vibration Pokémon'),
(537, 'fr', 'Pokémon Vibration'),
(537, 'en', 'Vibration Pokémon'),
(538, 'fr', 'Pokémon Judo'),
(538, 'en', 'Judo Pokémon'),
(539, 'fr', 'Pokémon Karaté'),
(539, 'en', 'Karate Pokémon'),
(540, 'fr', 'Pokémon Couture'),
(540, 'en', 'Sewing Pokémon'),
(541, 'fr', 'Pokémon Capefeuille'),
(541, 'en', 'Leaf-Wrapped Pokémon'),
(542, 'fr', 'Pokémon Précepteur'),
(542, 'en', 'Nurturing Pokémon'),
(543, 'fr', 'Pokémon Chilopode'),
(543, 'en', 'Centipede Pokémon'),
(544, 'fr', 'Pokémon Coconplopode'),
(544, 'en', 'Curlipede Pokémon'),
(545, 'fr', 'Pokémon Mégaplopode'),
(545, 'en', 'Megapede Pokémon'),
(546, 'fr', 'Pokémon Boule Coton'),
(546, 'en', 'Cotton Puff Pokémon'),
(547, 'fr', 'Pokémon Vole Vent'),
(547, 'en', 'Windveiled Pokémon'),
(548, 'fr', 'Pokémon Racine'),
(548, 'en', 'Bulb Pokémon'),
(549, 'fr', 'Pokémon Chef-Fleur'),
(549, 'en', 'Flowering Pokémon'),
(550, 'fr', 'Pokémon Violent'),
(550, 'en', 'Hostile Pokémon'),
(551, 'fr', 'Pokémon Croco Sable'),
(551, 'en', 'Desert Croc Pokémon'),
(552, 'fr', 'Pokémon Croco Sable'),
(552, 'en', 'Desert Croc Pokémon'),
(553, 'fr', 'Pokémon Intimidation'),
(553, 'en', 'Intimidation Pokémon'),
(554, 'fr', 'Pokémon Daruma'),
(554, 'en', 'Zen Charm Pokémon'),
(555, 'fr', 'Pokémon Enflammé'),
(555, 'en', 'Blazing Pokémon'),
(556, 'fr', 'Pokémon Cactus'),
(556, 'en', 'Cactus Pokémon'),
(557, 'fr', 'Pokémon Lithicole'),
(557, 'en', 'Rock Inn Pokémon'),
(558, 'fr', 'Pokémon Lapidicole'),
(558, 'en', 'Stone Home Pokémon'),
(559, 'fr', 'Pokémon Mue'),
(559, 'en', 'Shedding Pokémon'),
(560, 'fr', 'Pokémon Gang'),
(560, 'en', 'Hoodlum Pokémon'),
(561, 'fr', 'Pokémon Similoiseau'),
(561, 'en', 'Avianoid Pokémon'),
(562, 'fr', 'Pokémon Âme'),
(562, 'en', 'Spirit Pokémon'),
(563, 'fr', 'Pokémon Cercueil'),
(563, 'en', 'Coffin Pokémon'),
(564, 'fr', 'Pokémon Tortantique'),
(564, 'en', 'Prototurtle Pokémon'),
(565, 'fr', 'Pokémon Tortantique'),
(565, 'en', 'Prototurtle Pokémon'),
(566, 'fr', 'Pokémon Oisancien'),
(566, 'en', 'First Bird Pokémon'),
(567, 'fr', 'Pokémon Oisancien'),
(567, 'en', 'First Bird Pokémon'),
(568, 'fr', 'Pokémon Sac Poubelle'),
(568, 'en', 'Trash Bag Pokémon'),
(569, 'fr', 'Pokémon Dépotoir'),
(569, 'en', 'Trash Heap Pokémon'),
(570, 'fr', 'Pokémon Sombrenard'),
(570, 'en', 'Tricky Fox Pokémon'),
(571, 'fr', 'Pokémon Polymorfox'),
(571, 'en', 'Illusion Fox Pokémon'),
(572, 'fr', 'Pokémon Chinchilla'),
(572, 'en', 'Chinchilla Pokémon'),
(573, 'fr', 'Pokémon Écharpe'),
(573, 'en', 'Scarf Pokémon'),
(574, 'fr', 'Pokémon Dévisageur'),
(574, 'en', 'Fixation Pokémon'),
(575, 'fr', 'Pokémon Magouilleur'),
(575, 'en', 'Manipulate Pokémon'),
(576, 'fr', 'Pokémon Cosmique'),
(576, 'en', 'Astral Body Pokémon'),
(577, 'fr', 'Pokémon Cellule'),
(577, 'en', 'Cell Pokémon'),
(578, 'fr', 'Pokémon Divisé'),
(578, 'en', 'Mitosis Pokémon'),
(579, 'fr', 'Pokémon Multiplié'),
(579, 'en', 'Multiplying Pokémon'),
(580, 'fr', 'Pokémon Oiseaudo'),
(580, 'en', 'Water Bird Pokémon'),
(581, 'fr', 'Pokémon Cygne'),
(581, 'en', 'White Bird Pokémon'),
(582, 'fr', 'Pokémon Poudreuse'),
(582, 'en', 'Fresh Snow Pokémon'),
(583, 'fr', 'Pokémon Grêle'),
(583, 'en', 'Icy Snow Pokémon'),
(584, 'fr', 'Pokémon Congère'),
(584, 'en', 'Snowstorm Pokémon'),
(585, 'fr', 'Pokémon Saison'),
(585, 'en', 'Season Pokémon'),
(586, 'fr', 'Pokémon Saison'),
(586, 'en', 'Season Pokémon'),
(587, 'fr', 'Pokémon Pteromys'),
(587, 'en', 'Sky Squirrel Pokémon'),
(588, 'fr', 'Pokémon Carabe'),
(588, 'en', 'Clamping Pokémon'),
(589, 'fr', 'Pokémon Chevalier'),
(589, 'en', 'Cavalry Pokémon'),
(590, 'fr', 'Pokémon Champignon'),
(590, 'en', 'Mushroom Pokémon'),
(591, 'fr', 'Pokémon Champignon'),
(591, 'en', 'Mushroom Pokémon'),
(592, 'fr', 'Pokémon Flottaison'),
(592, 'en', 'Floating Pokémon'),
(593, 'fr', 'Pokémon Flottaison'),
(593, 'en', 'Floating Pokémon'),
(594, 'fr', 'Pokémon Soigneur'),
(594, 'en', 'Caring Pokémon'),
(595, 'fr', 'Pokémon Crampon'),
(595, 'en', 'Attaching Pokémon'),
(596, 'fr', 'Pokémon Araclectrik'),
(596, 'en', 'EleSpider Pokémon'),
(597, 'fr', 'Pokémon Graine Épine'),
(597, 'en', 'Thorn Seed Pokémon'),
(598, 'fr', 'Pokémon Boule Épine'),
(598, 'en', 'Thorn Pod Pokémon'),
(599, 'fr', 'Pokémon Engrenage'),
(599, 'en', 'Gear Pokémon'),
(600, 'fr', 'Pokémon Engrenage'),
(600, 'en', 'Gear Pokémon'),
(601, 'fr', 'Pokémon Engrenage'),
(601, 'en', 'Gear Pokémon'),
(602, 'fr', 'Pokémon Électrophore'),
(602, 'en', 'EleFish Pokémon'),
(603, 'fr', 'Pokémon Électrophore'),
(603, 'en', 'EleFish Pokémon'),
(604, 'fr', 'Pokémon Électrophore'),
(604, 'en', 'EleFish Pokémon'),
(605, 'fr', 'Pokémon Cerveau'),
(605, 'en', 'Cerebral Pokémon'),
(606, 'fr', 'Pokémon Cerveau'),
(606, 'en', 'Cerebral Pokémon'),
(607, 'fr', 'Pokémon Chandelle'),
(607, 'en', 'Candle Pokémon'),
(608, 'fr', 'Pokémon Lampe'),
(608, 'en', 'Lamp Pokémon'),
(609, 'fr', 'Pokémon Invitation'),
(609, 'en', 'Luring Pokémon'),
(610, 'fr', 'Pokémon Crocs'),
(610, 'en', 'Tusk Pokémon'),
(611, 'fr', 'Pokémon Hachomenton'),
(611, 'en', 'Axe Jaw Pokémon'),
(612, 'fr', 'Pokémon Hachomenton'),
(612, 'en', 'Axe Jaw Pokémon'),
(613, 'fr', 'Pokémon Gelé'),
(613, 'en', 'Chill Pokémon'),
(614, 'fr', 'Pokémon Congelé'),
(614, 'en', 'Freezing Pokémon'),
(615, 'fr', 'Pokémon Cristal'),
(615, 'en', 'Crystallizing Pokémon'),
(616, 'fr', 'Pokémon Escargot'),
(616, 'en', 'Snail Pokémon'),
(617, 'fr', 'Pokémon Exuviateur'),
(617, 'en', 'Shell Out Pokémon'),
(618, 'fr', 'Pokémon Piège'),
(618, 'en', 'Trap Pokémon'),
(619, 'fr', 'Pokémon Art Martial'),
(619, 'en', 'Martial Arts Pokémon'),
(620, 'fr', 'Pokémon Art Martial'),
(620, 'en', 'Martial Arts Pokémon'),
(621, 'fr', 'Pokémon Caverne'),
(621, 'en', 'Cave Pokémon'),
(622, 'fr', 'Pokémon Golem Ancien'),
(622, 'en', 'Automaton Pokémon'),
(623, 'fr', 'Pokémon Golem Ancien'),
(623, 'en', 'Automaton Pokémon'),
(624, 'fr', 'Pokémon Coupant'),
(624, 'en', 'Sharp Blade Pokémon'),
(625, 'fr', 'Pokémon Tranchant'),
(625, 'en', 'Sword Blade Pokémon'),
(626, 'fr', 'Pokémon Coup d’Bœuf'),
(626, 'en', 'Bash Buffalo Pokémon'),
(627, 'fr', 'Pokémon Aiglon'),
(627, 'en', 'Eaglet Pokémon'),
(628, 'fr', 'Pokémon Vaillant'),
(628, 'en', 'Valiant Pokémon'),
(629, 'fr', 'Pokémon Couche'),
(629, 'en', 'Diapered Pokémon'),
(630, 'fr', 'Pokémon Vostour'),
(630, 'en', 'Bone Vulture Pokémon'),
(631, 'fr', 'Pokémon Tamanoir'),
(631, 'en', 'Anteater Pokémon'),
(632, 'fr', 'Pokémon Fourmi Dure'),
(632, 'en', 'Iron Ant Pokémon'),
(633, 'fr', 'Pokémon Rude'),
(633, 'en', 'Irate Pokémon'),
(634, 'fr', 'Pokémon Violent'),
(634, 'en', 'Hostile Pokémon'),
(635, 'fr', 'Pokémon Brutal'),
(635, 'en', 'Brutal Pokémon'),
(636, 'fr', 'Pokémon Torche'),
(636, 'en', 'Torch Pokémon'),
(637, 'fr', 'Pokémon Soleil'),
(637, 'en', 'Sun Pokémon'),
(638, 'fr', 'Pokémon Cœur de Fer'),
(638, 'en', 'Iron Will Pokémon'),
(639, 'fr', 'Pokémon Grotte'),
(639, 'en', 'Cavern Pokémon'),
(640, 'fr', 'Pokémon Plaine Verte'),
(640, 'en', 'Grassland Pokémon'),
(641, 'fr', 'Pokémon Tornade'),
(641, 'en', 'Cyclone Pokémon'),
(642, 'fr', 'Pokémon Foudroyeur'),
(642, 'en', 'Bolt Strike Pokémon'),
(643, 'fr', 'Pokémon Blanc Réel'),
(643, 'en', 'Vast White Pokémon'),
(644, 'fr', 'Pokémon Noir Idéal'),
(644, 'en', 'Deep Black Pokémon'),
(645, 'fr', 'Pokémon Fertilité'),
(645, 'en', 'Abundance Pokémon'),
(646, 'fr', 'Pokémon Frontière'),
(646, 'en', 'Boundary Pokémon'),
(647, 'fr', 'Pokémon Poulain'),
(647, 'en', 'Colt Pokémon'),
(648, 'fr', 'Pokémon Mélodie'),
(648, 'en', 'Melody Pokémon'),
(649, 'fr', 'Pokémon Paléozoïque'),
(649, 'en', 'Paleozoic Pokémon');

-- --------------------------------------------------------

--
-- Structure de la table `pokemon_type`
--

CREATE TABLE `pokemon_type` (
  `pokemon_id` int(4) UNSIGNED DEFAULT NULL,
  `type_id` int(2) UNSIGNED DEFAULT NULL
) ENGINE=InnoDB DEFAULT CHARSET=utf8mb4 COLLATE=utf8mb4_unicode_ci;

--
-- Déchargement des données de la table `pokemon_type`
--

INSERT INTO `pokemon_type` (`pokemon_id`, `type_id`) VALUES
(1, 4),
(1, 12),
(2, 4),
(2, 12),
(3, 4),
(3, 12),
(4, 10),
(5, 10),
(6, 3),
(6, 10),
(7, 11),
(8, 11),
(9, 11),
(10, 7),
(11, 7),
(12, 3),
(12, 7),
(13, 4),
(13, 7),
(14, 4),
(14, 7),
(15, 4),
(15, 7),
(16, 3),
(16, 1),
(17, 3),
(17, 1),
(18, 3),
(18, 1),
(19, 1),
(20, 1),
(21, 3),
(21, 1),
(22, 3),
(22, 1),
(23, 4),
(24, 4),
(25, 13),
(26, 13),
(27, 5),
(28, 5),
(29, 4),
(30, 4),
(31, 5),
(31, 4),
(32, 4),
(33, 4),
(34, 5),
(34, 4),
(35, 18),
(36, 18),
(37, 10),
(38, 10),
(39, 18),
(39, 1),
(40, 18),
(40, 1),
(41, 3),
(41, 4),
(42, 3),
(42, 4),
(43, 4),
(43, 12),
(44, 4),
(44, 12),
(45, 4),
(45, 12),
(46, 12),
(46, 7),
(47, 12),
(47, 7),
(48, 4),
(48, 7),
(49, 4),
(49, 7),
(50, 5),
(51, 5),
(52, 1),
(53, 1),
(54, 11),
(55, 11),
(56, 2),
(57, 2),
(58, 10),
(59, 10),
(60, 11),
(61, 11),
(62, 2),
(62, 11),
(63, 14),
(64, 14),
(65, 14),
(66, 2),
(67, 2),
(68, 2),
(69, 4),
(69, 12),
(70, 4),
(70, 12),
(71, 4),
(71, 12),
(72, 4),
(72, 11),
(73, 4),
(73, 11),
(74, 5),
(74, 6),
(75, 5),
(75, 6),
(76, 5),
(76, 6),
(77, 10),
(78, 10),
(79, 14),
(79, 11),
(80, 14),
(80, 11),
(81, 9),
(81, 13),
(82, 9),
(82, 13),
(83, 3),
(83, 1),
(84, 3),
(84, 1),
(85, 3),
(85, 1),
(86, 11),
(87, 15),
(87, 11),
(88, 4),
(89, 4),
(90, 11),
(91, 15),
(91, 11),
(92, 4),
(92, 8),
(93, 4),
(93, 8),
(94, 4),
(94, 8),
(95, 5),
(95, 6),
(96, 14),
(97, 14),
(98, 11),
(99, 11),
(100, 13),
(101, 13),
(102, 14),
(102, 12),
(103, 14),
(103, 12),
(104, 5),
(105, 5),
(106, 2),
(107, 2),
(108, 1),
(109, 4),
(110, 4),
(111, 6),
(111, 5),
(112, 6),
(112, 5),
(113, 1),
(114, 12),
(115, 1),
(116, 11),
(117, 11),
(118, 11),
(119, 11),
(120, 11),
(121, 14),
(121, 11),
(122, 18),
(122, 14),
(123, 3),
(123, 7),
(124, 14),
(124, 15),
(125, 13),
(126, 10),
(127, 7),
(128, 1),
(129, 11),
(130, 3),
(130, 11),
(131, 15),
(131, 11),
(132, 1),
(133, 1),
(134, 11),
(135, 13),
(136, 10),
(137, 1),
(138, 11),
(138, 6),
(139, 11),
(139, 6),
(140, 11),
(140, 6),
(141, 11),
(141, 6),
(142, 3),
(142, 6),
(143, 1),
(144, 3),
(144, 15),
(145, 3),
(145, 13),
(146, 3),
(146, 10),
(147, 16),
(148, 16),
(149, 3),
(149, 16),
(150, 14),
(151, 14),
(152, 12),
(153, 12),
(154, 12),
(155, 10),
(156, 10),
(157, 10),
(158, 11),
(159, 11),
(160, 11),
(161, 1),
(162, 1),
(163, 3),
(163, 1),
(164, 3),
(164, 1),
(165, 3),
(165, 7),
(166, 3),
(166, 7),
(167, 4),
(167, 7),
(168, 4),
(168, 7),
(169, 3),
(169, 4),
(170, 13),
(170, 11),
(171, 13),
(171, 11),
(172, 13),
(173, 18),
(174, 18),
(174, 1),
(175, 18),
(176, 3),
(176, 18),
(177, 3),
(177, 14),
(178, 3),
(178, 14),
(179, 13),
(180, 13),
(181, 13),
(182, 12),
(183, 18),
(183, 11),
(184, 18),
(184, 11),
(185, 6),
(186, 11),
(187, 3),
(187, 12),
(188, 3),
(188, 12),
(189, 3),
(189, 12),
(190, 1),
(191, 12),
(192, 12),
(193, 3),
(193, 7),
(194, 5),
(194, 11),
(195, 5),
(195, 11),
(196, 14),
(197, 17),
(198, 3),
(198, 17),
(199, 14),
(199, 11),
(200, 8),
(201, 14),
(202, 14),
(203, 14),
(203, 1),
(204, 7),
(205, 9),
(205, 7),
(206, 1),
(207, 3),
(207, 5),
(208, 5),
(208, 9),
(209, 18),
(210, 18),
(211, 4),
(211, 11),
(212, 9),
(212, 7),
(213, 6),
(213, 7),
(214, 2),
(214, 7),
(215, 15),
(215, 17),
(216, 1),
(217, 1),
(218, 10),
(219, 6),
(219, 10),
(220, 5),
(220, 15),
(221, 5),
(221, 15),
(222, 6),
(222, 11),
(223, 11),
(224, 11),
(225, 3),
(225, 15),
(226, 3),
(226, 11),
(227, 3),
(227, 9),
(228, 10),
(228, 17),
(229, 10),
(229, 17),
(230, 16),
(230, 11),
(231, 5),
(232, 5),
(233, 1),
(234, 1),
(235, 1),
(236, 2),
(237, 2),
(238, 14),
(238, 15),
(239, 13),
(240, 10),
(241, 1),
(242, 1),
(243, 13),
(244, 10),
(245, 11),
(246, 5),
(246, 6),
(247, 5),
(247, 6),
(248, 17),
(248, 6),
(249, 3),
(249, 14),
(250, 3),
(250, 10),
(251, 12),
(251, 14),
(252, 12),
(253, 12),
(254, 12),
(255, 10),
(256, 2),
(256, 10),
(257, 2),
(257, 10),
(258, 11),
(259, 5),
(259, 11),
(260, 5),
(260, 11),
(261, 17),
(262, 17),
(263, 1),
(264, 1),
(265, 7),
(266, 7),
(267, 3),
(267, 7),
(268, 7),
(269, 4),
(269, 7),
(270, 12),
(270, 11),
(271, 12),
(271, 11),
(272, 12),
(272, 11),
(273, 12),
(274, 17),
(274, 12),
(275, 17),
(275, 12),
(276, 3),
(276, 1),
(277, 3),
(277, 1),
(278, 3),
(278, 11),
(279, 3),
(279, 11),
(280, 18),
(280, 14),
(281, 18),
(281, 14),
(282, 18),
(282, 14),
(283, 11),
(283, 7),
(284, 3),
(284, 7),
(285, 12),
(286, 2),
(286, 12),
(287, 1),
(288, 1),
(289, 1),
(290, 5),
(290, 7),
(291, 3),
(291, 7),
(292, 8),
(292, 7),
(293, 1),
(294, 1),
(295, 1),
(296, 2),
(297, 2),
(298, 18),
(298, 1),
(299, 6),
(300, 1),
(301, 1),
(302, 8),
(302, 17),
(303, 18),
(303, 9),
(304, 6),
(304, 9),
(305, 6),
(305, 9),
(306, 6),
(306, 9),
(307, 14),
(307, 2),
(308, 14),
(308, 2),
(309, 13),
(310, 13),
(311, 13),
(312, 13),
(313, 7),
(314, 7),
(315, 4),
(315, 12),
(316, 4),
(317, 4),
(318, 17),
(318, 11),
(319, 17),
(319, 11),
(320, 11),
(321, 11),
(322, 5),
(322, 10),
(323, 5),
(323, 10),
(324, 10),
(325, 14),
(326, 14),
(327, 1),
(328, 5),
(329, 16),
(329, 5),
(330, 16),
(330, 5),
(331, 12),
(332, 17),
(332, 12),
(333, 3),
(333, 1),
(334, 3),
(334, 16),
(335, 1),
(336, 4),
(337, 14),
(337, 6),
(338, 14),
(338, 6),
(339, 5),
(339, 11),
(340, 5),
(340, 11),
(341, 11),
(342, 17),
(342, 11),
(343, 14),
(343, 5),
(344, 14),
(344, 5),
(345, 12),
(345, 6),
(346, 12),
(346, 6),
(347, 7),
(347, 6),
(348, 7),
(348, 6),
(349, 11),
(350, 11),
(351, 1),
(352, 1),
(353, 8),
(354, 8),
(355, 8),
(356, 8),
(357, 3),
(357, 12),
(358, 14),
(359, 17),
(360, 14),
(361, 15),
(362, 15),
(363, 11),
(363, 15),
(364, 11),
(364, 15),
(365, 11),
(365, 15),
(366, 11),
(367, 11),
(368, 11),
(369, 6),
(369, 11),
(370, 11),
(371, 16),
(372, 16),
(373, 3),
(373, 16),
(374, 14),
(374, 9),
(375, 14),
(375, 9),
(376, 14),
(376, 9),
(377, 6),
(378, 15),
(379, 9),
(380, 14),
(380, 16),
(381, 14),
(381, 16),
(382, 11),
(383, 5),
(384, 3),
(384, 16),
(385, 14),
(385, 9),
(386, 14),
(387, 12),
(388, 12),
(389, 5),
(389, 12),
(390, 10),
(391, 2),
(391, 10),
(392, 2),
(392, 10),
(393, 11),
(394, 11),
(395, 9),
(395, 11),
(396, 3),
(396, 1),
(397, 3),
(397, 1),
(398, 3),
(398, 1),
(399, 1),
(400, 11),
(400, 1),
(401, 7),
(402, 7),
(403, 13),
(404, 13),
(405, 13),
(406, 4),
(406, 12),
(407, 4),
(407, 12),
(408, 6),
(409, 6),
(410, 9),
(410, 6),
(411, 9),
(411, 6),
(412, 7),
(413, 12),
(413, 7),
(414, 3),
(414, 7),
(415, 3),
(415, 7),
(416, 3),
(416, 7),
(417, 13),
(418, 11),
(419, 11),
(420, 12),
(421, 12),
(422, 11),
(423, 5),
(423, 11),
(424, 1),
(425, 3),
(425, 8),
(426, 3),
(426, 8),
(427, 1),
(428, 1),
(429, 8),
(430, 3),
(430, 17),
(431, 1),
(432, 1),
(433, 14),
(434, 17),
(434, 4),
(435, 17),
(435, 4),
(436, 14),
(436, 9),
(437, 14),
(437, 9),
(438, 6),
(439, 18),
(439, 14),
(440, 1),
(441, 3),
(441, 1),
(442, 17),
(442, 8),
(443, 5),
(443, 16),
(444, 5),
(444, 16),
(445, 5),
(445, 16),
(446, 1),
(447, 2),
(448, 9),
(448, 2),
(449, 5),
(450, 5),
(451, 7),
(451, 4),
(452, 17),
(452, 4),
(453, 2),
(453, 4),
(454, 2),
(454, 4),
(455, 12),
(456, 11),
(457, 11),
(458, 3),
(458, 11),
(459, 15),
(459, 12),
(460, 15),
(460, 12),
(461, 15),
(461, 17),
(462, 9),
(462, 13),
(463, 1),
(464, 6),
(464, 5),
(465, 12),
(466, 13),
(467, 10),
(468, 3),
(468, 18),
(469, 3),
(469, 7),
(470, 12),
(471, 15),
(472, 3),
(472, 5),
(473, 5),
(473, 15),
(474, 1),
(475, 2),
(475, 14),
(476, 9),
(476, 6),
(477, 8),
(478, 8),
(478, 15),
(479, 8),
(479, 13),
(480, 14),
(481, 14),
(482, 14),
(483, 16),
(483, 9),
(484, 16),
(484, 11),
(485, 9),
(485, 10),
(486, 1),
(487, 16),
(487, 8),
(488, 14),
(489, 11),
(490, 11),
(491, 17),
(492, 12),
(493, 1),
(494, 10),
(494, 14),
(495, 12),
(496, 12),
(497, 12),
(498, 10),
(499, 2),
(499, 10),
(500, 2),
(500, 10),
(501, 11),
(502, 11),
(503, 11),
(504, 1),
(505, 1),
(506, 1),
(507, 1),
(508, 1),
(509, 17),
(510, 17),
(511, 12),
(512, 12),
(513, 10),
(514, 10),
(515, 11),
(516, 11),
(517, 14),
(518, 14),
(519, 3),
(519, 1),
(520, 3),
(520, 1),
(521, 3),
(521, 1),
(522, 13),
(523, 13),
(524, 6),
(525, 6),
(526, 6),
(527, 3),
(527, 14),
(528, 3),
(528, 14),
(529, 5),
(530, 9),
(530, 5),
(531, 1),
(532, 2),
(533, 2),
(534, 2),
(535, 11),
(536, 5),
(536, 11),
(537, 5),
(537, 11),
(538, 2),
(539, 2),
(540, 12),
(540, 7),
(541, 12),
(541, 7),
(542, 12),
(542, 7),
(543, 4),
(543, 7),
(544, 4),
(544, 7),
(545, 4),
(545, 7),
(546, 18),
(546, 12),
(547, 18),
(547, 12),
(548, 12),
(549, 12),
(550, 11),
(551, 17),
(551, 5),
(552, 17),
(552, 5),
(553, 17),
(553, 5),
(554, 10),
(555, 10),
(556, 12),
(557, 6),
(557, 7),
(558, 6),
(558, 7),
(559, 2),
(559, 17),
(560, 2),
(560, 17),
(561, 3),
(561, 14),
(562, 8),
(563, 8),
(564, 6),
(564, 11),
(565, 6),
(565, 11),
(566, 3),
(566, 6),
(567, 3),
(567, 6),
(568, 4),
(569, 4),
(570, 17),
(571, 17),
(572, 1),
(573, 1),
(574, 14),
(575, 14),
(576, 14),
(577, 14),
(578, 14),
(579, 14),
(580, 3),
(580, 11),
(581, 3),
(581, 11),
(582, 15),
(583, 15),
(584, 15),
(585, 12),
(585, 1),
(586, 12),
(586, 1),
(587, 3),
(587, 13),
(588, 7),
(589, 9),
(589, 7),
(590, 4),
(590, 12),
(591, 4),
(591, 12),
(592, 8),
(592, 11),
(593, 8),
(593, 11),
(594, 11),
(595, 13),
(595, 7),
(596, 13),
(596, 7),
(597, 9),
(597, 12),
(598, 9),
(598, 12),
(599, 9),
(600, 9),
(601, 9),
(602, 13),
(603, 13),
(604, 13),
(605, 14),
(606, 14),
(607, 10),
(607, 8),
(608, 10),
(608, 8),
(609, 10),
(609, 8),
(610, 16),
(611, 16),
(612, 16),
(613, 15),
(614, 15),
(615, 15),
(616, 7),
(617, 7),
(618, 13),
(618, 5),
(619, 2),
(620, 2),
(621, 16),
(622, 8),
(622, 5),
(623, 8),
(623, 5),
(624, 9),
(624, 17),
(625, 9),
(625, 17),
(626, 1),
(627, 3),
(627, 1),
(628, 3),
(628, 1),
(629, 3),
(629, 17),
(630, 3),
(630, 17),
(631, 10),
(632, 9),
(632, 7),
(633, 16),
(633, 17),
(634, 16),
(634, 17),
(635, 16),
(635, 17),
(636, 10),
(636, 7),
(637, 10),
(637, 7),
(638, 2),
(638, 9),
(639, 2),
(639, 6),
(640, 2),
(640, 12),
(641, 3),
(642, 3),
(642, 13),
(643, 10),
(643, 16),
(644, 13),
(644, 16),
(645, 3),
(645, 5),
(646, 15),
(646, 16),
(647, 2),
(647, 11),
(648, 14),
(648, 1),
(649, 9),
(649, 7);

-- --------------------------------------------------------

--
-- Structure de la table `team`
--

CREATE TABLE `team` (
  `id` int(2) UNSIGNED NOT NULL,
  `color` varchar(10) COLLATE utf8mb4_unicode_ci DEFAULT NULL,
  `emblem_flat_png` varchar(30) COLLATE utf8mb4_unicode_ci DEFAULT NULL,
  `emblem_png` varchar(30) COLLATE utf8mb4_unicode_ci DEFAULT NULL,
  `emblem_svg` varchar(30) COLLATE utf8mb4_unicode_ci DEFAULT NULL,
  `player` varchar(10) COLLATE utf8mb4_unicode_ci DEFAULT NULL,
  `image` varchar(30) COLLATE utf8mb4_unicode_ci DEFAULT NULL
) ENGINE=InnoDB DEFAULT CHARSET=utf8mb4 COLLATE=utf8mb4_unicode_ci;

--
-- Déchargement des données de la table `team`
--

INSERT INTO `team` (`id`, `color`, `emblem_flat_png`, `emblem_png`, `emblem_svg`, `player`, `image`) VALUES
(1, 'blue', 'Mystic_Emblem_flat.png', 'Mystic_Emblem.png', 'Mystic_Emblem.svg', 'blanche', 'Mystic_Blanche.png'),
(2, 'red', 'Valor_Emblem_flat.png', 'Valor_Emblem.png', 'Valor_Emblem.svg', 'candela', 'Valor_Candela.png'),
(3, 'yellow', 'Instinct_Emblem_flat.png', 'Instinct_Emblem.png', 'Instinct_Emblem.svg', 'candela', 'Instinct_Spark.png');

-- --------------------------------------------------------

--
-- Structure de la table `team_name`
--

CREATE TABLE `team_name` (
  `team_id` int(2) UNSIGNED DEFAULT NULL,
  `lang` varchar(3) COLLATE utf8mb4_unicode_ci DEFAULT NULL,
  `name` varchar(20) COLLATE utf8mb4_unicode_ci DEFAULT NULL
) ENGINE=InnoDB DEFAULT CHARSET=utf8mb4 COLLATE=utf8mb4_unicode_ci;

--
-- Déchargement des données de la table `team_name`
--

INSERT INTO `team_name` (`team_id`, `lang`, `name`) VALUES
(1, 'fr', 'sagesse'),
(1, 'en', 'mystic'),
(2, 'fr', 'bravoure'),
(2, 'en', 'valor'),
(3, 'fr', 'intuition'),
(3, 'en', 'instinct');

-- --------------------------------------------------------

--
-- Structure de la table `type`
--

CREATE TABLE `type` (
  `id` int(2) UNSIGNED NOT NULL,
  `img` varchar(20) COLLATE utf8mb4_unicode_ci DEFAULT NULL
) ENGINE=InnoDB DEFAULT CHARSET=utf8mb4 COLLATE=utf8mb4_unicode_ci;

--
-- Déchargement des données de la table `type`
--

INSERT INTO `type` (`id`, `img`) VALUES
(1, 'normal.png'),
(2, 'fighting.png'),
(3, 'flying.png'),
(4, 'poison.png'),
(5, 'ground.png'),
(6, 'rock.png'),
(7, 'bug.png'),
(8, 'ghost.png'),
(9, 'steel.png'),
(10, 'fire.png'),
(11, 'water.png'),
(12, 'grass.png'),
(13, 'electric.png'),
(14, 'psychic.png'),
(15, 'ice.png'),
(16, 'dragon.png'),
(17, 'dark.png'),
(18, 'fairy.png');

-- --------------------------------------------------------

--
-- Structure de la table `type_name`
--

CREATE TABLE `type_name` (
  `type_id` int(2) UNSIGNED DEFAULT NULL,
  `lang` varchar(3) COLLATE utf8mb4_unicode_ci DEFAULT NULL,
  `name` varchar(15) COLLATE utf8mb4_unicode_ci DEFAULT NULL
) ENGINE=InnoDB DEFAULT CHARSET=utf8mb4 COLLATE=utf8mb4_unicode_ci;

--
-- Déchargement des données de la table `type_name`
--

INSERT INTO `type_name` (`type_id`, `lang`, `name`) VALUES
(1, 'fr', 'normal'),
(1, 'en', 'normal'),
(2, 'fr', 'combat'),
(2, 'en', 'fighting'),
(3, 'fr', 'vol'),
(3, 'en', 'flying'),
(4, 'fr', 'poison'),
(4, 'en', 'poison'),
(5, 'fr', 'sol'),
(5, 'en', 'ground'),
(6, 'fr', 'roche'),
(6, 'en', 'rock'),
(7, 'fr', 'insecte'),
(7, 'en', 'bug'),
(8, 'fr', 'spectre'),
(8, 'en', 'ghost'),
(9, 'fr', 'metal'),
(9, 'en', 'steel'),
(10, 'fr', 'feu'),
(10, 'en', 'fire'),
(11, 'fr', 'eau'),
(11, 'en', 'water'),
(12, 'fr', 'plante'),
(12, 'en', 'grass'),
(13, 'fr', 'electrik'),
(13, 'en', 'electric'),
(14, 'fr', 'psy'),
(14, 'en', 'psychic'),
(15, 'fr', 'glace'),
(15, 'en', 'ice'),
(16, 'fr', 'dragon'),
(16, 'en', 'dragon'),
(17, 'fr', 'tenebres'),
(17, 'en', 'dark'),
(18, 'fr', 'fee'),
(18, 'en', 'fairy');

-- --------------------------------------------------------

--
-- Structure de la table `version`
--

CREATE TABLE `version` (
  `version` decimal(3,1) UNSIGNED NOT NULL
) ENGINE=InnoDB DEFAULT CHARSET=utf8mb4 COLLATE=utf8mb4_unicode_ci;

--
-- Déchargement des données de la table `version`
--

INSERT INTO `version` (`version`) VALUES
('2.1');

--
-- Index pour les tables déchargées
--

--
-- Index pour la table `fastmove`
--
ALTER TABLE `fastmove`
  ADD PRIMARY KEY (`id`);

--
-- Index pour la table `mainmove`
--
ALTER TABLE `mainmove`
  ADD PRIMARY KEY (`id`);

--
-- Index pour la table `pokeball`
--
ALTER TABLE `pokeball`
  ADD PRIMARY KEY (`id`);

--
-- Index pour la table `pokedex`
--
ALTER TABLE `pokedex`
  ADD PRIMARY KEY (`id`);

--
-- Index pour la table `pokemon`
--
ALTER TABLE `pokemon`
  ADD PRIMARY KEY (`id`),
  ADD KEY `idx_pokedex` (`pokedex`),
  ADD KEY `idx_order` (`order`);

--
-- Index pour la table `team`
--
ALTER TABLE `team`
  ADD PRIMARY KEY (`id`);

--
-- Index pour la table `type`
--
ALTER TABLE `type`
  ADD PRIMARY KEY (`id`);

--
-- Index pour la table `version`
--
ALTER TABLE `version`
  ADD PRIMARY KEY (`version`);
COMMIT;

/*!40101 SET CHARACTER_SET_CLIENT=@OLD_CHARACTER_SET_CLIENT */;
/*!40101 SET CHARACTER_SET_RESULTS=@OLD_CHARACTER_SET_RESULTS */;
/*!40101 SET COLLATION_CONNECTION=@OLD_COLLATION_CONNECTION */;
